# Blender v3.4.1 OBJ File: 'October2025_Monstrosity_Assets_Export.blend'
# www.blender.org
mtllib Monstrosity_BarndoorShield.mtl
o Monstrosity_BarndoorShield
v 0.244563 0.335479 0.015321
v 0.255835 0.350199 -0.002637
v -0.244563 0.335479 0.015321
v -0.255835 0.350199 -0.002637
v 0.223898 0.335479 -0.070763
v 0.241200 0.350199 -0.059886
v -0.223898 0.335479 -0.070763
v -0.241200 0.350199 -0.059887
v 0.244563 0.223929 0.015321
v 0.255835 0.209209 -0.002637
v -0.244563 0.223929 0.015321
v -0.255835 0.209209 -0.002637
v 0.223898 0.223929 -0.070763
v 0.241200 0.209210 -0.059886
v -0.241200 0.209209 -0.059887
v -0.223898 0.223929 -0.070763
v -0.276285 -0.608831 0.007179
v -0.257758 -0.623551 -0.003130
v -0.276285 0.589957 0.007179
v -0.257758 0.621812 -0.003130
v -0.252939 -0.608831 -0.078216
v -0.243013 -0.623551 -0.060352
v -0.252939 0.589957 -0.078216
v -0.243013 0.621812 -0.060352
v -0.386697 -0.608831 -0.029710
v -0.395305 -0.623551 -0.049086
v -0.386697 0.557002 -0.029710
v -0.395305 0.571721 -0.049086
v -0.354021 -0.608831 -0.111989
v -0.372692 -0.623551 -0.103678
v -0.372692 0.571721 -0.103678
v -0.354021 0.557002 -0.111989
v 0.386697 -0.608831 -0.029710
v 0.395305 -0.623551 -0.049086
v 0.386697 0.575456 -0.029710
v 0.395305 0.590176 -0.049086
v 0.354021 -0.608831 -0.111989
v 0.372692 -0.623551 -0.103678
v 0.354021 0.575456 -0.111989
v 0.372692 0.590176 -0.103678
v 0.276285 -0.608831 0.007179
v 0.257758 -0.623551 -0.003130
v 0.276285 0.566229 0.007179
v 0.257758 0.580949 -0.003130
v 0.252939 -0.608831 -0.078216
v 0.243013 -0.623551 -0.060352
v 0.243013 0.580949 -0.060352
v 0.252939 0.566229 -0.078216
v -0.163391 0.765528 -0.035967
v -0.170802 0.765528 0.007946
v -0.054692 0.760643 -0.023792
v -0.057169 0.760643 0.020672
v -0.163391 0.721422 -0.035967
v -0.170802 0.721422 0.007946
v -0.310577 0.699442 -0.072718
v -0.324669 0.699442 -0.030473
v 0.310573 0.710099 -0.072717
v 0.324673 0.710099 -0.030475
v 0.054687 0.739404 -0.023792
v 0.057174 0.739404 0.020672
v 0.163386 0.739404 -0.035966
v 0.170807 0.739404 0.007945
v -0.054692 0.715797 -0.023792
v -0.057169 0.715797 0.020672
v 0.244563 -0.402644 0.015321
v 0.255835 -0.397317 -0.002637
v -0.244563 0.165028 0.015321
v -0.255835 0.205699 -0.002637
v 0.223898 -0.402644 -0.070763
v 0.241200 -0.397317 -0.059886
v -0.223898 0.165028 -0.070763
v -0.241200 0.205699 -0.059886
v 0.244563 -0.582753 0.015321
v 0.255835 -0.623425 -0.002637
v -0.244563 -0.015082 0.015321
v -0.255835 -0.020409 -0.002637
v 0.223898 -0.582753 -0.070763
v 0.241200 -0.623425 -0.059886
v -0.241200 -0.020409 -0.059887
v -0.223898 -0.015082 -0.070763
v -0.223898 -0.402644 -0.070763
v -0.241200 -0.397317 -0.059887
v 0.223898 0.165028 -0.070763
v 0.241200 0.205699 -0.059886
v -0.244563 -0.402644 0.015321
v -0.255835 -0.397317 -0.002637
v 0.244563 0.165028 0.015321
v 0.255835 0.205699 -0.002637
v -0.223898 -0.582753 -0.070763
v -0.241200 -0.623425 -0.059887
v 0.223898 -0.015082 -0.070763
v 0.241200 -0.020409 -0.059886
v -0.244563 -0.582753 0.015321
v -0.255835 -0.623425 -0.002637
v 0.244563 -0.015082 0.015321
v 0.255835 -0.020409 -0.002637
v -0.089876 -0.231858 -0.048485
v -0.091254 -0.208858 -0.033830
v 0.018310 -0.095809 -0.044440
v 0.000000 -0.095809 -0.029545
v 0.020000 -0.095809 0.044074
v 0.000000 -0.095809 0.029545
v -0.098171 -0.231858 0.039655
v -0.096791 -0.208858 0.025001
v 0.096791 -0.208867 0.025001
v 0.098171 -0.185867 0.039655
v -0.020000 -0.321916 0.044074
v 0.000000 -0.321917 0.029545
v 0.089876 -0.185867 -0.048485
v 0.091254 -0.208867 -0.033830
v -0.018310 -0.321916 -0.044440
v 0.000000 -0.321917 -0.029545
v 0.324673 -0.659481 -0.030475
v 0.324673 0.659480 -0.030475
v -0.324669 -0.659481 -0.030473
v -0.324669 0.659480 -0.030473
v 0.170807 -0.659481 0.007945
v 0.057174 -0.659481 0.020672
v -0.057169 -0.659481 0.020672
v -0.170802 -0.659481 0.007946
v -0.170802 0.659480 0.007946
v -0.057169 0.659480 0.020672
v 0.057174 0.659480 0.020672
v 0.170807 0.659480 0.007945
v -0.163391 0.659480 -0.035967
v -0.054692 0.659480 -0.023792
v 0.054687 0.659480 -0.023792
v 0.163386 0.659480 -0.035966
v 0.163386 -0.659481 -0.035966
v 0.054687 -0.659481 -0.023792
v -0.054692 -0.659481 -0.023792
v -0.163391 -0.659481 -0.035967
v 0.310573 0.659480 -0.072717
v 0.310573 -0.659481 -0.072717
v -0.310577 0.659480 -0.072718
v -0.310577 -0.659481 -0.072718
v 0.057174 0.703447 0.020672
v 0.054687 0.703447 -0.023792
v 0.324673 -0.737549 -0.030475
v 0.310573 -0.737549 -0.072717
v 0.170807 -0.705485 0.007945
v 0.163386 -0.705485 -0.035966
v 0.057174 -0.719426 0.020672
v -0.057169 -0.745913 0.020672
v 0.054687 -0.719426 -0.023792
v -0.054692 -0.745913 -0.023792
v -0.324669 -0.729184 -0.030473
v -0.310577 -0.729184 -0.072718
v -0.170802 -0.773794 0.007946
v -0.163391 -0.773794 -0.035967
v 0.379185 0.420328 0.033412
v 0.379185 0.485618 0.033412
v 0.384742 0.420328 0.040057
v 0.384742 0.485618 0.040057
v 0.393721 0.420328 0.042089
v 0.393721 0.485618 0.042089
v 0.402639 0.420328 0.038687
v 0.402639 0.485618 0.038687
v 0.407984 0.420328 0.031191
v 0.407984 0.485618 0.031191
v 0.407703 0.420328 0.022533
v 0.407703 0.485618 0.022533
v 0.402002 0.420328 0.016021
v 0.402002 0.485618 0.016021
v 0.393130 0.420328 0.014075
v 0.393130 0.485618 0.014075
v 0.384422 0.420328 0.017396
v 0.384422 0.485618 0.017396
v 0.379101 0.420328 0.024757
v 0.379101 0.485618 0.024757
v 0.366006 0.423833 0.038137
v 0.376532 0.423833 0.050993
v 0.376532 0.482113 0.050993
v 0.366006 0.482113 0.038137
v 0.393842 0.423833 0.054966
v 0.393842 0.482113 0.054966
v 0.411126 0.423833 0.048372
v 0.411126 0.482113 0.048372
v 0.421392 0.423833 0.033880
v 0.421392 0.482113 0.033880
v 0.420681 0.423833 0.017281
v 0.420681 0.482113 0.017281
v 0.409625 0.423833 0.004913
v 0.409625 0.482113 0.004913
v 0.392709 0.423833 0.001255
v 0.392709 0.482113 0.001255
v 0.376199 0.423833 0.007553
v 0.376199 0.482113 0.007553
v 0.366017 0.423833 0.021548
v 0.366017 0.482113 0.021548
v 0.393482 0.432226 0.028071
v 0.393482 0.473720 0.028071
v 0.379185 0.290906 0.033412
v 0.379185 0.356196 0.033412
v 0.384742 0.290906 0.040057
v 0.384742 0.356196 0.040057
v 0.393721 0.290906 0.042089
v 0.393721 0.356196 0.042089
v 0.402639 0.290906 0.038687
v 0.402639 0.356196 0.038687
v 0.407984 0.290906 0.031191
v 0.407984 0.356196 0.031191
v 0.407703 0.290906 0.022533
v 0.407703 0.356196 0.022533
v 0.402002 0.290906 0.016021
v 0.402002 0.356196 0.016021
v 0.393130 0.290906 0.014075
v 0.393130 0.356196 0.014075
v 0.384422 0.290906 0.017396
v 0.384422 0.356196 0.017396
v 0.379101 0.290906 0.024757
v 0.379101 0.356196 0.024757
v 0.366006 0.294411 0.038137
v 0.376532 0.294411 0.050993
v 0.376532 0.352692 0.050993
v 0.366006 0.352692 0.038137
v 0.393842 0.294411 0.054966
v 0.393842 0.352692 0.054966
v 0.411126 0.294411 0.048372
v 0.411126 0.352692 0.048372
v 0.421392 0.294411 0.033880
v 0.421392 0.352692 0.033880
v 0.420681 0.294411 0.017281
v 0.420681 0.352692 0.017281
v 0.409625 0.294411 0.004913
v 0.409625 0.352692 0.004913
v 0.392709 0.294411 0.001255
v 0.392709 0.352692 0.001255
v 0.376199 0.294411 0.007553
v 0.376199 0.352692 0.007553
v 0.366017 0.294411 0.021548
v 0.366017 0.352692 0.021548
v 0.393482 0.302805 0.028071
v 0.393482 0.344298 0.028071
v 0.301499 0.475966 -0.000571
v 0.285842 0.460335 0.004004
v 0.285842 0.316189 0.004004
v 0.301499 0.300559 -0.000571
v 0.294821 0.460335 0.035652
v 0.310971 0.475966 0.030934
v 0.310971 0.300559 0.030934
v 0.294821 0.316189 0.035652
v 0.391009 0.460335 -0.046483
v 0.380949 0.475966 -0.027978
v 0.380949 0.300559 -0.027978
v 0.391009 0.316189 -0.046483
v 0.392916 0.475966 0.002665
v 0.408540 0.460335 -0.003577
v 0.408540 0.316189 -0.003577
v 0.392916 0.300559 0.002665
v 0.322117 0.334795 0.040786
v 0.333794 0.326153 0.051720
v 0.321690 0.320479 0.039400
v 0.336610 0.320479 0.034680
v 0.337058 0.334795 0.036060
v 0.310138 0.317581 0.055170
v 0.310642 0.335272 0.056891
v 0.323007 0.305071 0.049989
v 0.341623 0.305071 0.044100
v 0.355131 0.317581 0.040937
v 0.355708 0.335272 0.042634
v 0.342965 0.347782 0.048215
v 0.324275 0.347782 0.054127
v 0.307903 0.336259 0.047543
v 0.307399 0.318568 0.045822
v 0.320151 0.306058 0.040676
v 0.338603 0.306058 0.034839
v 0.351995 0.318568 0.031715
v 0.352572 0.336259 0.033412
v 0.339945 0.348769 0.038954
v 0.321420 0.348769 0.044814
v 0.314114 0.327760 0.002500
v 0.321585 0.327760 0.000137
v 0.321815 0.335183 0.000853
v 0.314338 0.335183 0.003218
v 0.329420 0.446502 0.037892
v 0.306308 0.437611 0.042100
v 0.306308 0.455394 0.042100
v 0.319385 0.425037 0.038179
v 0.337793 0.425037 0.032356
v 0.350746 0.437611 0.028042
v 0.350746 0.455394 0.028042
v 0.337793 0.467968 0.032356
v 0.319385 0.467968 0.038179
v 0.303556 0.455394 0.032704
v 0.303556 0.437611 0.032704
v 0.316515 0.425037 0.028819
v 0.334758 0.425037 0.023048
v 0.347594 0.437611 0.018772
v 0.347594 0.455394 0.018772
v 0.334758 0.467968 0.023048
v 0.316515 0.467968 0.028819
v 0.379185 -0.356202 0.033412
v 0.379185 -0.290912 0.033412
v 0.384742 -0.356202 0.040057
v 0.384742 -0.290912 0.040057
v 0.393721 -0.356202 0.042089
v 0.393721 -0.290912 0.042089
v 0.402639 -0.356202 0.038687
v 0.402639 -0.290912 0.038687
v 0.407984 -0.356202 0.031191
v 0.407984 -0.290912 0.031191
v 0.407703 -0.356202 0.022533
v 0.407703 -0.290912 0.022533
v 0.402002 -0.356202 0.016021
v 0.402002 -0.290912 0.016021
v 0.393130 -0.356202 0.014075
v 0.393130 -0.290912 0.014075
v 0.384422 -0.356202 0.017396
v 0.384422 -0.290912 0.017396
v 0.379101 -0.356202 0.024757
v 0.379101 -0.290912 0.024757
v 0.366006 -0.352698 0.038137
v 0.376532 -0.352698 0.050993
v 0.376532 -0.294417 0.050993
v 0.366006 -0.294417 0.038137
v 0.393842 -0.352698 0.054966
v 0.393842 -0.294417 0.054966
v 0.411126 -0.352698 0.048372
v 0.411126 -0.294417 0.048372
v 0.421392 -0.352698 0.033880
v 0.421392 -0.294417 0.033880
v 0.420681 -0.352698 0.017281
v 0.420681 -0.294417 0.017281
v 0.409625 -0.352698 0.004913
v 0.409625 -0.294417 0.004913
v 0.392709 -0.352698 0.001255
v 0.392709 -0.294417 0.001255
v 0.376199 -0.352698 0.007553
v 0.376199 -0.294417 0.007553
v 0.366017 -0.352698 0.021548
v 0.366017 -0.294417 0.021548
v 0.393482 -0.344304 0.028071
v 0.393482 -0.302811 0.028071
v 0.379185 -0.485624 0.033412
v 0.379185 -0.420334 0.033412
v 0.384742 -0.485624 0.040057
v 0.384742 -0.420334 0.040057
v 0.393721 -0.485624 0.042089
v 0.393721 -0.420334 0.042089
v 0.402639 -0.485624 0.038687
v 0.402639 -0.420334 0.038687
v 0.407984 -0.485624 0.031191
v 0.407984 -0.420334 0.031191
v 0.407703 -0.485624 0.022533
v 0.407703 -0.420334 0.022533
v 0.402002 -0.485624 0.016021
v 0.402002 -0.420334 0.016021
v 0.393130 -0.485624 0.014075
v 0.393130 -0.420334 0.014075
v 0.384422 -0.485624 0.017396
v 0.384422 -0.420334 0.017396
v 0.379101 -0.485624 0.024757
v 0.379101 -0.420334 0.024757
v 0.366006 -0.482119 0.038137
v 0.376532 -0.482119 0.050993
v 0.376532 -0.423839 0.050993
v 0.366006 -0.423839 0.038137
v 0.393842 -0.482119 0.054966
v 0.393842 -0.423839 0.054966
v 0.411126 -0.482119 0.048372
v 0.411126 -0.423839 0.048372
v 0.421392 -0.482119 0.033880
v 0.421392 -0.423839 0.033880
v 0.420681 -0.482119 0.017281
v 0.420681 -0.423839 0.017281
v 0.409625 -0.482119 0.004913
v 0.409625 -0.423839 0.004913
v 0.392709 -0.482119 0.001255
v 0.392709 -0.423839 0.001255
v 0.376199 -0.482119 0.007553
v 0.376199 -0.423839 0.007553
v 0.366017 -0.482119 0.021548
v 0.366017 -0.423839 0.021548
v 0.393482 -0.473726 0.028071
v 0.393482 -0.432232 0.028071
v 0.301499 -0.300564 -0.000571
v 0.285842 -0.316195 0.004004
v 0.285842 -0.460341 0.004004
v 0.301499 -0.475972 -0.000571
v 0.294821 -0.316195 0.035652
v 0.310971 -0.300564 0.030934
v 0.310971 -0.475972 0.030934
v 0.294821 -0.460341 0.035652
v 0.391009 -0.316195 -0.046483
v 0.380949 -0.300564 -0.027978
v 0.380949 -0.475972 -0.027978
v 0.391009 -0.460341 -0.046483
v 0.392916 -0.300564 0.002665
v 0.408540 -0.316195 -0.003577
v 0.408540 -0.460341 -0.003577
v 0.392916 -0.475972 0.002665
v 0.318750 -0.442066 0.041347
v 0.328642 -0.450897 0.053597
v 0.318497 -0.456361 0.039718
v 0.333868 -0.456361 0.036869
v 0.334145 -0.442066 0.038494
v 0.304869 -0.459420 0.053961
v 0.305148 -0.441754 0.055979
v 0.318241 -0.471912 0.050235
v 0.337413 -0.471912 0.046686
v 0.351211 -0.459420 0.045384
v 0.351574 -0.441754 0.047389
v 0.338230 -0.429263 0.051537
v 0.318974 -0.429263 0.055099
v 0.303805 -0.440635 0.046329
v 0.303521 -0.458300 0.044312
v 0.316771 -0.470792 0.040604
v 0.335777 -0.470792 0.037082
v 0.349461 -0.458300 0.035799
v 0.349829 -0.440635 0.037802
v 0.336605 -0.428143 0.041929
v 0.317516 -0.428143 0.045465
v 0.316137 -0.448570 0.002118
v 0.323840 -0.448570 0.000685
v 0.323988 -0.441158 0.001526
v 0.316279 -0.441158 0.002960
v 0.329587 -0.330028 0.038420
v 0.306464 -0.338919 0.042631
v 0.306464 -0.321137 0.042631
v 0.319548 -0.351493 0.038709
v 0.337965 -0.351493 0.032882
v 0.350924 -0.338919 0.028566
v 0.350924 -0.321137 0.028566
v 0.337965 -0.308563 0.032882
v 0.319548 -0.308563 0.038709
v 0.303711 -0.321137 0.033235
v 0.303711 -0.338919 0.033235
v 0.316678 -0.351493 0.029348
v 0.334929 -0.351493 0.023574
v 0.347772 -0.338919 0.019297
v 0.347772 -0.321137 0.019297
v 0.334929 -0.308563 0.023574
v 0.316678 -0.308563 0.029348
v -0.019313 0.109063 -0.065673
v -0.019313 0.150353 -0.065673
v -0.030662 0.076488 -0.006023
v -0.053190 0.099041 -0.007041
v -0.053190 0.160375 -0.007041
v -0.030662 0.182928 -0.006023
v 0.019313 0.109063 -0.065673
v 0.019313 0.150353 -0.065673
v 0.053191 0.099041 -0.007041
v 0.030662 0.076488 -0.006023
v 0.030662 0.182928 -0.006023
v 0.053191 0.160375 -0.007041
v -0.028685 0.076488 -0.065932
v -0.049761 0.099041 -0.066883
v -0.049761 0.160375 -0.066883
v -0.028685 0.182928 -0.065932
v 0.049761 0.099041 -0.066883
v 0.028685 0.076488 -0.065932
v 0.028685 0.182928 -0.065932
v 0.049761 0.160375 -0.066883
v 0.014064 0.107991 -0.149809
v 0.015270 0.135511 -0.129410
v -0.015270 0.135511 -0.129410
v -0.014064 0.107991 -0.149809
v -0.018560 0.104681 -0.099542
v -0.018069 0.079046 -0.121676
v 0.018069 0.079046 -0.121676
v 0.018561 0.104681 -0.099542
v -0.019313 -0.109063 -0.065673
v -0.019313 -0.150353 -0.065673
v -0.030662 -0.076488 -0.006023
v -0.053190 -0.099041 -0.007041
v -0.053190 -0.160375 -0.007041
v -0.030662 -0.182928 -0.006023
v 0.019313 -0.109063 -0.065673
v 0.019313 -0.150353 -0.065673
v 0.053191 -0.099041 -0.007041
v 0.030662 -0.076488 -0.006023
v 0.030662 -0.182928 -0.006023
v 0.053191 -0.160375 -0.007041
v -0.028685 -0.076488 -0.065932
v -0.049761 -0.099041 -0.066883
v -0.049761 -0.160375 -0.066883
v -0.028685 -0.182928 -0.065932
v 0.049761 -0.099041 -0.066883
v 0.028685 -0.076488 -0.065932
v 0.028685 -0.182928 -0.065932
v 0.049761 -0.160375 -0.066883
v 0.014064 -0.107991 -0.149809
v 0.015270 -0.135511 -0.129410
v -0.015270 -0.135511 -0.129410
v -0.014064 -0.107991 -0.149809
v -0.018560 -0.104681 -0.099542
v -0.018069 -0.079047 -0.121676
v 0.018069 -0.079047 -0.121676
v 0.018561 -0.104681 -0.099542
v -0.174922 0.439136 0.031539
v -0.174268 0.431346 0.051392
v -0.178481 0.422374 0.032393
v -0.161845 0.419472 0.038376
v -0.158290 0.436234 0.037465
v -0.200374 0.424942 0.039555
v -0.195914 0.445657 0.038590
v -0.188949 0.407759 0.045818
v -0.168121 0.404172 0.053379
v -0.150104 0.416284 0.057654
v -0.145660 0.436999 0.056477
v -0.157378 0.454182 0.050687
v -0.178191 0.457768 0.043340
v -0.191778 0.444298 0.027761
v -0.196191 0.423583 0.028742
v -0.184885 0.406400 0.034959
v -0.164271 0.402814 0.042440
v -0.146441 0.414925 0.046651
v -0.142043 0.435640 0.045459
v -0.153641 0.452823 0.039711
v -0.174239 0.456409 0.032441
v -0.158720 0.420433 -0.008801
v -0.150445 0.418928 -0.005830
v -0.148678 0.427620 -0.006320
v -0.156951 0.429124 -0.009277
v 0.084501 -0.489488 0.054182
v 0.096440 -0.502779 0.066356
v 0.080602 -0.506014 0.051640
v 0.097391 -0.508734 0.045907
v 0.101316 -0.492207 0.048386
v 0.067451 -0.508259 0.070158
v 0.072304 -0.487836 0.073357
v 0.079012 -0.525077 0.063117
v 0.099979 -0.528437 0.056021
v 0.118135 -0.516372 0.052867
v 0.123083 -0.495948 0.055832
v 0.111861 -0.479131 0.063346
v 0.090798 -0.475770 0.070675
v 0.068888 -0.485395 0.062442
v 0.064091 -0.505819 0.059228
v 0.075545 -0.522636 0.052224
v 0.096307 -0.525997 0.045200
v 0.114279 -0.513932 0.042110
v 0.119172 -0.493508 0.045093
v 0.108055 -0.476691 0.052565
v 0.087197 -0.473330 0.059821
v 0.072254 -0.493212 0.008613
v 0.080628 -0.494622 0.005744
v 0.082569 -0.486053 0.007064
v 0.074189 -0.484643 0.009948
v -0.142479 -0.039881 0.054154
v -0.143538 -0.047189 0.074140
v -0.145969 -0.056660 0.055132
v -0.129579 -0.059214 0.062511
v -0.126089 -0.042435 0.061479
v -0.168833 -0.054181 0.060400
v -0.164465 -0.033445 0.059283
v -0.157634 -0.071075 0.067992
v -0.137150 -0.074232 0.077297
v -0.119383 -0.061801 0.082718
v -0.115014 -0.041066 0.081399
v -0.126601 -0.024172 0.074257
v -0.147086 -0.021015 0.065153
v -0.159286 -0.035014 0.048888
v -0.163608 -0.055750 0.050027
v -0.152507 -0.072644 0.057562
v -0.132210 -0.075801 0.066770
v -0.114610 -0.063370 0.072111
v -0.110288 -0.042635 0.070774
v -0.121773 -0.025741 0.063683
v -0.142071 -0.022584 0.054675
v -0.122415 -0.059330 0.015775
v -0.114223 -0.060654 0.019444
v -0.112489 -0.051954 0.018885
v -0.120681 -0.050630 0.015230
v 0.074898 0.209209 -0.032430
v 0.079970 0.223929 -0.047604
v 0.087351 0.223929 0.040617
v 0.079443 0.209209 0.026486
v 0.095169 0.335479 0.039933
v 0.161754 0.335479 0.031703
v 0.129778 0.316141 0.036196
v 0.100520 0.350199 0.024643
v 0.166086 0.350199 0.016106
v 0.134932 0.331427 0.020695
v 0.148086 0.335479 -0.055765
v 0.087128 0.335479 -0.048230
v 0.118812 0.316141 -0.051652
v 0.156585 0.350199 -0.042216
v 0.094770 0.350199 -0.034167
v 0.127213 0.331427 -0.037889
v -0.276285 -0.245145 0.007179
v -0.257758 -0.245734 -0.003130
v -0.252939 -0.245145 -0.078216
v -0.243013 -0.245734 -0.060352
v 0.243013 0.101942 -0.060352
v 0.252939 0.098930 -0.078216
v 0.276285 0.098930 0.007179
v 0.257758 0.101942 -0.003130
v -0.372692 -0.212756 -0.103678
v -0.372692 -0.284095 -0.103678
v -0.353245 -0.258897 -0.095867
v -0.354021 -0.206956 -0.111989
v -0.354021 -0.278319 -0.111989
v -0.334342 -0.253116 -0.104423
v -0.386697 -0.278319 -0.029710
v -0.386697 -0.206956 -0.029710
v -0.365201 -0.253116 -0.021446
v -0.395305 -0.284095 -0.049086
v -0.395305 -0.212756 -0.049086
v -0.374678 -0.258897 -0.040801
v 0.386697 0.127257 -0.029710
v 0.386697 0.048080 -0.029710
v 0.365639 0.103536 -0.021609
v 0.395305 0.130266 -0.049086
v 0.395305 0.051095 -0.049086
v 0.375597 0.106722 -0.041159
v 0.354021 0.048080 -0.111989
v 0.354021 0.127257 -0.111988
v 0.334743 0.103536 -0.104572
v 0.372692 0.051095 -0.103678
v 0.372692 0.130266 -0.103678
v 0.354111 0.106722 -0.096205
v -0.021951 0.223929 -0.044516
v -0.123623 0.223929 -0.052265
v -0.033155 0.209209 0.029013
v -0.145359 0.209209 0.019267
v -0.137044 0.209209 -0.039236
v -0.031259 0.209209 -0.030047
v -0.135033 0.223929 0.035526
v -0.023977 0.223929 0.043990
v -0.018745 0.335479 0.044097
v -0.132438 0.335479 0.035860
v -0.138373 0.350199 0.020235
v -0.019055 0.350199 0.029369
v -0.130458 0.350199 -0.038323
v -0.017965 0.350199 -0.029711
v -0.017161 0.335479 -0.044418
v -0.121247 0.335479 -0.051959
v 0.123135 -0.260726 0.037004
v 0.000000 -0.118808 0.044265
v -0.123135 0.023110 0.037004
v -0.128926 0.054945 0.021468
v 0.000000 -0.095809 0.029545
v 0.128926 -0.246563 0.021468
v -0.112730 0.023110 -0.050912
v 0.000000 -0.118808 -0.044265
v 0.112730 -0.260726 -0.050912
v 0.121551 -0.246563 -0.037160
v 0.000000 -0.095809 -0.029545
v -0.121551 0.054945 -0.037160
v -0.121551 -0.171163 -0.037160
v 0.000000 -0.321917 -0.029545
v 0.121551 -0.472671 -0.037160
v 0.112730 -0.440835 -0.050912
v 0.000000 -0.298917 -0.044265
v -0.112730 -0.157000 -0.050912
v -0.123135 -0.157000 0.037004
v 0.000000 -0.298917 0.044265
v 0.123135 -0.440835 0.037004
v 0.128926 -0.472671 0.021468
v 0.000000 -0.321917 0.029545
v -0.128926 -0.171163 0.021468
v -0.171798 -0.317251 0.030083
v -0.176854 -0.303087 0.014293
v -0.128926 -0.472671 0.021468
v -0.133061 -0.452335 0.035781
v -0.121817 -0.452335 -0.052032
v -0.121551 -0.472671 -0.037160
v -0.157282 -0.317251 -0.057248
v -0.166737 -0.303087 -0.043925
v 0.121817 0.034609 -0.052032
v 0.121551 0.054945 -0.037160
v 0.133061 0.034609 0.035781
v 0.128926 0.054945 0.021468
v 0.176854 -0.114638 0.014293
v 0.171798 -0.100474 0.030083
v 0.157282 -0.100474 -0.057248
v 0.166737 -0.114638 -0.043925
v -0.318504 0.109063 0.017547
v -0.318504 0.150353 0.017547
v -0.287440 0.076488 -0.034625
v -0.266617 0.099041 -0.025965
v -0.266617 0.160375 -0.025965
v -0.287440 0.182928 -0.034625
v -0.354800 0.109063 0.004337
v -0.354800 0.150353 0.004337
v -0.366584 0.099041 -0.062346
v -0.345065 0.076488 -0.055597
v -0.345065 0.182928 -0.055597
v -0.366584 0.160375 -0.062346
v -0.309785 0.076488 0.020995
v -0.290305 0.099041 0.029097
v -0.290305 0.160375 0.029097
v -0.309785 0.182928 0.020995
v -0.383827 0.099041 -0.004939
v -0.363696 0.076488 0.001375
v -0.363696 0.182928 0.001375
v -0.383827 0.160375 -0.004939
v -0.378642 0.107991 0.085195
v -0.372799 0.135511 0.065614
v -0.344100 0.135511 0.076058
v -0.352210 0.107991 0.094815
v -0.330794 0.104681 0.049116
v -0.338825 0.079046 0.069747
v -0.372784 0.079046 0.057389
v -0.365676 0.104681 0.036421
v -0.318504 -0.109063 0.017547
v -0.318504 -0.150353 0.017547
v -0.287440 -0.076488 -0.034625
v -0.266617 -0.099041 -0.025965
v -0.266617 -0.160375 -0.025965
v -0.287440 -0.182928 -0.034625
v -0.354800 -0.109063 0.004337
v -0.354800 -0.150353 0.004337
v -0.366584 -0.099041 -0.062346
v -0.345065 -0.076488 -0.055597
v -0.345065 -0.182928 -0.055597
v -0.366584 -0.160375 -0.062346
v -0.309785 -0.076488 0.020995
v -0.290305 -0.099041 0.029097
v -0.290305 -0.160375 0.029097
v -0.309785 -0.182928 0.020995
v -0.383827 -0.099041 -0.004939
v -0.363696 -0.076488 0.001375
v -0.363696 -0.182928 0.001375
v -0.383827 -0.160375 -0.004939
v -0.378642 -0.107991 0.085195
v -0.372799 -0.135511 0.065614
v -0.344100 -0.135511 0.076058
v -0.352210 -0.107991 0.094815
v -0.330794 -0.104681 0.049116
v -0.338825 -0.079047 0.069747
v -0.372784 -0.079047 0.057389
v -0.365676 -0.104681 0.036421
vt 0.930858 0.710029
vt 0.930858 0.710029
vt 0.933489 0.638092
vt 0.933489 0.638092
vt 0.977733 0.735463
vt 0.980364 0.735463
vt 0.977733 0.735463
vt 0.980364 0.735463
vt 0.925596 0.710029
vt 0.925596 0.710029
vt 0.928227 0.638092
vt 0.928227 0.638092
vt 0.930858 0.638092
vt 0.930858 0.638092
vt 0.933489 0.710029
vt 0.933489 0.710029
vt 0.938751 0.638092
vt 0.938751 0.638092
vt 0.925596 0.710029
vt 0.925596 0.710029
vt 0.936120 0.710029
vt 0.936120 0.710029
vt 0.925596 0.628328
vt 0.938751 0.556391
vt 0.938751 0.638092
vt 0.930858 0.638092
vt 0.930858 0.638092
vt 0.933489 0.710029
vt 0.933489 0.710029
vt 0.938751 0.556391
vt 0.925596 0.628328
vt 0.928227 0.638092
vt 0.928227 0.638092
vt 0.930858 0.710029
vt 0.930858 0.710029
vt 0.933489 0.638092
vt 0.933489 0.638092
vt 0.982995 0.735463
vt 0.975102 0.735463
vt 0.972471 0.735463
vt 0.985626 0.735463
vt 0.933489 0.710029
vt 0.930858 0.638092
vt 0.933489 0.710029
vt 0.930858 0.638092
vt 0.928227 0.556391
vt 0.936120 0.628328
vt 0.936120 0.710029
vt 0.936120 0.556391
vt 0.933489 0.628328
vt 0.936120 0.638092
vt 0.933489 0.556391
vt 0.930858 0.628328
vt 0.930858 0.556391
vt 0.928227 0.628328
vt 0.928227 0.710029
vt 0.933489 0.556391
vt 0.930858 0.628328
vt 0.930858 0.556391
vt 0.928227 0.628328
vt 0.928227 0.710029
vt 0.928227 0.556391
vt 0.936120 0.628328
vt 0.936120 0.556391
vt 0.933489 0.628328
vt 0.936120 0.638092
vt 0.928227 0.710029
vt 0.936120 0.638092
vt 0.972471 0.735463
vt 0.985626 0.735463
vt 0.982995 0.735463
vt 0.975102 0.735463
vt 0.938751 0.638092
vt 0.928227 0.710029
vt 0.936120 0.638092
vt 0.936120 0.710029
vt 0.977733 0.735463
vt 0.975102 0.735463
vt 0.982995 0.735463
vt 0.980364 0.735463
vt 0.936120 0.638092
vt 0.928227 0.710029
vt 0.982995 0.735463
vt 0.980364 0.735463
vt 0.977733 0.735463
vt 0.975102 0.735463
vt 0.938751 0.556391
vt 0.936120 0.628328
vt 0.982995 0.735463
vt 0.975102 0.735463
vt 0.977733 0.735463
vt 0.980364 0.735463
vt 0.933489 0.556391
vt 0.930858 0.628328
vt 0.977733 0.735463
vt 0.980364 0.735463
vt 0.982995 0.735463
vt 0.975102 0.735463
vt 0.928227 0.556391
vt 0.925596 0.628328
vt 0.985626 0.735463
vt 0.972471 0.735463
vt 0.975102 0.735463
vt 0.982995 0.735463
vt 0.938751 0.556391
vt 0.936120 0.628328
vt 0.936120 0.556391
vt 0.928227 0.628328
vt 0.980364 0.735463
vt 0.977733 0.735463
vt 0.980364 0.735463
vt 0.977733 0.735463
vt 0.930858 0.556391
vt 0.933489 0.628328
vt 0.933489 0.556391
vt 0.930858 0.628328
vt 0.972471 0.735463
vt 0.975102 0.735463
vt 0.982995 0.735463
vt 0.985626 0.735463
vt 0.928227 0.556391
vt 0.925596 0.628328
vt 0.966282 0.335960
vt 0.966282 0.335960
vt 0.976481 0.335960
vt 0.976481 0.335960
vt 0.987559 0.328793
vt 0.987559 0.328793
vt 0.991815 0.328793
vt 0.991815 0.328793
vt 0.976288 0.484473
vt 0.976288 0.484473
vt 0.983455 0.484473
vt 0.983455 0.484473
vt 0.991815 0.335960
vt 0.991815 0.335960
vt 0.983541 0.335212
vt 0.983792 0.335960
vt 0.979781 0.335960
vt 0.979778 0.335212
vt 0.982706 0.412342
vt 0.983455 0.413090
vt 0.983455 0.359077
vt 0.982706 0.359381
vt 0.983455 0.413090
vt 0.982706 0.412342
vt 0.982706 0.359381
vt 0.983455 0.359077
vt 0.959017 0.286460
vt 0.959017 0.286460
vt 0.966184 0.286460
vt 0.966184 0.286460
vt 0.976288 0.484473
vt 0.976288 0.484473
vt 0.983455 0.484473
vt 0.983455 0.484473
vt 0.959017 0.333002
vt 0.959017 0.333002
vt 0.966184 0.334498
vt 0.966184 0.334498
vt 0.966184 0.366215
vt 0.966184 0.366215
vt 0.959017 0.437598
vt 0.959017 0.437598
vt 0.966184 0.437598
vt 0.966184 0.437598
vt 0.966282 0.297961
vt 0.966282 0.297961
vt 0.966282 0.286467
vt 0.966282 0.286467
vt 0.915566 0.382087
vt 0.916548 0.376417
vt 0.916548 0.381075
vt 0.918810 0.357052
vt 0.918810 0.366208
vt 0.921071 0.373422
vt 0.921071 0.364267
vt 0.985431 0.309457
vt 0.985431 0.309457
vt 0.991815 0.317121
vt 0.991815 0.317121
vt 0.972200 0.349626
vt 0.976190 0.344836
vt 0.976190 0.344836
vt 0.972200 0.349626
vt 0.991815 0.328615
vt 0.991815 0.328615
vt 0.918810 0.366208
vt 0.918810 0.357052
vt 0.921071 0.364267
vt 0.921071 0.373422
vt 0.985431 0.320951
vt 0.985431 0.320951
vt 0.904086 0.395781
vt 0.903368 0.388914
vt 0.901290 0.395544
vt 0.902725 0.400122
vt 0.897761 0.406801
vt 0.898479 0.413668
vt 0.896401 0.420297
vt 0.896401 0.411142
vt 0.903368 0.388914
vt 0.904086 0.395781
vt 0.902725 0.400122
vt 0.901290 0.395544
vt 0.968210 0.354416
vt 0.968210 0.354416
vt 0.963423 0.348669
vt 0.963423 0.348669
vt 0.969806 0.341005
vt 0.969806 0.341005
vt 0.976190 0.333342
vt 0.976190 0.333342
vt 0.950657 0.375490
vt 0.950657 0.375490
vt 0.950657 0.363996
vt 0.950657 0.363996
vt 0.909291 0.379716
vt 0.911425 0.381220
vt 0.909723 0.381220
vt 0.898479 0.413668
vt 0.897761 0.406801
vt 0.896401 0.411142
vt 0.896401 0.420297
vt 0.976287 0.357531
vt 0.976287 0.357531
vt 0.976288 0.413090
vt 0.976288 0.413090
vt 0.954647 0.359206
vt 0.954647 0.359206
vt 0.957040 0.367826
vt 0.963423 0.360163
vt 0.963423 0.360163
vt 0.957040 0.367826
vt 0.958637 0.354416
vt 0.958637 0.354416
vt 0.959765 0.365467
vt 0.959017 0.366215
vt 0.959017 0.335994
vt 0.959765 0.335850
vt 0.906047 0.404701
vt 0.908181 0.403145
vt 0.907750 0.404701
vt 0.916548 0.376417
vt 0.915566 0.382087
vt 0.916548 0.381075
vt 0.919655 0.382087
vt 0.919564 0.376416
vt 0.921071 0.376417
vt 0.921071 0.382087
vt 0.966282 0.328793
vt 0.967031 0.329542
vt 0.967031 0.335212
vt 0.991066 0.335212
vt 0.991066 0.329542
vt 0.979048 0.328793
vt 0.979048 0.329542
vt 0.979048 0.329542
vt 0.979048 0.328793
vt 0.966282 0.328793
vt 0.967031 0.329542
vt 0.967031 0.335212
vt 0.991066 0.329542
vt 0.991066 0.335212
vt 0.977036 0.357826
vt 0.977036 0.412342
vt 0.977036 0.357825
vt 0.976288 0.333335
vt 0.977036 0.334084
vt 0.983455 0.333335
vt 0.982706 0.334084
vt 0.977036 0.412342
vt 0.908181 0.406256
vt 0.906047 0.404701
vt 0.906047 0.459217
vt 0.908181 0.459217
vt 0.976288 0.333335
vt 0.977036 0.334084
vt 0.982706 0.334084
vt 0.983455 0.333335
vt 0.911425 0.381220
vt 0.909291 0.379716
vt 0.909723 0.381220
vt 0.909291 0.382725
vt 0.911425 0.412342
vt 0.909291 0.412342
vt 0.965436 0.287209
vt 0.959765 0.287209
vt 0.965436 0.365467
vt 0.965436 0.334345
vt 0.965436 0.334345
vt 0.965436 0.287209
vt 0.959765 0.287209
vt 0.965436 0.365467
vt 0.959765 0.365467
vt 0.959017 0.366215
vt 0.985057 0.319333
vt 0.991066 0.326547
vt 0.973040 0.304904
vt 0.972665 0.305624
vt 0.967031 0.297690
vt 0.967031 0.288534
vt 0.991066 0.326547
vt 0.991066 0.317392
vt 0.972665 0.294130
vt 0.973040 0.295749
vt 0.973040 0.295749
vt 0.972665 0.294130
vt 0.967031 0.288534
vt 0.967031 0.297690
vt 0.991066 0.317392
vt 0.975441 0.335409
vt 0.975441 0.344565
vt 0.951406 0.373422
vt 0.951406 0.364267
vt 0.975441 0.344565
vt 0.975441 0.335409
vt 0.951406 0.364267
vt 0.951406 0.373422
vt 0.956928 0.366793
vt 0.971826 0.348906
vt 0.969919 0.342039
vt 0.969919 0.342039
vt 0.971826 0.348906
vt 0.968210 0.353247
vt 0.956928 0.366793
vt 0.962450 0.360163
vt 0.955021 0.359926
vt 0.958637 0.355585
vt 0.955021 0.359926
vt 0.958637 0.355585
vt 0.968210 0.353247
vt 0.964397 0.348669
vt 0.964397 0.348669
vt 0.962450 0.360163
vt 0.425489 0.584553
vt 0.425489 0.584553
vt 0.459741 0.584553
vt 0.459741 0.584553
vt 0.418843 0.652490
vt 0.425489 0.659137
vt 0.459741 0.659137
vt 0.466387 0.652490
vt 0.418843 0.591199
vt 0.418843 0.591199
vt 0.418843 0.652490
vt 0.466387 0.591199
vt 0.459741 0.659137
vt 0.425489 0.659137
vt 0.461417 0.595937
vt 0.456646 0.595937
vt 0.456646 0.657271
vt 0.461417 0.657271
vt 0.444153 0.595937
vt 0.444153 0.657271
vt 0.428712 0.595937
vt 0.428712 0.657271
vt 0.416219 0.595937
vt 0.416219 0.657271
vt 0.411447 0.595937
vt 0.411447 0.657271
vt 0.416219 0.595937
vt 0.416219 0.657271
vt 0.428712 0.595937
vt 0.428712 0.657271
vt 0.444153 0.595937
vt 0.444153 0.657271
vt 0.446975 0.525980
vt 0.446975 0.525980
vt 0.440459 0.525980
vt 0.456646 0.595937
vt 0.456646 0.657271
vt 0.423401 0.580439
vt 0.423401 0.580439
vt 0.425890 0.580439
vt 0.446975 0.564687
vt 0.456646 0.564687
vt 0.461417 0.564687
vt 0.449463 0.564687
vt 0.449463 0.688521
vt 0.461417 0.688521
vt 0.456646 0.688521
vt 0.446975 0.688521
vt 0.440459 0.564687
vt 0.444153 0.564687
vt 0.444153 0.688521
vt 0.440459 0.688521
vt 0.432406 0.564687
vt 0.428712 0.564687
vt 0.428712 0.688521
vt 0.432405 0.688521
vt 0.425890 0.564687
vt 0.416219 0.564687
vt 0.416219 0.688521
vt 0.425890 0.688521
vt 0.423401 0.564687
vt 0.411447 0.564687
vt 0.411447 0.688521
vt 0.423401 0.688521
vt 0.425890 0.564687
vt 0.416219 0.564687
vt 0.416219 0.688521
vt 0.425890 0.688521
vt 0.432405 0.564687
vt 0.428712 0.564687
vt 0.428712 0.688521
vt 0.432406 0.688521
vt 0.440459 0.564687
vt 0.444153 0.564687
vt 0.444153 0.688521
vt 0.440459 0.688521
vt 0.446975 0.564687
vt 0.456646 0.564687
vt 0.456646 0.688521
vt 0.446975 0.688521
vt 0.446975 0.580439
vt 0.446975 0.580439
vt 0.440459 0.580439
vt 0.423401 0.525980
vt 0.423401 0.525980
vt 0.425890 0.525980
vt 0.440459 0.580439
vt 0.440459 0.580439
vt 0.446975 0.580439
vt 0.446975 0.525980
vt 0.449463 0.525980
vt 0.425890 0.580439
vt 0.425890 0.580439
vt 0.440459 0.525980
vt 0.432406 0.525980
vt 0.449463 0.580439
vt 0.449463 0.580439
vt 0.425890 0.525980
vt 0.432405 0.525980
vt 0.432405 0.580439
vt 0.432405 0.580439
vt 0.432406 0.580439
vt 0.432406 0.525980
vt 0.425890 0.525980
vt 0.440459 0.525980
vt 0.449463 0.525980
vt 0.461417 0.595937
vt 0.456646 0.595937
vt 0.456646 0.657271
vt 0.461417 0.657271
vt 0.444153 0.595937
vt 0.444153 0.657271
vt 0.428712 0.595937
vt 0.428712 0.657271
vt 0.416219 0.595937
vt 0.416219 0.657271
vt 0.411447 0.595937
vt 0.411447 0.657271
vt 0.416219 0.595937
vt 0.416219 0.657271
vt 0.428712 0.595937
vt 0.428712 0.657271
vt 0.444153 0.595937
vt 0.444153 0.657271
vt 0.446975 0.525980
vt 0.446975 0.525980
vt 0.440459 0.525980
vt 0.456646 0.595937
vt 0.456646 0.657271
vt 0.423401 0.580439
vt 0.423401 0.580439
vt 0.425890 0.580439
vt 0.446975 0.564687
vt 0.456646 0.564687
vt 0.461417 0.564687
vt 0.449463 0.564687
vt 0.449463 0.688521
vt 0.461417 0.688521
vt 0.456646 0.688521
vt 0.446975 0.688521
vt 0.440459 0.564687
vt 0.444153 0.564687
vt 0.444153 0.688521
vt 0.440459 0.688521
vt 0.432406 0.564687
vt 0.428712 0.564687
vt 0.428712 0.688521
vt 0.432405 0.688521
vt 0.425890 0.564687
vt 0.416219 0.564687
vt 0.416219 0.688521
vt 0.425890 0.688521
vt 0.423401 0.564687
vt 0.411447 0.564687
vt 0.411447 0.688521
vt 0.423401 0.688521
vt 0.425890 0.564687
vt 0.416219 0.564687
vt 0.416219 0.688521
vt 0.425890 0.688521
vt 0.432405 0.564687
vt 0.428712 0.564687
vt 0.428712 0.688521
vt 0.432406 0.688521
vt 0.440459 0.564687
vt 0.444153 0.564687
vt 0.444153 0.688521
vt 0.440459 0.688521
vt 0.446975 0.564687
vt 0.456646 0.564687
vt 0.456646 0.688521
vt 0.446975 0.688521
vt 0.446975 0.580439
vt 0.446975 0.580439
vt 0.440459 0.580439
vt 0.423401 0.525980
vt 0.423401 0.525980
vt 0.425890 0.525980
vt 0.440459 0.580439
vt 0.440459 0.580439
vt 0.446975 0.580439
vt 0.446975 0.525980
vt 0.449463 0.525980
vt 0.425890 0.580439
vt 0.425890 0.580439
vt 0.440459 0.525980
vt 0.432406 0.525980
vt 0.449463 0.580439
vt 0.449463 0.580439
vt 0.425890 0.525980
vt 0.432405 0.525980
vt 0.432405 0.580439
vt 0.432405 0.580439
vt 0.432406 0.580439
vt 0.432406 0.525980
vt 0.425890 0.525980
vt 0.440459 0.525980
vt 0.449463 0.525980
vt 0.466387 0.652490
vt 0.466387 0.591199
vt 0.435581 0.630627
vt 0.435581 0.630627
vt 0.435581 0.635764
vt 0.435581 0.635764
vt 0.428984 0.630627
vt 0.428984 0.635764
vt 0.419655 0.630627
vt 0.419655 0.635764
vt 0.413058 0.630627
vt 0.413058 0.635764
vt 0.413058 0.630627
vt 0.413058 0.635764
vt 0.419655 0.630627
vt 0.419655 0.635764
vt 0.428984 0.630627
vt 0.428984 0.635764
vt 0.428094 0.629464
vt 0.426277 0.609512
vt 0.422363 0.609512
vt 0.420545 0.629464
vt 0.424320 0.683188
vt 0.435581 0.681766
vt 0.435581 0.681766
vt 0.428984 0.681766
vt 0.419655 0.681766
vt 0.413058 0.681766
vt 0.413058 0.681766
vt 0.419655 0.681766
vt 0.428984 0.681766
vt 0.428094 0.629464
vt 0.420545 0.629464
vt 0.422363 0.609512
vt 0.426277 0.609512
vt 0.435581 0.630627
vt 0.435581 0.630627
vt 0.435581 0.635764
vt 0.435581 0.635764
vt 0.428984 0.630627
vt 0.428984 0.635764
vt 0.419655 0.630627
vt 0.419655 0.635764
vt 0.413058 0.630627
vt 0.413058 0.635764
vt 0.413058 0.630627
vt 0.413058 0.635764
vt 0.419655 0.630627
vt 0.419655 0.635764
vt 0.428984 0.630627
vt 0.428984 0.635764
vt 0.424320 0.683188
vt 0.435581 0.681766
vt 0.435581 0.681766
vt 0.428984 0.681766
vt 0.419655 0.681766
vt 0.413058 0.681766
vt 0.413058 0.681766
vt 0.419655 0.681766
vt 0.428984 0.681766
vt 0.425489 0.584553
vt 0.425489 0.584553
vt 0.459741 0.584553
vt 0.459741 0.584553
vt 0.418843 0.652490
vt 0.425489 0.659137
vt 0.459741 0.659137
vt 0.466387 0.652490
vt 0.418843 0.591199
vt 0.418843 0.591199
vt 0.418843 0.652490
vt 0.466387 0.591199
vt 0.459741 0.659137
vt 0.425489 0.659137
vt 0.461417 0.595937
vt 0.456646 0.595937
vt 0.456646 0.657271
vt 0.461417 0.657271
vt 0.444153 0.595937
vt 0.444153 0.657271
vt 0.428712 0.595937
vt 0.428712 0.657271
vt 0.416219 0.595937
vt 0.416219 0.657271
vt 0.411447 0.595937
vt 0.411447 0.657271
vt 0.416219 0.595937
vt 0.416219 0.657271
vt 0.428712 0.595937
vt 0.428712 0.657271
vt 0.444153 0.595937
vt 0.444153 0.657271
vt 0.446975 0.525980
vt 0.446975 0.525980
vt 0.440459 0.525980
vt 0.456646 0.595937
vt 0.456646 0.657271
vt 0.423401 0.580439
vt 0.423401 0.580439
vt 0.425890 0.580439
vt 0.446975 0.564687
vt 0.456646 0.564687
vt 0.461417 0.564687
vt 0.449463 0.564687
vt 0.449463 0.688521
vt 0.461417 0.688521
vt 0.456646 0.688521
vt 0.446975 0.688521
vt 0.440459 0.564687
vt 0.444153 0.564687
vt 0.444153 0.688521
vt 0.440459 0.688521
vt 0.432406 0.564687
vt 0.428712 0.564687
vt 0.428712 0.688521
vt 0.432405 0.688521
vt 0.425890 0.564687
vt 0.416219 0.564687
vt 0.416219 0.688521
vt 0.425890 0.688521
vt 0.423401 0.564687
vt 0.411447 0.564687
vt 0.411447 0.688521
vt 0.423401 0.688521
vt 0.425890 0.564687
vt 0.416219 0.564687
vt 0.416219 0.688521
vt 0.425890 0.688521
vt 0.432405 0.564687
vt 0.428712 0.564687
vt 0.428712 0.688521
vt 0.432406 0.688521
vt 0.440459 0.564687
vt 0.444153 0.564687
vt 0.444153 0.688521
vt 0.440459 0.688521
vt 0.446975 0.564687
vt 0.456646 0.564687
vt 0.456646 0.688521
vt 0.446975 0.688521
vt 0.446975 0.580439
vt 0.446975 0.580439
vt 0.440459 0.580439
vt 0.423401 0.525980
vt 0.423401 0.525980
vt 0.425890 0.525980
vt 0.440459 0.580439
vt 0.440459 0.580439
vt 0.446975 0.580439
vt 0.446975 0.525980
vt 0.449463 0.525980
vt 0.425890 0.580439
vt 0.425890 0.580439
vt 0.440459 0.525980
vt 0.432406 0.525980
vt 0.449463 0.580439
vt 0.449463 0.580439
vt 0.425890 0.525980
vt 0.432405 0.525980
vt 0.432405 0.580439
vt 0.432405 0.580439
vt 0.432406 0.580439
vt 0.432406 0.525980
vt 0.425890 0.525980
vt 0.440459 0.525980
vt 0.449463 0.525980
vt 0.461417 0.595937
vt 0.456646 0.595937
vt 0.456646 0.657271
vt 0.461417 0.657271
vt 0.444153 0.595937
vt 0.444153 0.657271
vt 0.428712 0.595937
vt 0.428712 0.657271
vt 0.416219 0.595937
vt 0.416219 0.657271
vt 0.411447 0.595937
vt 0.411447 0.657271
vt 0.416219 0.595937
vt 0.416219 0.657271
vt 0.428712 0.595937
vt 0.428712 0.657271
vt 0.444153 0.595937
vt 0.444153 0.657271
vt 0.446975 0.525980
vt 0.446975 0.525980
vt 0.440459 0.525980
vt 0.456646 0.595937
vt 0.456646 0.657271
vt 0.423401 0.580439
vt 0.423401 0.580439
vt 0.425890 0.580439
vt 0.446975 0.564687
vt 0.456646 0.564687
vt 0.461417 0.564687
vt 0.449463 0.564687
vt 0.449463 0.688521
vt 0.461417 0.688521
vt 0.456646 0.688521
vt 0.446975 0.688521
vt 0.440459 0.564687
vt 0.444153 0.564687
vt 0.444153 0.688521
vt 0.440459 0.688521
vt 0.432406 0.564687
vt 0.428712 0.564687
vt 0.428712 0.688521
vt 0.432405 0.688521
vt 0.425890 0.564687
vt 0.416219 0.564687
vt 0.416219 0.688521
vt 0.425890 0.688521
vt 0.423401 0.564687
vt 0.411447 0.564687
vt 0.411447 0.688521
vt 0.423401 0.688521
vt 0.425890 0.564687
vt 0.416219 0.564687
vt 0.416219 0.688521
vt 0.425890 0.688521
vt 0.432405 0.564687
vt 0.428712 0.564687
vt 0.428712 0.688521
vt 0.432406 0.688521
vt 0.440459 0.564687
vt 0.444153 0.564687
vt 0.444153 0.688521
vt 0.440459 0.688521
vt 0.446975 0.564687
vt 0.456646 0.564687
vt 0.456646 0.688521
vt 0.446975 0.688521
vt 0.446975 0.580439
vt 0.446975 0.580439
vt 0.440459 0.580439
vt 0.423401 0.525980
vt 0.423401 0.525980
vt 0.425890 0.525980
vt 0.440459 0.580439
vt 0.440459 0.580439
vt 0.446975 0.580439
vt 0.446975 0.525980
vt 0.449463 0.525980
vt 0.425890 0.580439
vt 0.425890 0.580439
vt 0.440459 0.525980
vt 0.432406 0.525980
vt 0.449463 0.580439
vt 0.449463 0.580439
vt 0.425890 0.525980
vt 0.432405 0.525980
vt 0.432405 0.580439
vt 0.432405 0.580439
vt 0.432406 0.580439
vt 0.432406 0.525980
vt 0.425890 0.525980
vt 0.440459 0.525980
vt 0.449463 0.525980
vt 0.466387 0.652490
vt 0.466387 0.591199
vt 0.435581 0.630627
vt 0.435581 0.630627
vt 0.435581 0.635764
vt 0.435581 0.635764
vt 0.428984 0.630627
vt 0.428984 0.635764
vt 0.419655 0.630627
vt 0.419655 0.635764
vt 0.413058 0.630627
vt 0.413058 0.635764
vt 0.413058 0.630627
vt 0.413058 0.635764
vt 0.419655 0.630627
vt 0.419655 0.635764
vt 0.428984 0.630627
vt 0.428984 0.635764
vt 0.428094 0.629464
vt 0.426277 0.609512
vt 0.422363 0.609512
vt 0.420545 0.629464
vt 0.424320 0.683188
vt 0.435581 0.681766
vt 0.435581 0.681766
vt 0.428984 0.681766
vt 0.419655 0.681766
vt 0.413058 0.681766
vt 0.413058 0.681766
vt 0.419655 0.681766
vt 0.428984 0.681766
vt 0.428094 0.629464
vt 0.420545 0.629464
vt 0.422363 0.609512
vt 0.426277 0.609512
vt 0.435581 0.630627
vt 0.435581 0.630627
vt 0.435581 0.635764
vt 0.435581 0.635764
vt 0.428984 0.630627
vt 0.428984 0.635764
vt 0.419655 0.630627
vt 0.419655 0.635764
vt 0.413058 0.630627
vt 0.413058 0.635764
vt 0.413058 0.630627
vt 0.413058 0.635764
vt 0.419655 0.630627
vt 0.419655 0.635764
vt 0.428984 0.630627
vt 0.428984 0.635764
vt 0.424320 0.683188
vt 0.435581 0.681766
vt 0.435581 0.681766
vt 0.428984 0.681766
vt 0.419655 0.681766
vt 0.413058 0.681766
vt 0.413058 0.681766
vt 0.419655 0.681766
vt 0.428984 0.681766
vt 0.430504 0.625724
vt 0.446865 0.625724
vt 0.446865 0.625724
vt 0.430504 0.625724
vt 0.417597 0.586984
vt 0.417597 0.586984
vt 0.417597 0.562682
vt 0.417597 0.562682
vt 0.426533 0.553746
vt 0.426533 0.553746
vt 0.450836 0.553746
vt 0.450836 0.553746
vt 0.459772 0.586984
vt 0.459772 0.586984
vt 0.459772 0.562682
vt 0.459772 0.562682
vt 0.450836 0.595920
vt 0.450836 0.595920
vt 0.426533 0.595920
vt 0.426533 0.595920
vt 0.446865 0.629888
vt 0.450836 0.642795
vt 0.459772 0.633859
vt 0.446865 0.613527
vt 0.459772 0.609557
vt 0.450836 0.600621
vt 0.430504 0.629888
vt 0.417597 0.633859
vt 0.426533 0.642795
vt 0.430504 0.613527
vt 0.426533 0.600621
vt 0.417597 0.609557
vt 0.446865 0.578849
vt 0.446865 0.590965
vt 0.446865 0.590965
vt 0.446865 0.578849
vt 0.430504 0.590965
vt 0.430504 0.578849
vt 0.430504 0.578849
vt 0.430504 0.590965
vt 0.446865 0.628554
vt 0.430504 0.628554
vt 0.446865 0.566652
vt 0.446865 0.568324
vt 0.446865 0.581679
vt 0.446865 0.583013
vt 0.430504 0.583013
vt 0.430504 0.581679
vt 0.430504 0.568324
vt 0.430504 0.566652
vt 0.430504 0.615199
vt 0.446865 0.615199
vt 0.430504 0.637840
vt 0.446865 0.637840
vt 0.417597 0.586984
vt 0.417597 0.562682
vt 0.417597 0.562682
vt 0.417597 0.586984
vt 0.426533 0.553746
vt 0.450836 0.553746
vt 0.450836 0.553746
vt 0.426533 0.553746
vt 0.459772 0.586984
vt 0.459772 0.562682
vt 0.459772 0.562682
vt 0.459772 0.586984
vt 0.450836 0.595920
vt 0.450836 0.595920
vt 0.426533 0.595920
vt 0.426533 0.595920
vt 0.446865 0.629888
vt 0.459772 0.633859
vt 0.450836 0.642795
vt 0.446865 0.613527
vt 0.450836 0.600621
vt 0.459772 0.609557
vt 0.430504 0.629888
vt 0.426533 0.642795
vt 0.417597 0.633859
vt 0.430504 0.613527
vt 0.417597 0.609557
vt 0.426533 0.600621
vt 0.430504 0.628554
vt 0.446865 0.628554
vt 0.446865 0.566652
vt 0.446865 0.583013
vt 0.446865 0.581679
vt 0.446865 0.568324
vt 0.430504 0.583013
vt 0.430504 0.566652
vt 0.430504 0.568324
vt 0.430504 0.581679
vt 0.430504 0.615199
vt 0.446865 0.615199
vt 0.430504 0.637840
vt 0.446865 0.637840
vt 0.435581 0.630627
vt 0.435581 0.630627
vt 0.435581 0.635764
vt 0.435581 0.635764
vt 0.428984 0.630627
vt 0.428984 0.635764
vt 0.419655 0.630627
vt 0.419655 0.635764
vt 0.413058 0.630627
vt 0.413058 0.635764
vt 0.413058 0.630627
vt 0.413058 0.635764
vt 0.419655 0.630627
vt 0.419655 0.635764
vt 0.428984 0.630627
vt 0.428984 0.635764
vt 0.428094 0.629464
vt 0.426277 0.609512
vt 0.422363 0.609512
vt 0.420545 0.629464
vt 0.424320 0.683188
vt 0.435581 0.681766
vt 0.435581 0.681766
vt 0.428984 0.681766
vt 0.419655 0.681766
vt 0.413058 0.681766
vt 0.413058 0.681766
vt 0.419655 0.681766
vt 0.428984 0.681766
vt 0.428094 0.629464
vt 0.420545 0.629464
vt 0.422363 0.609512
vt 0.426277 0.609512
vt 0.435581 0.630627
vt 0.435581 0.630627
vt 0.435581 0.635764
vt 0.435581 0.635764
vt 0.428984 0.630627
vt 0.428984 0.635764
vt 0.419655 0.630627
vt 0.419655 0.635764
vt 0.413058 0.630627
vt 0.413058 0.635764
vt 0.413058 0.630627
vt 0.413058 0.635764
vt 0.419655 0.630627
vt 0.419655 0.635764
vt 0.428984 0.630627
vt 0.428984 0.635764
vt 0.428094 0.629464
vt 0.426277 0.609512
vt 0.422363 0.609512
vt 0.420545 0.629464
vt 0.424320 0.683188
vt 0.435581 0.681766
vt 0.435581 0.681766
vt 0.428984 0.681766
vt 0.419655 0.681766
vt 0.413058 0.681766
vt 0.413058 0.681766
vt 0.419655 0.681766
vt 0.428984 0.681766
vt 0.428094 0.629464
vt 0.420545 0.629464
vt 0.422363 0.609512
vt 0.426277 0.609512
vt 0.435581 0.630627
vt 0.435581 0.630627
vt 0.435581 0.635764
vt 0.435581 0.635764
vt 0.428984 0.630627
vt 0.428984 0.635764
vt 0.419655 0.630627
vt 0.419655 0.635764
vt 0.413058 0.630627
vt 0.413058 0.635764
vt 0.413058 0.630627
vt 0.413058 0.635764
vt 0.419655 0.630627
vt 0.419655 0.635764
vt 0.428984 0.630627
vt 0.428984 0.635764
vt 0.428094 0.629464
vt 0.426277 0.609512
vt 0.422363 0.609512
vt 0.420545 0.629464
vt 0.424320 0.683188
vt 0.435581 0.681766
vt 0.435581 0.681766
vt 0.428984 0.681766
vt 0.419655 0.681766
vt 0.413058 0.681766
vt 0.413058 0.681766
vt 0.419655 0.681766
vt 0.428984 0.681766
vt 0.428094 0.629464
vt 0.420545 0.629464
vt 0.422363 0.609512
vt 0.426277 0.609512
vt 0.983054 0.329541
vt 0.983304 0.328793
vt 0.983304 0.328793
vt 0.983054 0.329541
vt 0.919564 0.376416
vt 0.919655 0.382087
vt 0.921071 0.382087
vt 0.921071 0.376417
vt 0.987803 0.335960
vt 0.987803 0.335960
vt 0.976438 0.335212
vt 0.976438 0.335212
vt 0.979048 0.335212
vt 0.979048 0.335960
vt 0.979778 0.335212
vt 0.979048 0.335212
vt 0.979048 0.335960
vt 0.979781 0.335960
vt 0.987304 0.335212
vt 0.959765 0.335850
vt 0.959017 0.335994
vt 0.908181 0.406256
vt 0.908181 0.459217
vt 0.906047 0.459217
vt 0.908181 0.403145
vt 0.907750 0.404701
vt 0.983455 0.355986
vt 0.982706 0.356270
vt 0.982706 0.356270
vt 0.983455 0.355986
vt 0.909291 0.382725
vt 0.909291 0.412342
vt 0.911425 0.412342
vt 0.959765 0.332841
vt 0.959765 0.332841
vt 0.911425 0.334084
vt 0.909291 0.334084
vt 0.909291 0.334084
vt 0.911425 0.334084
vt 0.912026 0.382087
vt 0.912026 0.376417
vt 0.916823 0.382087
vt 0.912026 0.376417
vt 0.912026 0.382087
vt 0.916823 0.382087
vt 0.982706 0.357826
vt 0.983455 0.357531
vt 0.983455 0.357531
vt 0.982706 0.357826
vt 0.959765 0.334345
vt 0.959017 0.334498
vt 0.959765 0.334345
vt 0.959017 0.334498
vt 0.908181 0.380959
vt 0.906047 0.380959
vt 0.906047 0.380959
vt 0.908181 0.380959
vt 0.983792 0.335960
vt 0.983541 0.335212
vt 0.918239 0.382087
vt 0.918056 0.376416
vt 0.987060 0.329541
vt 0.987060 0.329541
vt 0.918056 0.376416
vt 0.918239 0.382087
vt 0.987304 0.335212
vt 0.985057 0.310177
vt 0.979048 0.301794
vt 0.979048 0.302963
vt 0.985057 0.310177
vt 0.979048 0.302963
vt 0.979048 0.301794
vt 0.985057 0.319333
vt 0.979048 0.313288
vt 0.979048 0.312119
vt 0.972665 0.305624
vt 0.973040 0.304904
vt 0.979048 0.313288
vt 0.979048 0.312119
vt 0.912026 0.344565
vt 0.912026 0.335409
vt 0.914287 0.342624
vt 0.914287 0.351779
vt 0.916548 0.349838
vt 0.916548 0.358994
vt 0.912026 0.335409
vt 0.912026 0.344565
vt 0.914287 0.351779
vt 0.914287 0.342624
vt 0.916548 0.358994
vt 0.916548 0.349838
vt 0.905446 0.382284
vt 0.905446 0.391440
vt 0.905446 0.391440
vt 0.905446 0.382284
vt 0.900557 0.407038
vt 0.899122 0.402460
vt 0.899122 0.402460
vt 0.900557 0.407038
vt 0.430504 0.625724
vt 0.446865 0.625724
vt 0.446865 0.625724
vt 0.430504 0.625724
vt 0.417597 0.586984
vt 0.417597 0.586984
vt 0.417597 0.562682
vt 0.417597 0.562682
vt 0.426533 0.553746
vt 0.426533 0.553746
vt 0.450836 0.553746
vt 0.450836 0.553746
vt 0.459772 0.586984
vt 0.459772 0.586984
vt 0.459772 0.562682
vt 0.459772 0.562682
vt 0.450836 0.595920
vt 0.450836 0.595920
vt 0.426533 0.595920
vt 0.426533 0.595920
vt 0.446865 0.629888
vt 0.450836 0.642795
vt 0.459772 0.633859
vt 0.446865 0.613527
vt 0.459772 0.609557
vt 0.450836 0.600621
vt 0.430504 0.629888
vt 0.417597 0.633859
vt 0.426533 0.642795
vt 0.430504 0.613527
vt 0.426533 0.600621
vt 0.417597 0.609557
vt 0.446865 0.578849
vt 0.446865 0.590965
vt 0.446865 0.590965
vt 0.446865 0.578849
vt 0.430504 0.590965
vt 0.430504 0.578849
vt 0.430504 0.578849
vt 0.430504 0.590965
vt 0.446865 0.628554
vt 0.430504 0.628554
vt 0.446865 0.566652
vt 0.446865 0.568324
vt 0.446865 0.581679
vt 0.446865 0.583013
vt 0.430504 0.583013
vt 0.430504 0.581679
vt 0.430504 0.568324
vt 0.430504 0.566652
vt 0.430504 0.615199
vt 0.446865 0.615199
vt 0.430504 0.637840
vt 0.446865 0.637840
vt 0.417597 0.586984
vt 0.417597 0.562682
vt 0.417597 0.562682
vt 0.417597 0.586984
vt 0.426533 0.553746
vt 0.450836 0.553746
vt 0.450836 0.553746
vt 0.426533 0.553746
vt 0.459772 0.586984
vt 0.459772 0.562682
vt 0.459772 0.562682
vt 0.459772 0.586984
vt 0.450836 0.595920
vt 0.450836 0.595920
vt 0.426533 0.595920
vt 0.426533 0.595920
vt 0.446865 0.629888
vt 0.459772 0.633859
vt 0.450836 0.642795
vt 0.446865 0.613527
vt 0.450836 0.600621
vt 0.459772 0.609557
vt 0.430504 0.629888
vt 0.426533 0.642795
vt 0.417597 0.633859
vt 0.430504 0.613527
vt 0.417597 0.609557
vt 0.426533 0.600621
vt 0.430504 0.628554
vt 0.446865 0.628554
vt 0.446865 0.566652
vt 0.446865 0.583013
vt 0.446865 0.581679
vt 0.446865 0.568324
vt 0.430504 0.583013
vt 0.430504 0.566652
vt 0.430504 0.568324
vt 0.430504 0.581679
vt 0.430504 0.615199
vt 0.446865 0.615199
vt 0.430504 0.637840
vt 0.446865 0.637840
vn 0.0000 0.0000 -1.0000
vn -0.2065 0.9784 0.0000
vn 0.2423 0.0000 -0.9702
vn -0.9984 0.0000 0.0558
vn 0.9485 0.0000 -0.3166
vn -0.2423 0.0000 -0.9702
vn -0.9486 0.0000 -0.3164
vn 0.9985 0.0000 0.0556
vn 0.2423 0.0000 0.9702
vn 0.0000 0.0000 1.0000
vn 0.1801 0.9826 -0.0450
vn 0.9984 0.0000 -0.0558
vn -0.9985 0.0000 -0.0556
vn -0.2423 0.0000 0.9702
vn -0.1113 0.0000 0.9938
vn 0.1113 -0.0000 0.9938
vn 0.1113 0.0000 -0.9938
vn -0.1113 -0.0000 -0.9938
vn -0.9860 0.0000 0.1666
vn -0.1361 0.9901 -0.0340
vn 0.9861 0.0000 0.1664
vn 0.0434 0.9990 0.0048
vn -0.9861 0.0000 -0.1664
vn 0.3635 0.9307 -0.0408
vn 0.0000 -1.0000 -0.0000
vn -0.1964 -0.9793 0.0491
vn 0.2304 -0.9731 -0.0000
vn -0.2681 -0.9611 -0.0669
vn -0.0000 1.0000 0.0000
vn -0.9688 0.0000 -0.2477
vn 0.0123 0.7025 -0.7116
vn 0.0136 0.7025 -0.7116
vn -0.0271 0.7019 -0.7118
vn -0.9139 0.0000 0.4060
vn -0.4066 0.0000 -0.9136
vn -0.3178 0.9422 -0.1062
vn 0.9239 0.0000 -0.3827
vn -0.9684 0.0000 0.2495
vn -0.0620 0.9979 0.0207
vn 0.9688 -0.0000 -0.2477
vn -0.1679 0.0170 -0.9857
vn -0.0919 0.0061 -0.9958
vn -0.1342 0.0130 -0.9909
vn -0.0856 -0.0000 0.9963
vn -0.1493 -0.0000 0.9888
vn -0.1758 -0.0000 0.9844
vn -0.7620 -0.6405 -0.0958
vn -0.7551 -0.6397 -0.1434
vn -0.7569 0.6402 -0.1315
vn -0.7514 0.6399 -0.1611
vn 0.1509 0.0000 -0.9885
vn 0.0840 0.0000 -0.9965
vn 0.1758 0.0000 -0.9844
vn 0.7620 0.6405 0.0958
vn 0.7551 0.6397 0.1434
vn -0.1208 -0.0035 0.9927
vn -0.1539 -0.0041 0.9881
vn -0.0919 -0.0030 0.9958
vn -0.1188 -0.0032 -0.9929
vn -0.1558 -0.0038 -0.9878
vn -0.1825 -0.0043 -0.9832
vn 0.1558 0.0038 -0.9878
vn 0.1188 0.0032 -0.9929
vn 0.0919 0.0027 -0.9958
vn 0.7677 0.6398 0.0360
vn 0.7620 -0.6405 0.0958
vn 0.7671 -0.6397 0.0481
vn -0.3143 0.0056 -0.9493
vn -0.3146 -0.0001 -0.9492
vn -0.3056 -0.0191 -0.9520
vn 0.1539 0.0041 0.9881
vn 0.1208 0.0035 0.9927
vn 0.1825 0.0047 0.9832
vn 0.9684 0.0000 0.2495
vn 0.7569 -0.6402 -0.1315
vn 0.7514 -0.6399 -0.1611
vn -0.7620 0.6405 0.0958
vn -0.7671 0.6397 0.0481
vn -0.7677 -0.6398 0.0360
vn 0.4066 0.0000 -0.9136
vn 0.3147 -0.0000 -0.9492
vn 0.3134 0.0118 -0.9496
vn 0.3049 0.0170 -0.9522
vn 0.0910 -0.0065 0.9958
vn 0.1679 -0.0186 0.9856
vn 0.1346 -0.0144 0.9908
vn 0.1269 -0.0006 -0.9919
vn 0.1284 -0.0006 -0.9917
vn 0.1808 -0.0006 -0.9835
vn 0.5322 0.0000 -0.8466
vn -0.5322 0.0000 -0.8466
vn -0.0583 -0.6978 -0.7139
vn -0.0773 -0.6939 -0.7159
vn -0.1173 -0.6850 -0.7190
vn 0.0738 -0.7201 0.6899
vn 0.0560 -0.7166 0.6952
vn 0.1106 -0.7266 0.6781
vn 0.8470 -0.0000 0.5316
vn -0.8470 0.0000 0.5316
vn 0.4863 0.0000 0.8738
vn 0.8741 0.0000 -0.4857
vn 0.2312 -0.6839 -0.6920
vn 0.1060 0.5022 -0.8582
vn -0.9239 0.0000 -0.3827
vn -0.3144 0.0079 0.9492
vn -0.3149 0.0000 0.9491
vn -0.3169 -0.0000 0.9485
vn -0.2171 -0.7284 0.6498
vn -0.4245 0.5492 0.7199
vn 0.3148 0.0001 0.9492
vn 0.3143 -0.0062 0.9493
vn 0.3056 0.0209 0.9519
vn -0.3137 -0.0124 -0.9494
vn -0.3169 -0.0000 -0.9485
vn -0.2312 -0.6839 -0.6920
vn -0.2800 0.6830 -0.6746
vn -0.8741 0.0000 -0.4857
vn -0.4863 0.0000 0.8738
vn 0.2171 -0.7284 0.6498
vn 0.1681 0.7275 0.6652
vn 0.4716 0.4607 0.7519
vn 0.4153 0.4607 0.7844
vn 0.3959 0.4602 0.7946
vn 0.4547 0.4445 -0.7718
vn 0.4731 0.4445 -0.7606
vn 0.4166 0.4440 -0.7933
vn -0.6578 -0.4440 -0.6085
vn -0.6109 -0.4441 -0.6555
vn -0.6718 -0.4435 -0.5932
vn -0.4716 -0.4607 0.7519
vn -0.4153 -0.4607 0.7844
vn -0.3959 -0.4602 0.7946
vn -0.6188 0.4405 -0.6505
vn -0.6479 0.4403 -0.6216
vn -0.6695 0.4396 -0.5988
vn -0.6477 0.4595 0.6078
vn -0.6399 0.4595 0.6159
vn -0.6663 0.4592 0.5876
vn 0.4292 -0.4652 0.7742
vn 0.4625 -0.4652 0.7548
vn 0.4003 -0.4646 0.7898
vn 0.6188 -0.4405 -0.6505
vn 0.6479 -0.4403 -0.6216
vn 0.6695 -0.4396 -0.5988
vn -0.4236 0.4457 -0.7886
vn -0.4352 0.4457 -0.7823
vn -0.4584 0.4454 -0.7691
vn -0.4625 0.4652 0.7548
vn -0.4292 0.4652 0.7742
vn -0.4900 0.4646 0.7376
vn 0.6399 -0.4595 0.6159
vn 0.6477 -0.4595 0.6078
vn 0.6206 -0.4593 0.6355
vn 0.4236 -0.4457 -0.7886
vn 0.4352 -0.4457 -0.7823
vn 0.4584 -0.4454 -0.7691
vn 0.5003 0.4632 0.7316
vn -0.5003 -0.4632 0.7316
vn 0.5858 0.4417 -0.6795
vn -0.5858 -0.4417 -0.6795
vn 0.3891 -0.9079 -0.1561
vn 0.3470 -0.9275 -0.1392
vn -0.3583 -0.9277 0.1047
vn -0.3505 -0.9309 0.1024
vn 0.3261 -0.0166 0.9452
vn 0.3257 -0.0515 0.9441
vn 0.9257 0.0000 -0.3782
vn 0.3261 0.0166 0.9452
vn -0.3505 0.9309 0.1024
vn -0.3583 0.9277 0.1047
vn 0.3470 0.9275 -0.1392
vn 0.3891 0.9079 -0.1561
vn -0.9419 0.0000 0.3360
vn -0.5271 0.0000 0.8498
vn 0.0694 0.0000 0.9976
vn 0.6127 0.0000 0.7903
vn 0.9592 0.0000 0.2828
vn 0.9264 0.0000 -0.3766
vn 0.5031 0.0000 -0.8642
vn -0.0756 0.0000 -0.9971
vn -0.6077 0.0000 -0.7942
vn 0.3323 -0.7793 -0.5313
vn 0.0001 -1.0000 0.0003
vn -0.0418 -0.7621 -0.6461
vn -0.9509 0.0000 -0.3096
vn -0.5721 0.7887 0.2253
vn 0.0001 1.0000 0.0003
vn -0.6017 0.7793 -0.1750
vn -0.1259 -0.9682 0.2162
vn -0.1340 -0.9684 0.2103
vn -0.2285 -0.9701 0.0822
vn -0.2284 -0.9701 0.0825
vn -0.2284 0.9701 0.0825
vn -0.2285 0.9701 0.0822
vn -0.1340 0.9684 0.2103
vn -0.1259 0.9682 0.2162
vn 0.0223 -0.9647 0.2625
vn 0.0161 -0.9648 0.2626
vn 0.0161 0.9648 0.2626
vn 0.0223 0.9647 0.2625
vn 0.1582 -0.9647 0.2106
vn 0.1629 -0.9648 0.2066
vn 0.1629 0.9648 0.2066
vn 0.1582 0.9647 0.2106
vn 0.2379 -0.9682 0.0774
vn 0.2400 -0.9684 0.0676
vn 0.2400 0.9684 0.0676
vn 0.2379 0.9682 0.0774
vn 0.2253 -0.9701 -0.0906
vn 0.2252 -0.9701 -0.0908
vn 0.2252 0.9701 -0.0908
vn 0.2253 0.9701 -0.0906
vn 0.1232 -0.9676 -0.2203
vn 0.1294 -0.9678 -0.2160
vn 0.1294 0.9678 -0.2160
vn 0.1232 0.9676 -0.2203
vn -0.0225 -0.9646 -0.2628
vn -0.0183 -0.9646 -0.2629
vn -0.0183 0.9646 -0.2629
vn -0.0225 0.9646 -0.2628
vn -0.1583 -0.9646 -0.2110
vn -0.1615 -0.9646 -0.2083
vn -0.1615 0.9646 -0.2083
vn -0.1583 0.9646 -0.2110
vn -0.2386 -0.9676 -0.0822
vn -0.2404 -0.9678 -0.0749
vn -0.2404 0.9678 -0.0749
vn -0.2386 0.9676 -0.0822
vn 0.6009 0.7777 0.1844
vn 0.3974 0.7617 0.5117
vn -0.5721 -0.7887 0.2253
vn -0.3254 -0.7777 0.5378
vn -0.0418 0.7621 -0.6461
vn 0.3323 0.7793 -0.5313
vn 0.6009 -0.7777 0.1844
vn 0.5768 -0.7887 -0.2130
vn -0.3254 0.7777 0.5378
vn -0.3991 -0.7621 -0.5098
vn 0.5768 0.7887 -0.2130
vn 0.0444 -0.7617 0.6464
vn -0.3991 0.7621 -0.5099
vn 0.0444 0.7617 0.6464
vn -0.6017 -0.7793 -0.1750
vn 0.3974 -0.7617 0.5117
vn -0.5721 -0.7886 0.2253
vn 0.5768 -0.7886 -0.2130
vn -0.3991 -0.7621 -0.5099
vn -0.3991 0.7621 -0.5098
vn -0.6587 0.7274 0.1924
vn -0.6587 -0.7274 0.1924
vn 0.6378 0.7265 -0.2558
vn 0.6378 -0.7265 -0.2558
vn -0.9620 0.0000 0.2730
vn 0.3257 0.0515 0.9441
vn -0.9597 0.0000 0.2811
vn -0.6677 -0.7343 0.1225
vn -0.3739 -0.9274 0.0140
vn -0.3748 -0.9270 0.0143
vn 0.3139 -0.9274 -0.2036
vn 0.3148 -0.9270 -0.2039
vn 0.6166 -0.7343 -0.2838
vn 0.9468 0.0000 -0.3219
vn 0.6627 0.7352 -0.1422
vn 0.3713 0.9282 -0.0245
vn 0.3722 0.9278 -0.0249
vn -0.3179 0.9282 0.1935
vn -0.3188 0.9278 0.1937
vn -0.6239 0.7352 0.2648
vn -0.0575 -0.9816 -0.1819
vn 0.3001 -0.1008 0.9486
vn 0.1950 -0.0600 0.9790
vn 0.1926 -0.1406 0.9711
vn 0.2487 -0.2049 0.9467
vn 0.3410 -0.2049 0.9174
vn 0.4010 -0.1406 0.9052
vn 0.4035 -0.0600 0.9130
vn 0.3475 0.0046 0.9377
vn 0.2550 0.0046 0.9669
vn -0.3741 0.0063 -0.9274
vn -0.4148 0.0491 -0.9086
vn -0.4118 0.1505 -0.8988
vn -0.3684 0.1937 -0.9093
vn -0.3435 -0.0464 -0.9380
vn -0.2273 0.0063 -0.9738
vn -0.2585 -0.0464 -0.9649
vn -0.1832 0.0491 -0.9818
vn -0.2216 0.1937 -0.9557
vn -0.1800 0.1505 -0.9721
vn -0.2495 0.2455 -0.9367
vn -0.3347 0.2455 -0.9098
vn 0.0031 0.9999 0.0097
vn 0.9177 0.0097 -0.3972
vn -0.9792 0.0097 0.2029
vn -0.9597 0.0000 0.2812
vn -0.6505 -0.7340 0.1950
vn -0.3488 -0.9313 0.1046
vn -0.3498 -0.9309 0.1049
vn 0.3455 -0.9313 -0.1151
vn 0.3465 -0.9309 -0.1154
vn 0.6443 -0.7340 -0.2146
vn 0.6443 0.7340 -0.2146
vn 0.3455 0.9313 -0.1151
vn 0.3465 0.9309 -0.1154
vn -0.3488 0.9313 0.1046
vn -0.3498 0.9309 0.1049
vn -0.6505 0.7340 0.1950
vn 0.3016 0.0000 0.9534
vn 0.1941 0.0408 0.9801
vn 0.1941 -0.0408 0.9801
vn 0.2531 -0.1055 0.9617
vn 0.3461 -0.1055 0.9323
vn 0.4049 -0.0408 0.9135
vn 0.4049 0.0408 0.9134
vn 0.3461 0.1055 0.9323
vn 0.2531 0.1055 0.9617
vn 0.1582 -0.9647 0.2107
vn -0.9904 -0.0000 0.1382
vn -0.6820 -0.7312 0.0148
vn -0.3719 -0.9267 -0.0533
vn -0.3818 -0.9228 -0.0514
vn 0.3408 -0.9250 -0.1681
vn 0.3326 -0.9281 -0.1670
vn 0.6487 -0.7343 -0.2002
vn 0.9838 0.0000 -0.1793
vn 0.6791 0.7333 -0.0336
vn 0.3796 0.9242 0.0412
vn 0.3710 0.9276 0.0431
vn -0.3349 0.9291 0.1565
vn -0.3454 0.9251 0.1576
vn -0.6546 0.7341 0.1804
vn -0.0372 -0.9790 -0.2005
vn 0.1803 -0.1145 0.9769
vn 0.0722 -0.0736 0.9947
vn 0.0705 -0.1546 0.9854
vn 0.1297 -0.2189 0.9671
vn 0.2252 -0.2183 0.9496
vn 0.2860 -0.1539 0.9458
vn 0.2878 -0.0735 0.9549
vn 0.2295 -0.0090 0.9733
vn 0.1338 -0.0090 0.9910
vn -0.2573 0.0198 -0.9661
vn -0.3000 0.0625 -0.9519
vn -0.2979 0.1637 -0.9404
vn -0.2533 0.2069 -0.9450
vn -0.2258 -0.0328 -0.9736
vn -0.1057 0.0201 -0.9942
vn -0.1381 -0.0328 -0.9899
vn -0.0606 0.0627 -0.9962
vn -0.1016 0.2076 -0.9729
vn -0.0584 0.1644 -0.9847
vn -0.1319 0.2593 -0.9567
vn -0.2200 0.2587 -0.9406
vn 0.0043 0.9997 0.0234
vn 0.9643 0.0112 -0.2647
vn -0.9978 0.0108 0.0647
vn -0.6503 -0.7342 0.1950
vn -0.3487 -0.9314 0.1045
vn -0.3497 -0.9310 0.1048
vn 0.3454 -0.9314 -0.1150
vn 0.3463 -0.9310 -0.1154
vn 0.6441 -0.7342 -0.2145
vn 0.6441 0.7342 -0.2145
vn 0.3454 0.9314 -0.1150
vn 0.3463 0.9310 -0.1154
vn -0.3487 0.9314 0.1045
vn -0.3497 0.9310 0.1048
vn -0.6503 0.7342 0.1950
vn 0.1942 0.0408 0.9801
vn 0.1942 -0.0408 0.9801
vn 0.2531 -0.1054 0.9617
vn 0.3461 -0.1054 0.9323
vn 0.4049 0.0408 0.9135
vn 0.3461 0.1054 0.9323
vn 0.2531 0.1054 0.9617
vn 0.0000 -0.3170 -0.9484
vn 0.0000 0.3170 -0.9484
vn 0.9261 -0.3741 -0.0484
vn 0.9253 -0.3761 -0.0483
vn 0.9253 0.3761 -0.0483
vn 0.9261 0.3741 -0.0484
vn -0.9253 -0.3761 -0.0483
vn -0.9261 -0.3741 -0.0484
vn -0.9261 0.3741 -0.0484
vn -0.9253 0.3761 -0.0483
vn -0.7179 -0.6954 -0.0324
vn -0.7179 0.6954 -0.0324
vn 0.7179 -0.6954 -0.0324
vn 0.7179 0.6954 -0.0324
vn 0.0244 0.0023 -0.9997
vn 0.0182 0.0027 -0.9998
vn 0.0403 -0.0018 -0.9992
vn 0.0244 -0.0023 -0.9997
vn 0.0403 0.0018 -0.9992
vn 0.0182 -0.0027 -0.9998
vn -0.0244 0.0023 -0.9997
vn -0.0403 -0.0018 -0.9992
vn -0.0182 0.0027 -0.9998
vn -0.0244 -0.0023 -0.9997
vn -0.0182 -0.0027 -0.9998
vn -0.0403 0.0018 -0.9992
vn -0.9943 -0.0259 -0.1035
vn -0.9927 -0.0145 -0.1200
vn -0.9927 0.0145 -0.1200
vn -0.9943 0.0259 -0.1035
vn 0.9927 -0.0145 -0.1200
vn 0.9943 -0.0259 -0.1035
vn 0.9943 0.0259 -0.1035
vn 0.9927 0.0145 -0.1200
vn -0.0000 -0.9917 0.1283
vn -0.0000 -0.8827 0.4699
vn -0.9983 0.0233 -0.0536
vn -0.9969 0.0315 -0.0727
vn -0.9973 0.0294 -0.0678
vn 0.9983 0.0233 -0.0536
vn 0.9973 0.0294 -0.0678
vn 0.9969 0.0315 -0.0727
vn 0.0000 0.8421 -0.5393
vn -0.0000 -0.3502 0.9367
vn 0.0000 0.9739 -0.2268
vn -0.0000 0.9917 0.1283
vn -0.0000 0.8827 0.4699
vn -0.9983 -0.0233 -0.0536
vn -0.9973 -0.0294 -0.0678
vn -0.9969 -0.0315 -0.0727
vn 0.9983 -0.0233 -0.0536
vn 0.9969 -0.0315 -0.0727
vn 0.9973 -0.0294 -0.0678
vn 0.0000 -0.8421 -0.5393
vn -0.0000 0.3502 0.9367
vn 0.0000 -0.9739 -0.2268
vn -0.9109 0.1776 -0.3724
vn -0.7748 -0.5925 -0.2205
vn -0.5168 -0.8515 -0.0885
vn -0.5239 -0.8468 -0.0918
vn 0.1677 -0.9700 0.1759
vn 0.1600 -0.9718 0.1734
vn 0.4939 -0.8260 0.2714
vn 0.9273 -0.1791 0.3287
vn 0.7822 0.5939 0.1881
vn 0.5261 0.8473 0.0726
vn 0.5216 0.8502 0.0707
vn -0.1575 0.9707 -0.1817
vn -0.1654 0.9688 -0.1844
vn -0.4897 0.8239 -0.2853
vn -0.1633 -0.9861 -0.0309
vn -0.3173 0.1168 0.9411
vn -0.4134 0.1742 0.8937
vn -0.4300 0.0930 0.8980
vn -0.3845 0.0212 0.9229
vn -0.2913 0.0040 0.9566
vn -0.2162 0.0584 0.9746
vn -0.1999 0.1391 0.9699
vn -0.2452 0.2105 0.9463
vn -0.3380 0.2281 0.9131
vn 0.2252 -0.1917 -0.9553
vn 0.1895 -0.1420 -0.9716
vn 0.2079 -0.0403 -0.9773
vn 0.2574 -0.0077 -0.9663
vn 0.2452 -0.2499 -0.9367
vn 0.3708 -0.2239 -0.9013
vn 0.3280 -0.2678 -0.9059
vn 0.4194 -0.1907 -0.8875
vn 0.4035 -0.0398 -0.9141
vn 0.4380 -0.0888 -0.8946
vn 0.3805 0.0196 -0.9246
vn 0.2974 0.0370 -0.9540
vn 0.2209 0.9651 -0.1405
vn 0.9513 -0.1854 0.2464
vn -0.8870 0.1631 -0.4319
vn -0.9302 0.1685 0.3262
vn -0.7964 -0.5935 0.1164
vn -0.5437 -0.8391 -0.0164
vn -0.5373 -0.8432 -0.0193
vn 0.1407 -0.9536 -0.2663
vn 0.1511 -0.9511 -0.2693
vn 0.4780 -0.8060 -0.3491
vn 0.9146 -0.1667 -0.3683
vn 0.7916 0.5924 -0.1495
vn 0.5343 0.8453 0.0013
vn 0.5437 0.8393 -0.0035
vn -0.1537 0.9528 0.2617
vn -0.1423 0.9555 0.2586
vn -0.4819 0.8090 0.3367
vn -0.2349 -0.9434 -0.2343
vn 0.2878 -0.2100 0.9344
vn 0.1871 -0.1525 0.9704
vn 0.1695 -0.2320 0.9578
vn 0.2137 -0.3020 0.9290
vn 0.3068 -0.3189 0.8968
vn 0.3836 -0.2654 0.8845
vn 0.4017 -0.1854 0.8968
vn 0.3572 -0.1149 0.9269
vn 0.2635 -0.0984 0.9596
vn -0.3758 0.1327 -0.9171
vn -0.4098 0.1804 -0.8942
vn -0.3895 0.2808 -0.8772
vn -0.3398 0.3144 -0.8864
vn -0.3538 0.0739 -0.9324
vn -0.2293 0.1020 -0.9680
vn -0.2705 0.0573 -0.9610
vn -0.1789 0.1344 -0.9746
vn -0.1938 0.2835 -0.9392
vn -0.1586 0.2346 -0.9591
vn -0.2127 0.3402 -0.9160
vn -0.2960 0.3575 -0.8858
vn 0.1828 0.9811 0.0640
vn 0.8935 -0.1445 -0.4253
vn -0.9529 0.1842 0.2410
vn -0.8731 0.1579 -0.4612
vn -0.7407 -0.6125 -0.2762
vn -0.4900 -0.8645 -0.1123
vn -0.5030 -0.8559 -0.1201
vn 0.1643 -0.9622 0.2171
vn 0.1479 -0.9664 0.2101
vn 0.4705 -0.8154 0.3373
vn 0.8920 -0.1599 0.4228
vn 0.7489 0.6152 0.2464
vn 0.5057 0.8566 0.1022
vn 0.4947 0.8637 0.0962
vn -0.1460 0.9650 -0.2177
vn -0.1615 0.9610 -0.2246
vn -0.4661 0.8126 -0.3498
vn -0.1470 -0.9889 -0.0201
vn -0.3895 0.1354 0.9110
vn -0.4818 0.1909 0.8552
vn -0.4977 0.1097 0.8604
vn -0.4536 0.0385 0.8904
vn -0.3629 0.0230 0.9315
vn -0.2908 0.0791 0.9535
vn -0.2755 0.1593 0.9480
vn -0.3188 0.2299 0.9195
vn -0.4089 0.2463 0.8787
vn 0.3000 -0.2120 -0.9301
vn 0.2656 -0.1630 -0.9502
vn 0.2831 -0.0616 -0.9571
vn 0.3309 -0.0272 -0.9433
vn 0.3180 -0.2694 -0.9090
vn 0.4393 -0.2414 -0.8653
vn 0.3977 -0.2859 -0.8718
vn 0.4861 -0.2065 -0.8491
vn 0.4710 -0.0562 -0.8803
vn 0.5040 -0.1045 -0.8574
vn 0.4488 0.0029 -0.8936
vn 0.3686 0.0184 -0.9294
vn 0.2173 0.9652 -0.1456
vn 0.9269 -0.1691 0.3350
vn -0.8456 0.1426 -0.5144
vn -0.0088 -0.7089 0.7053
vn -0.0297 -0.7089 0.7047
vn 0.0295 -0.7054 -0.7082
vn 0.0099 -0.7054 -0.7088
vn -0.1284 0.0006 0.9917
vn -0.1268 0.0006 0.9919
vn -0.1808 0.0006 0.9835
vn -0.1420 0.7028 -0.6971
vn 0.1403 0.7110 0.6890
vn -0.5300 0.7144 -0.4569
vn 0.2580 0.5792 -0.7733
vn 0.4010 0.5839 0.7058
vn -0.3524 0.7249 0.5919
vn 0.4840 0.8733 -0.0555
vn -0.5175 0.8523 0.0762
vn -0.0823 0.7120 0.6974
vn -0.1004 0.7120 0.6950
vn -0.1306 0.7114 0.6905
vn 0.9139 0.0000 0.4060
vn 0.3144 -0.0072 -0.9492
vn 0.3169 0.0000 -0.9485
vn -0.3134 -0.0127 0.9495
vn -0.3049 -0.0184 0.9522
vn 0.3138 0.0133 0.9494
vn 0.3169 0.0000 0.9485
vn -0.1711 0.0162 -0.9851
vn -0.0642 0.0002 -0.9979
vn 0.1711 -0.0177 0.9851
vn 0.0650 -0.0002 0.9979
vn -0.7831 0.5925 0.1889
vn -0.8296 -0.2934 0.4751
vn -0.4758 0.5730 -0.6674
vn -0.3179 -0.2854 -0.9042
vn -0.8405 -0.4239 -0.3376
vn -0.7046 0.6507 -0.2830
vn 0.3562 0.2424 -0.9025
vn 0.4081 -0.5552 -0.7247
vn 0.7721 -0.5719 0.2772
vn 0.8578 0.2500 0.4490
vn 0.6977 -0.6591 -0.2806
vn 0.8698 0.3478 -0.3499
vn 0.0267 0.7115 0.7022
vn -0.0134 0.7120 0.7020
vn -0.0121 0.7120 0.7021
vn -0.0188 0.0006 0.9998
vn -0.0220 0.0006 0.9998
vn 0.1334 -0.7049 -0.6966
vn 0.0836 -0.7054 -0.7039
vn 0.1080 -0.7054 -0.7006
vn -0.1327 -0.7084 0.6932
vn -0.1078 -0.7089 0.6971
vn -0.0820 -0.7089 0.7006
vn 0.0218 -0.0006 -0.9998
vn 0.0189 -0.0006 -0.9998
vn 0.1324 0.7019 -0.6998
vn 0.1015 0.7025 -0.7044
vn 0.0843 0.7025 -0.7067
vn -0.6534 -0.4605 0.6008
vn -0.6089 -0.4611 0.6455
vn -0.6221 -0.4611 0.6327
vn -0.5145 -0.4609 0.7231
vn -0.5525 -0.4609 0.6945
vn -0.4166 -0.4440 -0.7933
vn -0.4546 -0.4445 -0.7718
vn -0.4731 -0.4445 -0.7606
vn -0.5337 -0.4443 -0.7196
vn -0.5728 -0.4442 -0.6889
vn 0.6718 0.4435 -0.5932
vn 0.6578 0.4440 -0.6085
vn 0.6109 0.4441 -0.6555
vn 0.5728 0.4442 -0.6889
vn 0.5337 0.4443 -0.7196
vn 0.6534 0.4605 0.6008
vn 0.6089 0.4611 0.6455
vn 0.6221 0.4611 0.6327
vn 0.5145 0.4609 0.7231
vn 0.5525 0.4609 0.6945
vn 0.7551 0.6397 -0.1434
vn 0.7620 0.6405 -0.0958
vn 0.7680 0.6405 0.0000
vn -0.1758 0.0000 -0.9844
vn -0.1509 0.0000 -0.9885
vn -0.0840 0.0000 -0.9965
vn -0.0337 0.0000 -0.9994
vn 0.0337 0.0000 -0.9994
vn -0.7551 -0.6397 0.1434
vn -0.7620 -0.6405 0.0958
vn -0.7680 -0.6405 0.0000
vn 0.1758 -0.0000 0.9844
vn 0.0856 -0.0000 0.9963
vn 0.1493 -0.0000 0.9888
vn -0.0321 -0.0000 0.9995
vn 0.0321 -0.0000 0.9995
vn -0.3999 0.4455 -0.8010
vn 0.5953 -0.4401 -0.6722
vn 0.4900 -0.4646 0.7376
vn -0.6206 0.4593 0.6355
vn 0.7551 -0.6397 0.1434
vn 0.1825 0.0043 -0.9832
vn -0.1825 -0.0047 0.9832
vn -0.7617 0.6399 -0.1019
vn 0.3999 -0.4455 -0.8010
vn 0.6663 -0.4592 0.5875
vn -0.4003 0.4646 0.7898
vn -0.5953 0.4401 -0.6722
vn -0.7551 0.6397 0.1434
vn 0.7617 -0.6399 -0.1019
vn 0.0919 0.0030 0.9958
vn -0.0919 -0.0027 -0.9958
vn -0.3243 -0.3170 0.8912
vn -0.3243 0.3170 0.8912
vn -0.8868 -0.3741 -0.2713
vn -0.8860 -0.3761 -0.2711
vn -0.8860 0.3761 -0.2711
vn -0.8868 0.3741 -0.2713
vn 0.8530 -0.3761 0.3618
vn 0.8537 -0.3741 0.3622
vn 0.8537 0.3741 0.3622
vn 0.8530 0.3761 0.3618
vn 0.6635 -0.6954 0.2760
vn 0.6635 0.6954 0.2760
vn -0.6857 -0.6954 -0.2151
vn -0.6857 0.6954 -0.2151
vn -0.3648 0.0023 0.9311
vn -0.3590 0.0027 0.9333
vn -0.3796 -0.0018 0.9252
vn -0.3648 -0.0023 0.9311
vn -0.3796 0.0018 0.9252
vn -0.3590 -0.0027 0.9333
vn -0.3190 0.0023 0.9478
vn -0.3038 -0.0018 0.9527
vn -0.3248 0.0027 0.9458
vn -0.3190 -0.0023 0.9478
vn -0.3248 -0.0027 0.9458
vn -0.3038 0.0018 0.9527
vn 0.8990 -0.0259 0.4373
vn 0.8918 -0.0145 0.4523
vn 0.8918 0.0145 0.4523
vn 0.8990 0.0259 0.4373
vn -0.9739 -0.0145 -0.2267
vn -0.9697 -0.0259 -0.2428
vn -0.9697 0.0259 -0.2428
vn -0.9739 0.0145 -0.2267
vn 0.0439 -0.9917 -0.1206
vn 0.1607 -0.8827 -0.4416
vn 0.9198 0.0233 0.3918
vn 0.9119 0.0315 0.4092
vn 0.9140 0.0294 0.4047
vn -0.9564 0.0233 -0.2910
vn -0.9603 0.0294 -0.2774
vn -0.9616 0.0315 -0.2726
vn -0.1844 0.8421 0.5068
vn 0.3203 -0.3502 -0.8802
vn -0.0776 0.9739 0.2131
vn 0.0439 0.9917 -0.1206
vn 0.1607 0.8827 -0.4416
vn 0.9198 -0.0233 0.3918
vn 0.9140 -0.0294 0.4047
vn 0.9119 -0.0315 0.4092
vn -0.9564 -0.0233 -0.2910
vn -0.9616 -0.0315 -0.2726
vn -0.9603 -0.0294 -0.2774
vn -0.1844 -0.8421 0.5068
vn 0.3203 0.3502 -0.8802
vn -0.0776 -0.9739 0.2131
usemtl monstrosity
s off
f 126/1/1 63/2/1 59/3/1 127/4/1
f 63/5/2 64/6/2 60/7/2 59/8/2
f 135/9/3 55/10/3 53/11/3 125/12/3
f 123/13/4 137/14/4 138/15/4 127/16/4
f 133/17/5 57/18/5 58/19/5 114/20/5
f 128/21/6 61/22/6 57/18/6 133/17/6
f 135/9/7 136/23/7 115/24/7 116/25/7
f 126/26/8 51/27/8 52/28/8 122/29/8
f 134/30/5 133/17/5 114/20/5 113/31/5
f 114/20/9 58/19/9 62/32/9 124/33/9
f 123/34/10 60/35/10 64/36/10 122/37/10
f 61/38/11 62/39/11 58/40/11 57/41/11
f 127/16/12 59/42/12 60/43/12 123/13/12
f 122/29/13 64/44/13 63/45/13 126/26/13
f 117/46/9 113/31/9 114/20/9 124/33/9
f 115/24/14 120/47/14 121/48/14 116/25/14
f 120/49/15 119/50/15 122/29/15 121/51/15
f 119/52/10 118/53/10 123/34/10 122/37/10
f 118/54/16 117/55/16 124/56/16 123/13/16
f 130/57/1 131/58/1 126/1/1 127/4/1
f 131/59/17 132/60/17 125/61/17 126/26/17
f 132/62/3 136/23/3 135/9/3 125/12/3
f 134/30/6 129/63/6 128/21/6 133/17/6
f 129/64/18 130/65/18 127/16/18 128/66/18
f 124/56/19 62/67/19 61/68/19 128/66/19
f 55/69/20 56/70/20 54/71/20 53/72/20
f 116/25/7 56/73/7 55/10/7 135/9/7
f 125/61/21 53/74/21 54/75/21 121/51/21
f 121/48/14 54/76/14 56/73/14 116/25/14
f 51/77/22 49/78/22 50/79/22 52/80/22
f 121/51/23 50/81/23 49/82/23 125/61/23
f 122/29/15 52/28/15 50/81/15 121/51/15
f 125/61/17 49/82/17 51/27/17 126/26/17
f 124/56/16 137/14/16 123/13/16
f 127/16/18 138/15/18 128/66/18
f 128/83/24 138/84/24 137/85/24 124/86/24
f 115/24/14 147/87/14 149/88/14 120/47/14
f 120/89/25 132/90/25 131/91/25 119/92/25
f 119/52/10 144/93/10 143/94/10 118/53/10
f 118/95/25 130/96/25 129/97/25 117/98/25
f 117/46/9 141/99/9 139/100/9 113/31/9
f 140/101/26 139/102/26 141/103/26 142/104/26
f 113/31/5 139/100/5 140/105/5 134/30/5
f 134/30/6 140/105/6 142/106/6 129/63/6
f 129/64/19 142/107/19 141/108/19 117/55/19
f 144/109/27 146/110/27 145/111/27 143/112/27
f 131/59/13 146/113/13 144/114/13 119/50/13
f 118/53/12 143/94/12 145/115/12 130/57/12
f 130/57/1 145/115/1 146/116/1 131/58/1
f 148/117/28 150/118/28 149/119/28 147/120/28
f 132/62/3 150/121/3 148/122/3 136/23/3
f 120/47/21 149/88/21 150/121/21 132/62/21
f 136/23/7 148/122/7 147/87/7 115/24/7
s 1
f 2/123/29 6/124/29 579/125/29 574/126/29
f 618/127/25 617/128/25 12/129/25 15/130/25
f 22/131/25 18/132/25 26/133/25 30/134/25
f 4/135/30 8/136/30 15/130/30 12/129/30
f 628/137/31 627/138/32 580/139/33 577/140/33
f 27/141/34 28/142/34 600/143/34 597/144/34
f 31/145/35 32/146/35 593/147/35 590/148/35
f 38/149/25 34/150/25 42/151/25 46/152/25
f 20/153/36 24/154/36 31/155/36 28/156/36
f 34/150/37 38/149/37 611/157/37 606/158/37
f 586/159/38 589/160/38 44/161/38 47/162/38
f 36/163/39 40/164/39 47/165/39 44/166/39
f 70/167/40 66/168/40 74/169/40 78/170/40
f 576/171/41 567/172/42 578/173/43
f 648/174/44 632/175/45 67/176/46 75/177/46
f 642/178/47 653/179/47 76/180/48 79/181/48
f 661/182/49 82/183/50 86/184/50 655/185/49
f 68/186/30 72/187/30 79/181/30 76/180/30
f 636/188/51 647/189/52 80/190/53 71/191/53
f 633/192/54 641/193/54 72/187/55 68/186/55
f 654/194/56 657/195/57 107/196/58 103/197/58
f 668/198/59 662/199/60 83/200/61 91/201/61
f 658/202/62 660/203/63 97/204/64 111/205/64
f 98/206/65 104/207/65 108/208/65 112/209/65
f 656/210/66 659/211/66 112/209/67 108/208/67
f 86/184/30 82/183/30 90/212/30 94/213/30
f 84/214/40 88/215/40 96/216/40 92/217/40
f 608/218/68 587/219/69 610/220/70
f 664/221/71 667/222/72 95/223/73 87/224/73
f 583/225/74 585/226/74 24/227/74 20/228/74
f 666/229/75 669/230/75 92/217/76 96/216/76
f 663/231/77 100/232/78 102/233/78 665/234/77
f 100/232/79 110/235/79 105/236/79 102/233/79
f 39/237/80 40/238/80 612/239/80 609/240/80
f 584/241/81 594/242/82 595/243/83
f 568/244/84 571/245/85 572/246/86
f 629/247/87 615/248/88 16/249/89 7/250/89
f 14/251/90 13/252/90 5/253/90 6/124/90
f 8/136/91 7/254/91 16/255/91 15/130/91
f 566/256/92 567/257/93 13/252/94 14/251/94
f 568/258/95 569/259/96 10/260/97 9/261/97
f 2/123/98 1/262/98 9/261/98 10/260/98
f 12/129/99 11/263/99 3/264/99 4/135/99
f 582/265/100 583/225/100 20/228/100 19/266/100
f 584/267/101 585/226/101 22/268/101 21/269/101
f 30/270/102 29/271/102 21/269/102 22/268/102
f 24/227/103 23/272/103 32/146/103 31/145/103
f 590/148/104 600/143/104 28/142/104 31/145/104
f 597/273/105 582/274/106 19/275/107 27/276/107
f 18/277/108 17/278/108 25/279/108 26/280/108
f 28/142/109 27/141/109 19/266/109 20/228/109
f 588/281/110 603/282/111 604/283/112
f 609/284/113 587/219/69 48/285/114 39/286/114
f 46/152/115 45/287/115 37/288/115 38/149/115
f 40/238/116 39/237/116 48/289/116 47/162/116
f 586/159/117 587/290/117 45/287/117 46/152/117
f 588/291/118 589/160/118 42/151/118 41/292/118
f 34/150/119 33/293/119 41/292/119 42/151/119
f 44/161/120 43/294/120 35/295/120 36/296/120
f 632/297/121 633/192/122 68/186/123 67/298/123
f 638/299/124 639/300/125 70/167/126 69/301/126
f 78/170/90 77/302/90 69/301/90 70/167/90
f 72/187/91 71/303/91 80/304/91 79/181/91
f 644/305/127 645/306/128 77/302/129 78/170/129
f 650/307/130 651/308/131 74/169/132 73/309/132
f 66/168/98 65/310/98 73/309/98 74/169/98
f 76/180/99 75/311/99 67/298/99 68/186/99
f 94/213/99 93/312/99 85/313/99 86/184/99
f 88/215/98 87/314/98 95/315/98 96/216/98
f 82/183/91 81/316/91 89/317/91 90/212/91
f 92/217/90 91/318/90 83/319/90 84/214/90
f 662/320/133 663/231/134 84/214/135 83/319/135
f 654/321/136 655/185/137 86/184/138 85/313/138
f 656/210/139 657/322/140 93/312/141 94/213/141
f 658/323/142 659/211/143 90/212/144 89/317/144
f 660/324/145 661/182/146 98/206/147 97/325/147
f 664/326/148 665/234/149 102/233/150 101/327/150
f 666/229/151 667/328/152 106/329/153 105/236/153
f 668/330/154 669/230/155 110/235/156 109/331/156
f 104/207/157 103/332/157 107/333/157 108/208/157
f 101/327/158 102/233/158 105/236/158 106/329/158
f 112/209/159 111/334/159 97/325/159 98/206/159
f 109/331/160 110/235/160 100/232/160 99/335/160
f 6/124/40 2/123/40 10/260/40 14/251/40
f 245/336/161 250/337/162 241/338/163 238/339/164
f 248/340/165 247/341/166 240/342/166 239/343/165
f 249/344/167 246/345/167 243/346/167 248/340/167
f 242/347/168 249/344/168 248/340/165 239/343/165
f 235/348/169 240/342/170 247/341/171 244/349/172
f 171/350/173 172/351/174 173/352/174 174/353/173
f 172/351/174 175/354/175 176/355/175 173/352/174
f 175/354/175 177/356/176 178/357/176 176/355/175
f 177/356/176 179/358/177 180/359/177 178/357/176
f 179/358/177 181/360/178 182/361/178 180/359/177
f 181/360/178 183/362/179 184/363/179 182/361/178
f 183/362/179 185/364/180 186/365/180 184/363/179
f 185/364/180 187/366/181 188/367/181 186/365/180
f 153/368/182 191/369/183 155/370/184
f 187/366/181 189/371/185 190/372/185 188/367/181
f 189/371/185 171/350/173 174/353/173 190/372/185
f 162/373/186 192/374/187 160/375/188
f 153/376/189 172/377/190 171/378/191 151/379/192
f 152/380/193 174/381/194 173/382/195 154/383/196
f 155/384/197 175/385/198 172/377/190 153/376/189
f 154/383/196 173/382/195 176/386/199 156/387/200
f 157/388/201 177/389/202 175/385/198 155/384/197
f 156/387/200 176/386/199 178/390/203 158/391/204
f 159/392/205 179/393/206 177/389/202 157/388/201
f 158/391/204 178/390/203 180/394/207 160/395/208
f 161/396/209 181/397/210 179/393/206 159/392/205
f 160/395/208 180/394/207 182/398/211 162/399/212
f 163/400/213 183/401/214 181/397/210 161/396/209
f 162/399/212 182/398/211 184/402/215 164/403/216
f 165/404/217 185/405/218 183/401/214 163/400/213
f 164/403/216 184/402/215 186/406/219 166/407/220
f 167/408/221 187/409/222 185/405/218 165/404/217
f 166/407/220 186/406/219 188/410/223 168/411/224
f 169/412/225 189/413/226 187/409/222 167/408/221
f 168/411/224 188/410/223 190/414/227 170/415/228
f 151/379/192 171/378/191 189/413/226 169/412/225
f 170/415/228 190/414/227 174/381/194 152/380/193
f 170/416/229 192/417/187 168/418/230
f 161/419/231 191/420/183 163/421/232
f 156/422/233 192/423/187 154/424/234
f 169/425/235 191/369/183 151/426/236
f 164/427/237 192/428/187 162/373/186
f 155/370/184 191/429/183 157/430/238
f 152/431/239 192/432/187 170/416/229
f 163/421/232 191/433/183 165/434/240
f 158/435/241 192/436/187 156/422/233
f 166/437/242 192/436/187 164/427/237
f 157/430/238 191/438/183 159/439/243
f 165/434/240 191/438/183 167/440/244
f 160/375/188 192/428/187 158/435/241
f 151/426/236 191/441/183 153/368/182
f 168/418/230 192/423/187 166/437/242
f 159/439/243 191/433/183 161/419/231
f 154/424/234 192/417/187 152/431/239
f 167/440/244 191/429/183 169/425/235
f 213/442/173 214/443/174 215/444/174 216/445/173
f 214/443/174 217/446/175 218/447/175 215/444/174
f 217/446/175 219/448/176 220/449/176 218/447/175
f 219/448/176 221/450/177 222/451/177 220/449/176
f 221/450/177 223/452/178 224/453/178 222/451/177
f 223/452/178 225/454/179 226/455/179 224/453/178
f 225/454/179 227/456/180 228/457/180 226/455/179
f 227/456/180 229/458/181 230/459/181 228/457/180
f 195/460/182 233/461/183 197/462/184
f 229/458/181 231/463/185 232/464/185 230/459/181
f 231/463/185 213/442/173 216/445/173 232/464/185
f 204/465/186 234/466/187 202/467/188
f 195/468/189 214/469/190 213/470/191 193/471/192
f 194/472/193 216/473/194 215/474/195 196/475/196
f 197/476/197 217/477/198 214/469/190 195/468/189
f 196/475/196 215/474/195 218/478/199 198/479/200
f 199/480/201 219/481/202 217/477/198 197/476/197
f 198/479/200 218/478/199 220/482/203 200/483/204
f 201/484/205 221/485/206 219/481/202 199/480/201
f 200/483/204 220/482/203 222/486/207 202/487/208
f 203/488/209 223/489/210 221/485/206 201/484/205
f 202/487/208 222/486/207 224/490/211 204/491/212
f 205/492/213 225/493/214 223/489/210 203/488/209
f 204/491/212 224/490/211 226/494/215 206/495/216
f 207/496/217 227/497/218 225/493/214 205/492/213
f 206/495/216 226/494/215 228/498/219 208/499/220
f 209/500/221 229/501/222 227/497/218 207/496/217
f 208/499/220 228/498/219 230/502/223 210/503/224
f 211/504/225 231/505/226 229/501/222 209/500/221
f 210/503/224 230/502/223 232/506/227 212/507/228
f 193/471/192 213/470/191 231/505/226 211/504/225
f 212/507/228 232/506/227 216/473/194 194/472/193
f 212/508/229 234/509/187 210/510/230
f 203/511/245 233/512/183 205/513/232
f 198/514/233 234/515/187 196/516/234
f 211/517/235 233/461/183 193/518/246
f 206/519/237 234/520/187 204/465/186
f 197/462/184 233/521/183 199/522/247
f 194/523/239 234/524/187 212/508/229
f 205/513/232 233/525/183 207/526/240
f 200/527/248 234/528/187 198/514/233
f 208/529/242 234/528/187 206/519/237
f 199/522/247 233/530/183 201/531/243
f 207/526/240 233/530/183 209/532/244
f 202/467/188 234/520/187 200/527/248
f 193/518/246 233/533/183 195/460/182
f 210/510/230 234/515/187 208/529/242
f 201/531/243 233/525/183 203/511/245
f 196/516/234 234/509/187 194/523/239
f 209/532/244 233/521/183 211/517/235
f 235/348/169 236/534/249 239/343/249 240/342/170
f 241/338/163 242/347/250 237/535/250 238/339/164
f 247/341/171 248/340/251 243/346/251 244/349/172
f 245/336/161 246/345/252 249/344/252 250/337/162
f 237/535/253 242/347/253 239/343/253 236/534/253
f 241/338/254 250/337/254 249/344/168 242/347/168
f 264/536/255 265/537/255 256/538/255 257/539/255
f 265/537/256 266/540/257 258/541/258 256/538/256
f 266/540/257 267/542/259 259/543/260 258/541/258
f 267/542/259 268/544/261 260/545/261 259/543/260
f 268/544/262 269/546/262 261/547/262 260/545/262
f 269/546/263 270/548/264 262/549/265 261/547/263
f 270/548/264 271/550/266 263/551/267 262/549/265
f 271/550/266 264/536/268 257/539/268 263/551/267
f 253/552/269 272/553/269 273/554/269 254/555/269
f 252/556/270 257/557/271 256/558/272
f 252/556/270 256/558/272 258/559/273
f 252/556/270 258/559/273 259/560/274
f 252/556/270 259/560/274 260/561/275
f 252/556/270 260/561/275 261/562/276
f 252/556/270 261/562/276 262/563/277
f 252/556/270 262/563/277 263/564/278
f 252/556/270 263/564/278 257/557/271
f 253/552/279 265/537/280 264/536/281 251/565/282
f 253/552/279 266/540/283 265/537/280
f 254/555/284 267/542/285 266/540/283 253/552/279
f 254/555/284 268/544/286 267/542/285
f 255/566/287 269/546/288 268/544/286 254/555/284
f 255/566/287 270/548/289 269/546/288
f 251/565/282 271/550/290 270/548/289 255/566/287
f 251/565/282 264/536/281 271/550/290
f 255/566/291 274/567/291 275/568/291 251/565/291
f 254/555/292 273/554/292 274/567/292 255/566/292
f 251/565/293 275/568/293 272/553/293 253/552/293
f 285/569/294 286/570/294 277/571/294 278/572/294
f 286/570/295 287/573/296 279/574/297 277/571/295
f 287/573/296 288/575/298 280/576/299 279/574/297
f 288/575/298 289/577/300 281/578/300 280/576/299
f 289/577/262 290/579/262 282/580/262 281/578/262
f 290/579/301 291/581/302 283/582/303 282/580/301
f 291/581/302 292/583/304 284/584/305 283/582/303
f 292/583/304 285/569/306 278/572/306 284/584/305
f 276/585/307 278/586/308 277/587/309
f 276/585/307 277/587/309 279/588/310
f 276/585/307 279/588/310 280/589/311
f 276/585/307 280/589/311 281/590/312
f 276/585/307 281/590/312 282/591/313
f 276/585/307 282/591/313 283/592/314
f 276/585/307 283/592/314 284/593/315
f 276/585/307 284/593/315 278/586/308
f 387/594/161 392/595/162 383/596/163 380/597/164
f 390/598/165 389/599/166 382/600/166 381/601/165
f 391/602/167 388/603/167 385/604/167 390/598/167
f 384/605/168 391/602/168 390/598/165 381/601/165
f 377/606/169 382/600/170 389/599/171 386/607/172
f 313/608/173 314/609/174 315/610/174 316/611/173
f 314/609/174 317/612/175 318/613/175 315/610/174
f 317/612/175 319/614/176 320/615/176 318/613/175
f 319/614/176 321/616/177 322/617/177 320/615/176
f 321/616/177 323/618/178 324/619/178 322/617/177
f 323/618/178 325/620/179 326/621/179 324/619/178
f 325/620/179 327/622/180 328/623/180 326/621/179
f 327/622/180 329/624/181 330/625/181 328/623/180
f 295/626/182 333/627/183 297/628/184
f 329/624/181 331/629/185 332/630/185 330/625/181
f 331/629/185 313/608/173 316/611/173 332/630/185
f 304/631/186 334/632/187 302/633/188
f 295/634/189 314/635/190 313/636/191 293/637/192
f 294/638/193 316/639/194 315/640/195 296/641/196
f 297/642/197 317/643/198 314/635/190 295/634/189
f 296/641/196 315/640/195 318/644/199 298/645/200
f 299/646/201 319/647/202 317/643/198 297/642/197
f 298/645/200 318/644/199 320/648/203 300/649/204
f 301/650/205 321/651/206 319/647/202 299/646/201
f 300/649/204 320/648/203 322/652/207 302/653/208
f 303/654/209 323/655/210 321/651/206 301/650/205
f 302/653/208 322/652/207 324/656/211 304/657/212
f 305/658/213 325/659/214 323/655/210 303/654/209
f 304/657/212 324/656/211 326/660/215 306/661/216
f 307/662/217 327/663/218 325/659/214 305/658/213
f 306/661/216 326/660/215 328/664/219 308/665/220
f 309/666/221 329/667/222 327/663/218 307/662/217
f 308/665/220 328/664/219 330/668/223 310/669/224
f 311/670/225 331/671/226 329/667/222 309/666/221
f 310/669/224 330/668/223 332/672/227 312/673/228
f 293/637/192 313/636/191 331/671/226 311/670/225
f 312/673/228 332/672/227 316/639/194 294/638/193
f 312/674/229 334/675/187 310/676/230
f 303/677/231 333/678/183 305/679/232
f 298/680/233 334/681/187 296/682/234
f 311/683/235 333/627/183 293/684/236
f 306/685/237 334/686/187 304/631/186
f 297/628/184 333/687/183 299/688/238
f 294/689/239 334/690/187 312/674/229
f 305/679/232 333/691/183 307/692/240
f 300/693/248 334/694/187 298/680/233
f 308/695/242 334/694/187 306/685/237
f 299/688/238 333/696/183 301/697/243
f 307/692/240 333/696/183 309/698/244
f 302/633/188 334/686/187 300/693/248
f 293/684/236 333/699/183 295/626/182
f 310/676/230 334/681/187 308/695/242
f 301/697/243 333/691/183 303/677/231
f 296/682/234 334/675/187 294/689/239
f 309/698/244 333/687/183 311/683/235
f 355/700/173 356/701/174 357/702/174 358/703/173
f 356/701/174 359/704/175 360/705/175 357/702/174
f 359/704/175 361/706/176 362/707/176 360/705/175
f 361/706/176 363/708/177 364/709/177 362/707/176
f 363/708/177 365/710/178 366/711/178 364/709/177
f 365/710/178 367/712/179 368/713/179 366/711/178
f 367/712/179 369/714/180 370/715/180 368/713/179
f 369/714/180 371/716/181 372/717/181 370/715/180
f 337/718/182 375/719/183 339/720/184
f 371/716/181 373/721/185 374/722/185 372/717/181
f 373/721/185 355/700/173 358/703/173 374/722/185
f 346/723/186 376/724/187 344/725/188
f 337/726/189 356/727/190 355/728/191 335/729/192
f 336/730/193 358/731/194 357/732/195 338/733/196
f 339/734/197 359/735/198 356/727/190 337/726/189
f 338/733/196 357/732/195 360/736/199 340/737/200
f 341/738/316 361/739/202 359/735/198 339/734/197
f 340/737/200 360/736/199 362/740/203 342/741/204
f 343/742/205 363/743/206 361/739/202 341/738/316
f 342/741/204 362/740/203 364/744/207 344/745/208
f 345/746/209 365/747/210 363/743/206 343/742/205
f 344/745/208 364/744/207 366/748/211 346/749/212
f 347/750/213 367/751/214 365/747/210 345/746/209
f 346/749/212 366/748/211 368/752/215 348/753/216
f 349/754/217 369/755/218 367/751/214 347/750/213
f 348/753/216 368/752/215 370/756/219 350/757/220
f 351/758/221 371/759/222 369/755/218 349/754/217
f 350/757/220 370/756/219 372/760/223 352/761/224
f 353/762/225 373/763/226 371/759/222 351/758/221
f 352/761/224 372/760/223 374/764/227 354/765/228
f 335/729/192 355/728/191 373/763/226 353/762/225
f 354/765/228 374/764/227 358/731/194 336/730/193
f 354/766/229 376/767/187 352/768/230
f 345/769/245 375/770/183 347/771/232
f 340/772/233 376/773/187 338/774/234
f 353/775/235 375/719/183 335/776/246
f 348/777/237 376/778/187 346/723/186
f 339/720/184 375/779/183 341/780/247
f 336/781/239 376/782/187 354/766/229
f 347/771/232 375/783/183 349/784/240
f 342/785/248 376/786/187 340/772/233
f 350/787/242 376/786/187 348/777/237
f 341/780/247 375/788/183 343/789/243
f 349/784/240 375/788/183 351/790/244
f 344/725/188 376/778/187 342/785/248
f 335/776/246 375/791/183 337/718/182
f 352/768/230 376/773/187 350/787/242
f 343/789/243 375/783/183 345/769/245
f 338/774/234 376/767/187 336/781/239
f 351/790/244 375/779/183 353/775/235
f 377/606/169 378/792/249 381/601/249 382/600/170
f 383/596/163 384/605/250 379/793/250 380/597/164
f 389/599/171 390/598/251 385/604/251 386/607/172
f 387/594/161 388/603/252 391/602/252 392/595/162
f 379/793/253 384/605/253 381/601/253 378/792/253
f 383/596/254 392/595/254 391/602/168 384/605/168
f 406/794/317 407/795/317 398/796/317 399/797/317
f 407/795/318 408/798/319 400/799/320 398/796/318
f 408/798/319 409/800/321 401/801/322 400/799/320
f 409/800/321 410/802/323 402/803/323 401/801/322
f 410/802/324 411/804/324 403/805/324 402/803/324
f 411/804/325 412/806/326 404/807/327 403/805/325
f 412/806/326 413/808/328 405/809/329 404/807/327
f 413/808/328 406/794/330 399/797/330 405/809/329
f 395/810/331 414/811/331 415/812/331 396/813/331
f 394/814/332 399/815/333 398/816/334
f 394/814/332 398/816/334 400/817/335
f 394/814/332 400/817/335 401/818/336
f 394/814/332 401/818/336 402/819/337
f 394/814/332 402/819/337 403/820/338
f 394/814/332 403/820/338 404/821/339
f 394/814/332 404/821/339 405/822/340
f 394/814/332 405/822/340 399/815/333
f 395/810/341 407/795/342 406/794/343 393/823/344
f 395/810/341 408/798/345 407/795/342
f 396/813/346 409/800/347 408/798/345 395/810/341
f 396/813/346 410/802/348 409/800/347
f 397/824/349 411/804/350 410/802/348 396/813/346
f 397/824/349 412/806/351 411/804/350
f 393/823/344 413/808/352 412/806/351 397/824/349
f 393/823/344 406/794/343 413/808/352
f 397/824/353 416/825/353 417/826/353 393/823/353
f 396/813/354 415/812/354 416/825/354 397/824/354
f 393/823/355 417/826/355 414/811/355 395/810/355
f 427/827/294 428/828/294 419/829/294 420/830/294
f 428/828/356 429/831/357 421/832/358 419/829/356
f 429/831/357 430/833/359 422/834/360 421/832/358
f 430/833/359 431/835/361 423/836/361 422/834/360
f 431/835/262 432/837/262 424/838/262 423/836/262
f 432/837/362 433/839/363 425/840/364 424/838/362
f 433/839/363 434/841/365 426/842/366 425/840/364
f 434/841/365 427/827/367 420/830/367 426/842/366
f 418/843/307 420/844/368 419/845/369
f 418/843/307 419/845/369 421/846/370
f 418/843/307 421/846/370 422/847/371
f 418/843/307 422/847/371 423/848/312
f 418/843/307 423/848/312 424/849/372
f 418/843/307 424/849/372 425/850/373
f 418/843/307 425/850/373 426/851/374
f 418/843/307 426/851/374 420/844/368
f 483/852/375 486/853/375 458/854/376 455/855/376
f 443/856/377 451/857/378 454/858/379 446/859/380
f 445/860/29 453/861/29 450/862/29 440/863/29
f 448/864/381 438/865/382 439/866/383 449/867/384
f 437/868/385 438/865/382 448/864/381 447/869/385
f 450/862/386 449/867/384 439/866/383 440/863/386
f 452/870/387 451/857/378 443/856/377 444/871/387
f 445/860/388 446/859/380 454/858/379 453/861/388
f 437/868/25 447/869/25 452/870/25 444/871/25
f 435/872/389 447/873/390 448/874/391
f 436/875/392 449/876/393 450/877/394
f 441/878/395 451/879/396 452/880/397
f 442/881/398 453/882/399 454/883/400
f 441/878/395 452/880/397 447/873/390 435/872/389
f 435/872/389 448/874/391 449/876/393 436/875/392
f 442/881/398 454/883/400 451/879/396 441/878/395
f 436/875/392 450/877/394 453/882/399 442/881/398
f 486/884/401 488/885/402 460/886/403 458/887/404
f 489/888/405 483/889/406 455/890/407 461/891/408
f 435/872/409 459/892/410 462/893/410 441/878/409
f 436/894/411 457/895/412 459/896/413 435/897/411
f 441/898/414 462/899/415 456/900/416 442/901/414
f 456/902/417 455/855/376 458/854/376 457/903/417
f 462/899/415 461/891/408 455/890/407 456/900/416
f 460/886/403 459/896/413 457/895/412 458/887/404
f 461/904/418 462/893/410 459/892/410 460/905/418
f 442/881/419 456/902/417 457/903/417 436/875/419
f 471/906/380 474/907/377 482/908/378 479/909/379
f 473/910/25 468/911/25 478/912/25 481/913/25
f 476/914/384 477/915/381 467/916/382 466/917/383
f 465/918/386 475/919/386 476/914/384 466/917/383
f 478/912/385 468/911/385 467/916/382 477/915/381
f 480/920/388 472/921/388 471/906/380 479/909/379
f 473/910/387 481/913/387 482/908/378 474/907/377
f 465/918/29 472/921/29 480/920/29 475/919/29
f 463/922/392 476/923/393 475/924/394
f 464/925/389 478/926/390 477/927/391
f 469/928/398 480/929/399 479/930/400
f 470/931/395 482/932/396 481/933/397
f 469/928/398 463/922/392 475/924/394 480/929/399
f 463/922/392 464/925/389 477/927/391 476/923/393
f 470/931/395 469/928/398 479/930/400 482/932/396
f 464/925/389 470/931/395 481/933/397 478/926/390
f 463/922/420 469/928/420 490/934/421 487/935/421
f 464/936/422 463/937/422 487/938/423 485/939/424
f 469/940/425 470/941/425 484/942/426 490/943/427
f 484/944/428 485/945/428 486/853/375 483/852/375
f 490/943/427 484/942/426 483/889/406 489/888/405
f 488/885/402 486/884/401 485/939/424 487/938/423
f 489/946/429 488/947/429 487/935/421 490/934/421
f 470/931/430 464/925/430 485/945/428 484/944/428
f 488/947/429 489/946/429 461/904/418 460/905/418
f 504/948/431 505/949/431 496/950/431 497/951/431
f 505/949/432 506/952/433 498/953/434 496/950/432
f 506/952/433 507/954/435 499/955/436 498/953/434
f 507/954/435 508/956/437 500/957/437 499/955/436
f 508/956/438 509/958/438 501/959/438 500/957/438
f 509/958/439 510/960/440 502/961/441 501/959/439
f 510/960/440 511/962/442 503/963/443 502/961/441
f 511/962/442 504/948/444 497/951/444 503/963/443
f 493/964/445 512/965/445 513/966/445 494/967/445
f 492/968/446 497/969/447 496/970/448
f 492/968/446 496/970/448 498/971/449
f 492/968/446 498/971/449 499/972/450
f 492/968/446 499/972/450 500/973/451
f 492/968/446 500/973/451 501/974/452
f 492/968/446 501/974/452 502/975/453
f 492/968/446 502/975/453 503/976/454
f 492/968/446 503/976/454 497/969/447
f 493/964/455 505/949/456 504/948/457 491/977/458
f 493/964/455 506/952/459 505/949/456
f 494/967/460 507/954/461 506/952/459 493/964/455
f 494/967/460 508/956/462 507/954/461
f 495/978/463 509/958/464 508/956/462 494/967/460
f 495/978/463 510/960/465 509/958/464
f 491/977/458 511/962/466 510/960/465 495/978/463
f 491/977/458 504/948/457 511/962/466
f 495/978/467 514/979/467 515/980/467 491/977/467
f 494/967/468 513/966/468 514/979/468 495/978/468
f 491/977/469 515/980/469 512/965/469 493/964/469
f 529/981/470 530/982/470 521/983/470 522/984/470
f 530/982/471 531/985/472 523/986/473 521/983/471
f 531/985/472 532/987/474 524/988/475 523/986/473
f 532/987/474 533/989/476 525/990/476 524/988/475
f 533/989/477 534/991/477 526/992/477 525/990/477
f 534/991/478 535/993/479 527/994/480 526/992/478
f 535/993/479 536/995/481 528/996/482 527/994/480
f 536/995/481 529/981/483 522/984/483 528/996/482
f 518/997/484 537/998/484 538/999/484 519/1000/484
f 517/1001/485 522/1002/486 521/1003/487
f 517/1001/485 521/1003/487 523/1004/488
f 517/1001/485 523/1004/488 524/1005/489
f 517/1001/485 524/1005/489 525/1006/490
f 517/1001/485 525/1006/490 526/1007/491
f 517/1001/485 526/1007/491 527/1008/492
f 517/1001/485 527/1008/492 528/1009/493
f 517/1001/485 528/1009/493 522/1002/486
f 518/997/494 530/982/495 529/981/496 516/1010/497
f 518/997/494 531/985/498 530/982/495
f 519/1000/499 532/987/500 531/985/498 518/997/494
f 519/1000/499 533/989/501 532/987/500
f 520/1011/502 534/991/503 533/989/501 519/1000/499
f 520/1011/502 535/993/504 534/991/503
f 516/1010/497 536/995/505 535/993/504 520/1011/502
f 516/1010/497 529/981/496 536/995/505
f 520/1011/506 539/1012/506 540/1013/506 516/1010/506
f 519/1000/507 538/999/507 539/1012/507 520/1011/507
f 516/1010/508 540/1013/508 537/998/508 518/997/508
f 554/1014/509 555/1015/509 546/1016/509 547/1017/509
f 555/1015/510 556/1018/511 548/1019/512 546/1016/510
f 556/1018/511 557/1020/513 549/1021/514 548/1019/512
f 557/1020/513 558/1022/515 550/1023/515 549/1021/514
f 558/1022/516 559/1024/516 551/1025/516 550/1023/516
f 559/1024/517 560/1026/518 552/1027/519 551/1025/517
f 560/1026/518 561/1028/520 553/1029/521 552/1027/519
f 561/1028/520 554/1014/522 547/1017/522 553/1029/521
f 543/1030/523 562/1031/523 563/1032/523 544/1033/523
f 542/1034/524 547/1035/525 546/1036/526
f 542/1034/524 546/1036/526 548/1037/527
f 542/1034/524 548/1037/527 549/1038/528
f 542/1034/524 549/1038/528 550/1039/529
f 542/1034/524 550/1039/529 551/1040/530
f 542/1034/524 551/1040/530 552/1041/531
f 542/1034/524 552/1041/531 553/1042/532
f 542/1034/524 553/1042/532 547/1035/525
f 543/1030/533 555/1015/534 554/1014/535 541/1043/536
f 543/1030/533 556/1018/537 555/1015/534
f 544/1033/538 557/1020/539 556/1018/537 543/1030/533
f 544/1033/538 558/1022/540 557/1020/539
f 545/1044/541 559/1024/542 558/1022/540 544/1033/538
f 545/1044/541 560/1026/543 559/1024/542
f 541/1043/536 561/1028/544 560/1026/543 545/1044/541
f 541/1043/536 554/1014/535 561/1028/544
f 545/1044/545 564/1045/545 565/1046/545 541/1043/545
f 544/1033/546 563/1032/546 564/1045/546 545/1044/546
f 541/1043/547 565/1046/547 562/1031/547 543/1030/547
f 621/1047/548 616/1048/549 569/259/96 568/258/95
f 619/1049/550 614/1050/551 567/257/93 566/256/92
f 620/1051/552 623/1052/553 3/1053/554 11/1054/554
f 624/1055/29 626/1056/29 8/136/29 4/135/29
f 576/1057/555 579/125/555 6/124/555 5/253/555
f 14/251/25 10/260/25 569/259/25 566/256/25
f 1/262/556 2/123/556 574/126/556 571/1058/556
f 576/1057/557 578/1059/557 581/1060/557 579/125/557
f 578/1059/558 577/140/558 580/139/558 581/1060/558
f 570/1061/559 572/1062/559 575/1063/559 573/1064/559
f 572/1062/560 571/1058/560 574/126/560 575/1063/560
f 573/1064/561 575/1063/561 581/1060/561 580/139/561
f 575/1063/562 574/126/562 579/125/562 581/1060/562
f 623/1065/563 624/1055/564 4/135/565 3/264/565
f 602/1066/566 605/1067/566 36/296/566 35/295/566
f 584/241/81 593/1068/567 32/1069/568 23/1070/568
f 23/272/101 24/227/101 585/226/101 584/267/101
f 17/278/100 18/277/100 583/225/100 582/265/100
f 596/1071/569 582/274/106 598/1072/570
f 18/277/74 22/268/74 585/226/74 583/225/74
f 591/1073/35 594/1074/35 29/271/35 30/270/35
f 596/1075/34 599/1076/34 26/280/34 25/279/34
f 43/294/118 44/161/118 589/160/118 588/291/118
f 47/162/117 48/289/117 587/290/117 586/159/117
f 598/1072/570 582/274/106 597/273/105
f 588/281/110 602/1077/571 35/1078/572 43/1079/572
f 608/1080/80 611/157/80 38/149/80 37/288/80
f 605/1067/37 612/239/37 40/238/37 36/296/37
f 46/152/38 42/151/38 589/160/38 586/159/38
f 33/293/566 34/150/566 606/158/566 603/1081/566
f 41/1082/572 33/1083/572 603/282/111 588/281/110
f 604/283/112 602/1077/571 588/281/110
f 37/1084/114 45/1085/114 587/219/69 608/218/68
f 610/220/70 587/219/69 609/284/113
f 5/1086/573 13/1087/573 567/172/42 576/171/41
f 578/173/43 567/172/42 577/1088/574
f 9/1089/575 1/1090/575 571/245/85 568/244/84
f 572/246/86 570/1091/576 568/244/84
f 596/1075/577 598/1092/577 601/1093/577 599/1076/577
f 598/1092/578 597/144/578 600/143/578 601/1093/578
f 591/1073/579 592/1094/579 595/1095/579 594/1074/579
f 592/1094/580 590/148/580 593/147/580 595/1095/580
f 590/148/581 592/1094/581 601/1093/581 600/143/581
f 592/1094/582 591/1073/582 599/1076/582 601/1093/582
f 608/1080/583 610/1096/583 613/1097/583 611/157/583
f 610/1096/584 609/240/584 612/239/584 613/1097/584
f 602/1066/585 604/1098/585 607/1099/585 605/1067/585
f 604/1098/586 603/1081/586 606/158/586 607/1099/586
f 605/1067/587 607/1099/587 613/1097/587 612/239/587
f 607/1099/588 606/158/588 611/157/588 613/1097/588
f 30/270/104 26/280/104 599/1076/104 591/1073/104
f 25/1100/107 17/1101/107 582/274/106 596/1071/569
f 595/243/83 593/1068/567 584/241/81
f 21/1102/568 29/1103/568 594/242/82 584/241/81
f 570/1061/589 573/1064/589 625/1104/590 622/1105/591
f 622/1105/591 625/1104/590 624/1055/564 623/1065/563
f 573/1064/29 580/139/29 627/138/29 625/1104/29
f 625/1104/29 627/138/29 626/1056/29 624/1055/29
f 568/244/84 570/1091/576 622/1106/592 621/1107/593
f 621/1107/593 622/1106/592 623/1052/553 620/1051/552
f 15/130/594 16/255/594 615/1108/595 618/127/596
f 618/127/596 615/1108/595 614/1050/551 619/1049/550
f 11/263/597 12/129/597 617/128/598 620/1109/599
f 620/1109/599 617/128/598 616/1048/549 621/1047/548
f 577/1088/574 567/172/42 614/1110/600 628/1111/601
f 628/1111/601 614/1110/600 615/248/88 629/247/87
f 7/254/602 8/136/602 626/1056/603 629/1112/604
f 629/1112/604 626/1056/603 627/138/32 628/137/31
f 566/256/25 569/259/25 616/1048/25 619/1049/25
f 619/1049/25 616/1048/25 617/128/25 618/127/25
f 75/311/605 76/180/605 653/179/606 648/1113/607
f 648/1113/607 653/179/606 652/1114/608 649/1115/609
f 649/1115/609 652/1114/608 651/308/131 650/307/130
f 79/181/610 80/304/610 647/1116/611 642/178/612
f 642/178/612 647/1116/611 646/1117/613 643/1118/614
f 643/1118/614 646/1117/613 645/306/128 644/305/127
f 71/303/615 72/187/615 641/193/616 636/1119/617
f 636/1119/617 641/193/616 640/1120/618 637/1121/619
f 637/1121/619 640/1120/618 639/300/125 638/299/124
f 65/310/620 66/168/620 635/1122/621 630/1123/622
f 630/1123/622 635/1122/621 634/1124/623 631/1125/624
f 631/1125/624 634/1124/623 633/192/122 632/297/121
f 66/168/625 70/167/625 639/300/626 635/1122/626
f 635/1122/626 639/300/626 640/1120/627 634/1124/627
f 634/1124/627 640/1120/627 641/193/54 633/192/54
f 69/1126/628 77/1127/628 645/1128/629 638/1129/630
f 638/1129/630 645/1128/629 646/1130/631 637/1131/632
f 637/1131/632 646/1130/631 647/189/52 636/188/51
f 78/170/633 74/169/633 651/308/634 644/305/634
f 644/305/634 651/308/634 652/1114/635 643/1118/635
f 643/1118/635 652/1114/635 653/179/47 642/178/47
f 73/1132/636 65/1133/636 630/1134/637 650/1135/638
f 650/1135/638 630/1134/637 631/1136/639 649/1137/640
f 649/1137/640 631/1136/639 632/175/45 648/174/44
f 81/316/641 82/183/641 661/182/146 660/324/145
f 111/334/642 112/209/642 659/211/143 658/323/142
f 108/208/643 107/333/643 657/322/140 656/210/139
f 103/332/644 104/207/644 655/185/137 654/321/136
f 94/213/645 90/212/645 659/211/66 656/210/66
f 89/1138/646 81/1139/646 660/203/63 658/202/62
f 85/1140/647 93/1141/647 657/195/57 654/194/56
f 98/206/648 661/182/49 655/185/49 104/207/648
f 91/318/649 92/217/649 669/230/155 668/330/154
f 96/216/650 95/315/650 667/328/152 666/229/151
f 87/314/651 88/215/651 665/234/149 664/326/148
f 99/335/652 100/232/652 663/231/134 662/320/133
f 84/214/653 663/231/77 665/234/77 88/215/653
f 105/236/654 110/235/654 669/230/75 666/229/75
f 101/1142/655 106/1143/655 667/222/72 664/221/71
f 109/1144/656 99/1145/656 662/199/60 668/198/59
f 718/1146/657 721/1147/657 693/1148/658 690/1149/658
f 678/1150/659 686/1151/660 689/1152/661 681/1153/662
f 680/1154/29 688/1155/29 685/1156/29 675/1157/29
f 683/1158/663 673/1159/664 674/1160/665 684/1161/666
f 672/1162/667 673/1159/664 683/1158/663 682/1163/667
f 685/1156/668 684/1161/666 674/1160/665 675/1157/668
f 687/1164/669 686/1151/660 678/1150/659 679/1165/669
f 680/1154/670 681/1153/662 689/1152/661 688/1155/670
f 672/1162/25 682/1163/25 687/1164/25 679/1165/25
f 670/1166/671 682/1167/672 683/1168/673
f 671/1169/674 684/1170/675 685/1171/676
f 676/1172/677 686/1173/678 687/1174/679
f 677/1175/680 688/1176/681 689/1177/682
f 676/1172/677 687/1174/679 682/1167/672 670/1166/671
f 670/1166/671 683/1168/673 684/1170/675 671/1169/674
f 677/1175/680 689/1177/682 686/1173/678 676/1172/677
f 671/1169/674 685/1171/676 688/1176/681 677/1175/680
f 721/1178/683 723/1179/684 695/1180/685 693/1181/686
f 724/1182/687 718/1183/688 690/1184/689 696/1185/690
f 670/1166/691 694/1186/692 697/1187/692 676/1172/691
f 671/1188/693 692/1189/694 694/1190/695 670/1191/693
f 676/1192/696 697/1193/697 691/1194/698 677/1195/696
f 691/1196/699 690/1149/658 693/1148/658 692/1197/699
f 697/1193/697 696/1185/690 690/1184/689 691/1194/698
f 695/1180/685 694/1190/695 692/1189/694 693/1181/686
f 696/1198/700 697/1187/692 694/1186/692 695/1199/700
f 677/1175/701 691/1196/699 692/1197/699 671/1169/701
f 706/1200/662 709/1201/659 717/1202/660 714/1203/661
f 708/1204/25 703/1205/25 713/1206/25 716/1207/25
f 711/1208/666 712/1209/663 702/1210/664 701/1211/665
f 700/1212/668 710/1213/668 711/1208/666 701/1211/665
f 713/1206/667 703/1205/667 702/1210/664 712/1209/663
f 715/1214/670 707/1215/670 706/1200/662 714/1203/661
f 708/1204/669 716/1207/669 717/1202/660 709/1201/659
f 700/1212/29 707/1215/29 715/1214/29 710/1213/29
f 698/1216/674 711/1217/675 710/1218/676
f 699/1219/671 713/1220/672 712/1221/673
f 704/1222/680 715/1223/681 714/1224/682
f 705/1225/677 717/1226/678 716/1227/679
f 704/1222/680 698/1216/674 710/1218/676 715/1223/681
f 698/1216/674 699/1219/671 712/1221/673 711/1217/675
f 705/1225/677 704/1222/680 714/1224/682 717/1226/678
f 699/1219/671 705/1225/677 716/1227/679 713/1220/672
f 698/1216/702 704/1222/702 725/1228/703 722/1229/703
f 699/1230/704 698/1231/704 722/1232/705 720/1233/706
f 704/1234/707 705/1235/707 719/1236/708 725/1237/709
f 719/1238/710 720/1239/710 721/1147/657 718/1146/657
f 725/1237/709 719/1236/708 718/1183/688 724/1182/687
f 723/1179/684 721/1178/683 720/1233/706 722/1232/705
f 724/1240/711 723/1241/711 722/1229/703 725/1228/703
f 705/1225/712 699/1219/712 720/1239/710 719/1238/710
f 723/1241/711 724/1240/711 696/1198/700 695/1199/700
