# Blender v3.4.1 OBJ File: 'April2026_Marksman_Assets_Export.blend'
# www.blender.org
mtllib Marksman_Rifle.mtl
o Marksman_Rifle
v -0.030935 0.004948 0.078939
v -0.055008 0.121793 0.034642
v 0.030938 0.004948 0.078939
v 0.055008 0.121793 0.034642
v 0.030938 -0.033654 0.015773
v -0.030935 -0.033654 0.015773
v 0.047619 0.032302 -0.071985
v 0.030938 -0.060566 -0.000423
v -0.030935 -0.060566 -0.000423
v 0.030938 -0.122898 -0.026340
v -0.030935 -0.122898 -0.026340
v -0.047616 0.032302 -0.071985
v -0.047616 -0.026971 -0.097465
v 0.047619 -0.026971 -0.097465
v -0.047616 -0.114017 -0.119718
v 0.047619 -0.114017 -0.119718
v -0.027530 -0.178994 -0.135948
v 0.027533 -0.178994 -0.135948
v -0.047616 0.100938 -0.501605
v 0.047619 0.100938 -0.501605
v -0.047616 0.020123 -0.528909
v 0.047619 0.020123 -0.528909
v -0.047616 -0.106804 -0.556775
v 0.047619 -0.106804 -0.556775
v -0.027530 -0.160225 -0.538014
v 0.027533 -0.160225 -0.538014
v -0.077318 0.060303 0.057786
v 0.077318 0.060303 0.057786
v 0.025987 0.006620 0.131826
v 0.055278 0.132226 0.097057
v -0.025984 0.006620 0.131826
v -0.055278 0.132226 0.097057
v -0.059028 0.006378 -0.015905
v 0.059028 0.006378 -0.015905
v 0.045888 0.084274 -0.018395
v -0.045888 0.084274 -0.018395
v -0.030935 -0.009815 0.039249
v 0.030938 -0.009815 0.039249
v -0.052152 -0.046665 -0.035047
v 0.052152 -0.046665 -0.035047
v -0.049523 -0.118561 -0.053126
v 0.049523 -0.118561 -0.053126
v -0.027530 -0.189938 -0.067299
v 0.027533 -0.189938 -0.067299
v -0.030935 -0.166101 -0.029022
v 0.030938 -0.166101 -0.029022
v 0.047619 -0.160194 -0.133055
v -0.047616 -0.160194 -0.133055
v 0.047619 -0.138030 -0.552936
v -0.047616 -0.138030 -0.552936
v 0.082481 0.067303 0.115183
v -0.082480 0.067303 0.115183
v 0.067199 0.038186 0.011726
v -0.067199 0.038186 0.011726
v 0.045559 -0.170100 -0.058289
v -0.045559 -0.170100 -0.058289
v 0.018881 0.006620 0.270778
v 0.043590 0.135648 0.270778
v -0.018879 0.006620 0.270778
v -0.043589 0.135648 0.270778
v 0.043590 0.135648 0.987135
v 0.018881 0.032157 1.019192
v -0.043589 0.135648 0.987135
v -0.018879 0.032157 1.019192
v 0.014234 0.023668 0.045083
v 0.014284 0.020875 0.102982
v 0.014284 -0.048298 0.086191
v 0.014284 -0.038745 0.114930
v -0.014242 0.023668 0.045083
v -0.014293 0.020875 0.102982
v -0.014293 -0.048298 0.086191
v -0.014293 -0.038745 0.114930
v 0.010712 -0.077112 0.128466
v 0.010712 -0.085323 0.111373
v -0.010720 -0.085323 0.111373
v -0.010720 -0.077112 0.128466
v -0.017988 -0.069122 0.177379
v 0.017985 -0.069122 0.177379
v 0.018614 -0.077255 0.205918
v -0.018617 -0.077255 0.205918
v -0.015121 -0.082130 -0.009397
v 0.015117 -0.082130 -0.009397
v 0.015066 -0.100018 -0.022575
v -0.015069 -0.100018 -0.022575
v 0.014284 -0.014547 0.066716
v 0.014284 -0.009738 0.108278
v -0.014293 -0.014547 0.066716
v -0.014293 -0.009738 0.108278
v -0.017076 -0.119389 0.171945
v -0.016822 -0.118249 0.099749
v 0.016993 -0.098640 0.154798
v 0.017073 -0.119389 0.171945
v -0.016997 -0.098640 0.154798
v -0.016822 -0.144293 0.099425
v 0.016818 -0.144293 0.099425
v 0.016818 -0.118249 0.099749
v 0.016021 -0.121830 0.006317
v 0.016021 -0.100216 0.017657
v -0.016025 -0.121830 0.006317
v -0.016025 -0.100216 0.017657
v 0.031425 0.187233 0.087691
v 0.031425 0.119268 0.054465
v 0.031425 0.158415 0.184670
v 0.031425 0.130813 0.140682
v -0.031413 0.187233 0.087691
v -0.031413 0.119268 0.054465
v -0.031413 0.158415 0.184670
v -0.031413 0.130813 0.140682
v -0.015232 0.172846 -0.011770
v -0.015232 0.150069 -0.023167
v 0.015232 0.150069 -0.023167
v 0.015232 0.172846 -0.011770
v -0.015913 0.113380 0.026798
v -0.015913 0.146234 0.059842
v 0.015913 0.113380 0.026798
v 0.015913 0.146234 0.059842
v -0.011935 0.158404 -0.037301
v -0.011935 0.177369 -0.028008
v 0.011935 0.177369 -0.028008
v -0.027344 0.041264 0.243755
v 0.027340 0.041264 0.243755
v 0.026417 0.034691 0.200701
v -0.026420 0.034691 0.200701
v 0.011935 0.158404 -0.037301
v -0.015913 0.134171 0.000985
v -0.015913 0.162337 0.019541
v -0.015913 0.090250 0.052532
v -0.015858 0.127714 0.105107
v 0.015913 0.134170 0.000985
v 0.015913 0.162337 0.019541
v 0.015913 0.090250 0.052532
v 0.015858 0.127714 0.105107
v 0.031425 0.130851 -0.005807
v 0.031425 0.067896 -0.007260
v -0.031413 0.130851 -0.005807
v -0.031413 0.067896 -0.007260
v 0.059615 0.098458 0.270778
v 0.058630 0.067199 0.270778
v -0.058628 0.067198 0.270778
v -0.059614 0.098458 0.270778
v 0.043376 0.067199 1.019192
v 0.052403 0.100155 1.004786
v -0.052403 0.100155 1.004786
v -0.043375 0.067199 1.019192
v 0.051413 0.135648 0.520361
v 0.051413 0.135648 1.686247
v 0.041594 0.105428 0.520361
v 0.041594 0.105428 1.686247
v 0.015887 0.086751 0.520361
v 0.015887 0.086751 1.686247
v -0.015887 0.086752 0.520361
v -0.015887 0.086752 1.686248
v -0.041594 0.105428 0.520361
v -0.041594 0.105428 1.686248
v -0.051413 0.135648 0.520361
v -0.051413 0.135648 1.686248
v -0.041594 0.165868 0.520361
v -0.041594 0.165868 1.686248
v -0.015887 0.184544 0.520361
v -0.015887 0.184544 1.686248
v 0.015887 0.184544 0.520361
v 0.015887 0.184544 1.686248
v 0.041594 0.165868 0.520361
v 0.041594 0.165868 1.686248
v 0.060292 0.135648 0.506817
v 0.048777 0.100209 0.506817
v 0.018631 0.078307 0.506817
v -0.018631 0.078307 0.506817
v -0.048777 0.100209 0.506817
v -0.060292 0.135648 0.506817
v -0.048777 0.171087 0.506817
v -0.018631 0.192989 0.506817
v 0.018631 0.192989 0.506817
v 0.048777 0.171087 0.506817
v 0.025620 0.117034 1.686248
v 0.031668 0.135648 1.686248
v 0.025620 0.154262 1.686248
v 0.009786 0.165766 1.686248
v -0.009786 0.165766 1.686248
v -0.025620 0.154262 1.686248
v -0.031668 0.135648 1.686248
v -0.025620 0.117034 1.686248
v -0.009786 0.105529 1.686248
v 0.009786 0.105529 1.686247
v 0.021699 0.119883 1.558349
v 0.026821 0.135648 1.558349
v 0.008288 0.110139 1.558349
v 0.021699 0.151414 1.558349
v 0.008288 0.161157 1.558349
v -0.008289 0.161157 1.558349
v -0.021700 0.151414 1.558349
v -0.026823 0.135648 1.558349
v -0.021700 0.119883 1.558349
v -0.008289 0.110139 1.558349
v -0.000001 0.135648 1.537921
v -0.018631 0.078307 0.337195
v -0.018631 0.078307 0.280190
v 0.018631 0.078307 0.280190
v 0.018631 0.078307 0.337195
v 0.060292 0.135648 0.337195
v 0.060292 0.135648 0.280190
v 0.048777 0.171087 0.280190
v 0.048777 0.171087 0.337195
v -0.018631 0.192989 0.337195
v -0.018631 0.192989 0.280191
v -0.048777 0.171087 0.280191
v -0.048777 0.171087 0.337195
v -0.048777 0.100209 0.337195
v -0.048777 0.100209 0.280190
v 0.048777 0.100209 0.337195
v 0.048777 0.100209 0.280190
v 0.018631 0.192989 0.337195
v 0.018631 0.192989 0.280190
v -0.060292 0.135648 0.337195
v -0.060292 0.135648 0.280191
v -0.025217 0.058037 0.332433
v -0.025218 0.058037 0.284944
v 0.025217 0.058037 0.284944
v 0.025217 0.058037 0.332433
v 0.081605 0.135648 0.332433
v 0.081605 0.135648 0.284944
v 0.066020 0.183614 0.284944
v 0.066020 0.183614 0.332433
v -0.025217 0.213259 0.332433
v -0.025218 0.213259 0.284945
v -0.066020 0.183614 0.284945
v -0.066020 0.183614 0.332433
v -0.066020 0.087682 0.332433
v -0.066020 0.087682 0.284944
v 0.066020 0.087682 0.332433
v 0.066020 0.087682 0.284944
v 0.025217 0.213259 0.332433
v 0.025217 0.213259 0.284944
v -0.081605 0.135648 0.332433
v -0.081605 0.135648 0.284945
v 0.042319 0.135648 0.111862
v 0.060292 0.135648 0.128955
v 0.048777 0.100209 0.128955
v 0.034236 0.110774 0.111862
v 0.018631 0.078307 0.128955
v 0.013077 0.095401 0.111862
v -0.018631 0.078307 0.128955
v -0.013077 0.095401 0.111862
v -0.048777 0.100209 0.128955
v -0.034237 0.110774 0.111862
v -0.060292 0.135648 0.128955
v -0.042319 0.135648 0.111862
v -0.048777 0.171087 0.128955
v -0.034237 0.160522 0.111862
v -0.018631 0.192989 0.128955
v -0.013077 0.175896 0.111862
v 0.018631 0.192989 0.128955
v 0.013077 0.175896 0.111862
v 0.048777 0.171087 0.128955
v 0.034236 0.160522 0.111862
v -0.000000 0.135648 0.111862
v 0.043177 0.091959 0.575238
v 0.038161 -0.002236 0.575238
v -0.043173 0.091959 0.575238
v -0.038158 -0.002236 0.575238
v 0.043177 0.091959 0.324336
v 0.038161 -0.002236 0.324336
v -0.043173 0.091959 0.324336
v -0.038157 -0.002236 0.324336
v -0.028325 -0.002236 0.334168
v 0.028329 -0.002236 0.334168
v 0.028329 -0.002236 0.565405
v -0.028325 -0.002236 0.565405
v -0.028325 -0.104545 0.334168
v 0.028329 -0.104545 0.334168
v -0.028325 -0.086898 0.565405
v 0.028329 -0.086898 0.565405
v -0.028325 -0.002236 0.488326
v -0.028325 -0.002236 0.411247
v 0.028329 -0.002236 0.411247
v 0.028329 -0.002236 0.488326
v -0.028325 -0.092781 0.488326
v -0.028325 -0.098663 0.411247
v 0.028329 -0.098663 0.411247
v 0.028329 -0.092781 0.488326
v -0.036083 -0.010466 0.403722
v -0.036083 -0.010466 0.341693
v -0.036083 -0.095725 0.341693
v -0.036083 -0.090991 0.403722
v 0.036087 -0.010094 0.495851
v 0.036087 -0.010094 0.557880
v 0.036087 -0.079599 0.557880
v 0.036087 -0.084333 0.495851
v 0.036087 -0.010466 0.341693
v 0.036087 -0.010466 0.403722
v 0.036087 -0.090991 0.403722
v 0.036087 -0.095725 0.341693
v 0.036087 -0.010280 0.418772
v 0.036087 -0.010280 0.480801
v 0.036087 -0.085295 0.480801
v 0.036087 -0.090029 0.418772
v -0.036083 -0.010094 0.557880
v -0.036083 -0.010094 0.495851
v -0.036083 -0.084333 0.495851
v -0.036083 -0.079599 0.557880
v -0.036083 -0.010280 0.480801
v -0.036083 -0.010280 0.418772
v -0.036083 -0.090029 0.418772
v -0.036083 -0.085295 0.480801
v 0.043177 0.015568 0.575238
v -0.043173 0.015568 0.575238
v -0.043173 0.015568 0.324336
v 0.043177 0.015568 0.324336
v 0.047619 0.058864 -0.093582
v 0.047619 0.106834 -0.194492
v 0.047619 0.093205 -0.139636
v 0.047619 -0.014250 -0.242174
v 0.047619 -0.063221 -0.142767
v 0.047619 -0.020295 -0.184852
v -0.047616 -0.063221 -0.142767
v -0.047616 -0.014250 -0.242174
v -0.047616 -0.020295 -0.184852
v 0.047619 -0.000152 -0.117192
v 0.047619 0.047073 -0.218227
v 0.047619 0.035334 -0.162713
v -0.047616 0.058864 -0.093581
v -0.047616 0.106834 -0.194492
v -0.047616 0.093205 -0.139636
v -0.027530 -0.073928 -0.263527
v -0.027530 -0.118399 -0.165144
v -0.027530 -0.078250 -0.207029
v 0.027533 -0.118399 -0.165144
v 0.027533 -0.073928 -0.263527
v 0.027533 -0.078250 -0.207029
v 0.047619 -0.103289 -0.159602
v 0.047619 -0.056967 -0.258292
v 0.047619 -0.062026 -0.201427
v -0.047616 -0.056967 -0.258292
v -0.047616 -0.103289 -0.159602
v -0.047616 -0.062026 -0.201427
v -0.047616 -0.000152 -0.117192
v -0.047616 0.047073 -0.218227
v -0.047616 0.035334 -0.162713
v 0.000055 0.402754 -0.032142
v -0.040436 0.391904 -0.032142
v -0.070078 0.362262 -0.032142
v -0.080927 0.321771 -0.032142
v -0.070078 0.281280 -0.032142
v -0.040436 0.251638 -0.032142
v 0.000055 0.240788 -0.032142
v 0.040547 0.251638 -0.032142
v 0.070188 0.281280 -0.032142
v 0.081038 0.321771 -0.032142
v 0.070188 0.362262 -0.032142
v 0.040547 0.391904 -0.032142
v 0.000059 0.431873 0.057188
v -0.054992 0.417122 0.057188
v -0.095292 0.376822 0.057188
v -0.110043 0.321771 0.057188
v -0.095292 0.266720 0.057188
v -0.054992 0.226420 0.057188
v 0.000059 0.211669 0.057188
v 0.055110 0.226420 0.057188
v 0.095410 0.266720 0.057188
v 0.110161 0.321771 0.057188
v 0.095410 0.376822 0.057188
v 0.055110 0.417122 0.057188
v 0.000078 0.386796 0.218471
v 0.000078 0.386796 0.112767
v -0.036466 0.378084 0.112767
v -0.036466 0.378084 0.218471
v -0.063219 0.354283 0.112767
v -0.063219 0.354283 0.218471
v -0.073011 0.321771 0.112767
v -0.073011 0.321771 0.218471
v -0.063219 0.289258 0.112767
v -0.063219 0.289258 0.218471
v -0.036466 0.265457 0.112767
v -0.036466 0.265457 0.218471
v 0.000078 0.256746 0.112767
v 0.000078 0.256746 0.218471
v 0.036622 0.265457 0.112767
v 0.036622 0.265457 0.218471
v 0.063374 0.289258 0.112767
v 0.063374 0.289258 0.218471
v 0.073166 0.321771 0.112767
v 0.073166 0.321771 0.218471
v 0.063374 0.354283 0.112767
v 0.063374 0.354283 0.218471
v 0.036622 0.378084 0.112767
v 0.036622 0.378084 0.218471
v -0.054992 0.417122 -0.032142
v 0.000059 0.431873 -0.032142
v -0.095292 0.376822 -0.032142
v -0.110043 0.321771 -0.032142
v -0.095292 0.266720 -0.032142
v -0.054992 0.226420 -0.032142
v 0.000059 0.211669 -0.032142
v 0.055110 0.226420 -0.032142
v 0.095410 0.266720 -0.032142
v 0.110161 0.321771 -0.032142
v 0.095410 0.376822 -0.032142
v 0.055110 0.417122 -0.032142
v -0.032749 0.378582 -0.009170
v 0.000051 0.387371 -0.009170
v -0.056760 0.354571 -0.009170
v -0.065549 0.321771 -0.009170
v -0.056760 0.288971 -0.009170
v -0.032749 0.264960 -0.009170
v 0.000051 0.256171 -0.009170
v 0.032851 0.264960 -0.009170
v 0.056863 0.288971 -0.009170
v 0.065651 0.321771 -0.009170
v 0.056863 0.354571 -0.009170
v 0.032851 0.378582 -0.009170
v 0.000053 0.321769 -0.033373
v -0.033911 0.139637 0.112767
v -0.033911 0.139637 0.218471
v -0.008866 0.151137 0.112767
v -0.008866 0.151137 0.218471
v 0.009022 0.151137 0.112767
v 0.009022 0.151137 0.218471
v 0.034066 0.139637 0.112767
v 0.034066 0.139637 0.218471
v 0.000089 0.481802 1.060684
v -0.062676 0.464984 1.057320
v -0.108623 0.419037 1.048131
v -0.125441 0.356271 1.035578
v -0.108623 0.293506 1.023024
v -0.062676 0.247559 1.013835
v 0.000089 0.230741 1.010471
v 0.062855 0.247559 1.013835
v 0.108802 0.293506 1.023025
v 0.125620 0.356271 1.035578
v 0.108802 0.419037 1.048131
v 0.062855 0.464984 1.057320
v 0.000091 0.513059 0.576083
v -0.078303 0.492053 0.576083
v -0.135692 0.434665 0.576083
v -0.156697 0.356271 0.576083
v -0.135692 0.277877 0.576083
v -0.078303 0.220489 0.576083
v 0.000091 0.199484 0.576083
v 0.078484 0.220489 0.576083
v 0.135873 0.277877 0.576083
v 0.156878 0.356271 0.576083
v 0.135873 0.434665 0.576083
v 0.078484 0.492053 0.576083
v -0.036466 0.378084 0.494471
v -0.063219 0.354283 0.494471
v -0.073011 0.321771 0.494471
v -0.063219 0.289258 0.494471
v 0.000078 0.256746 0.494471
v 0.000091 0.513059 1.066935
v -0.078303 0.492053 1.062734
v -0.135692 0.434665 1.051256
v -0.156697 0.356271 1.035577
v -0.135692 0.277877 1.019899
v -0.078303 0.220489 1.008421
v 0.000091 0.199484 1.004220
v 0.078484 0.220489 1.008421
v 0.135873 0.277877 1.019899
v 0.156878 0.356271 1.035577
v 0.135873 0.434665 1.051256
v 0.078484 0.492053 1.062734
v 0.000084 0.356272 1.023000
v 0.000084 0.462937 0.997729
v -0.053248 0.448646 0.997729
v -0.092290 0.409604 0.997729
v -0.106581 0.356271 0.997729
v -0.092290 0.302939 0.997729
v -0.053248 0.263897 0.997729
v 0.000084 0.249606 0.997729
v 0.053417 0.263897 0.997729
v 0.092459 0.302939 0.997729
v 0.106749 0.356271 0.997729
v 0.092459 0.409604 0.997729
v 0.053417 0.448646 0.997729
v 0.000065 0.428102 1.014162
v -0.035850 0.418478 1.014162
v -0.062142 0.392187 1.014162
v -0.071766 0.356271 1.014162
v -0.062142 0.320356 1.014162
v -0.035850 0.294064 1.014162
v 0.000065 0.284440 1.014162
v 0.035980 0.294064 1.014162
v 0.062272 0.320356 1.014162
v 0.071896 0.356271 1.014162
v 0.062272 0.392187 1.014162
v 0.035981 0.418478 1.014162
v 0.000078 0.386796 0.494471
v 0.000078 0.386796 0.388767
v -0.036466 0.378084 0.388767
v -0.063219 0.354283 0.388767
v -0.073011 0.321771 0.388767
v -0.063219 0.289258 0.388767
v -0.036466 0.265457 0.388767
v -0.036466 0.265457 0.494471
v 0.000078 0.256746 0.388767
v 0.036622 0.265457 0.388767
v 0.036622 0.265457 0.494471
v 0.063374 0.289258 0.388767
v 0.063374 0.289258 0.494471
v 0.073166 0.321771 0.388767
v 0.073166 0.321771 0.494471
v 0.063374 0.354283 0.388767
v 0.063374 0.354283 0.494471
v 0.036622 0.378084 0.388767
v 0.036622 0.378084 0.494471
v -0.033911 0.139637 0.388767
v -0.033911 0.139637 0.494471
v -0.008866 0.151137 0.388767
v -0.008866 0.151137 0.494471
v 0.009022 0.151137 0.388767
v 0.009022 0.151137 0.494471
v 0.034066 0.139637 0.388767
v 0.034066 0.139637 0.494471
v -0.044693 0.393865 0.200854
v -0.078219 0.363859 0.200854
v -0.090617 0.324364 0.200854
v 0.090773 0.324364 0.200854
v 0.078375 0.363859 0.200854
v 0.044849 0.393865 0.200854
v -0.051707 0.128137 0.200854
v 0.051863 0.128137 0.200854
v 0.000078 0.404592 0.200854
v 0.000078 0.404592 0.130385
v -0.044693 0.393865 0.130385
v -0.078219 0.363859 0.130385
v -0.090617 0.324364 0.130385
v 0.090773 0.324364 0.130385
v 0.078375 0.363859 0.130385
v 0.044849 0.393865 0.130385
v -0.051707 0.128137 0.130385
v 0.051863 0.128137 0.130385
v 0.000078 0.404592 0.406385
v -0.051707 0.128137 0.406385
v -0.044693 0.393865 0.406385
v -0.078219 0.363859 0.406385
v -0.090617 0.324364 0.406385
v 0.090773 0.324364 0.406385
v 0.078375 0.363859 0.406385
v 0.044849 0.393865 0.406385
v 0.051863 0.128137 0.406385
v -0.044693 0.393865 0.476854
v -0.078219 0.363859 0.476854
v -0.090617 0.324364 0.476854
v 0.090773 0.324364 0.476854
v 0.078375 0.363859 0.476854
v 0.044849 0.393865 0.476854
v 0.051863 0.128137 0.476854
v 0.000078 0.404592 0.476854
v -0.051707 0.128137 0.476854
v 0.036622 0.378084 0.250476
v 0.036622 0.378084 0.356762
v 0.063374 0.354283 0.356762
v 0.063374 0.354283 0.250476
v 0.073166 0.321771 0.356762
v 0.073166 0.321771 0.250476
v 0.063374 0.289258 0.356762
v 0.063374 0.289258 0.250476
v 0.036622 0.265457 0.356762
v 0.036622 0.265457 0.250476
v 0.000078 0.256746 0.356762
v 0.000078 0.256746 0.250476
v -0.036466 0.265457 0.356762
v -0.036466 0.265457 0.250476
v -0.063219 0.289258 0.356762
v -0.063219 0.289258 0.250476
v -0.073011 0.321771 0.356762
v -0.073011 0.321771 0.250476
v -0.063219 0.354283 0.356762
v -0.063219 0.354283 0.250476
v -0.036466 0.378084 0.356762
v -0.036466 0.378084 0.250476
v 0.000078 0.386796 0.356762
v 0.000078 0.386796 0.250476
v 0.045351 0.396542 0.261704
v 0.045351 0.396542 0.345535
v 0.079705 0.365689 0.345535
v 0.079705 0.365689 0.261704
v 0.092790 0.321771 0.345535
v 0.092790 0.321771 0.261704
v 0.079705 0.277852 0.345535
v 0.079705 0.277852 0.261704
v 0.045351 0.246999 0.345535
v 0.045351 0.246999 0.261704
v 0.000078 0.236119 0.345535
v 0.000078 0.236119 0.261704
v -0.045195 0.246999 0.345535
v -0.045195 0.246999 0.261704
v -0.079550 0.277852 0.345535
v -0.079550 0.277852 0.261704
v -0.092634 0.321771 0.345535
v -0.092634 0.321771 0.261704
v -0.079550 0.365689 0.345535
v -0.079550 0.365689 0.261704
v -0.045195 0.396542 0.345535
v -0.045195 0.396542 0.261704
v 0.000078 0.407423 0.345535
v 0.000078 0.407423 0.261704
v 0.092458 0.361963 0.303620
v -0.092299 0.361963 0.303620
v -0.092299 0.356578 0.323716
v 0.092458 0.356578 0.323716
v 0.092458 0.356578 0.283523
v -0.092299 0.356578 0.283523
v -0.092299 0.341866 0.338428
v 0.092458 0.341866 0.338428
v -0.092299 0.321770 0.343813
v 0.092458 0.321770 0.343813
v -0.092299 0.301673 0.338428
v 0.092458 0.301673 0.338428
v -0.092299 0.286962 0.323716
v 0.092458 0.286962 0.323716
v -0.092299 0.281577 0.303620
v 0.092458 0.281577 0.303620
v -0.092299 0.286962 0.283523
v 0.092458 0.286962 0.283523
v -0.092299 0.301673 0.268812
v 0.092458 0.301673 0.268812
v -0.092299 0.321770 0.263427
v 0.092458 0.321770 0.263427
v -0.092299 0.341866 0.268812
v 0.092458 0.341866 0.268812
v 0.144062 0.377637 0.303620
v 0.144062 0.370152 0.331553
v -0.143903 0.370152 0.331553
v -0.143903 0.377637 0.303620
v 0.144062 0.349703 0.352002
v -0.143903 0.349703 0.352002
v 0.144062 0.321770 0.359487
v -0.143903 0.321770 0.359487
v 0.144062 0.293837 0.352002
v -0.143903 0.293837 0.352002
v 0.144062 0.273388 0.331553
v -0.143903 0.273388 0.331553
v 0.144062 0.265903 0.303620
v -0.157097 0.321770 0.303620
v -0.143903 0.265903 0.303620
v 0.144062 0.273388 0.275687
v 0.157256 0.321770 0.303620
v -0.143903 0.273388 0.275687
v 0.144062 0.293837 0.255238
v -0.143903 0.293837 0.255238
v 0.144062 0.321770 0.247753
v -0.143903 0.321770 0.247753
v 0.144062 0.349703 0.255238
v -0.143903 0.349703 0.255238
v 0.144062 0.370152 0.275687
v -0.143903 0.370152 0.275687
v -0.106059 0.378828 0.303620
v 0.106218 0.371184 0.332149
v -0.106059 0.371184 0.275091
v 0.106218 0.350299 0.353034
v 0.106218 0.321770 0.360679
v 0.106218 0.293241 0.353034
v 0.106218 0.272356 0.332149
v 0.106218 0.264711 0.303620
v 0.106218 0.272356 0.275091
v 0.106218 0.293241 0.254206
v 0.106218 0.321770 0.246561
v 0.106218 0.350299 0.254206
v 0.106218 0.378828 0.303620
v -0.106059 0.371184 0.332149
v 0.106218 0.371184 0.275091
v -0.106059 0.350299 0.353034
v -0.106059 0.321770 0.360679
v -0.106059 0.293241 0.353034
v -0.106059 0.272356 0.332149
v -0.106059 0.264711 0.303620
v -0.106059 0.272356 0.275091
v -0.106059 0.293241 0.254206
v -0.106059 0.321770 0.246561
v -0.106059 0.350299 0.254206
v 0.157256 0.352265 0.321226
v 0.157256 0.356983 0.303620
v -0.157097 0.356983 0.303620
v -0.157097 0.352265 0.321226
v 0.157256 0.339376 0.334115
v -0.157097 0.339376 0.334115
v 0.157256 0.321770 0.338833
v -0.157097 0.321770 0.338833
v 0.157256 0.304163 0.334115
v -0.157097 0.304163 0.334115
v 0.157256 0.291275 0.321226
v -0.157097 0.291275 0.321226
v 0.157256 0.286557 0.303620
v -0.157097 0.286557 0.303620
v 0.157256 0.291274 0.286013
v -0.157097 0.291274 0.286013
v 0.157256 0.304163 0.273125
v -0.157097 0.304163 0.273125
v 0.157256 0.321770 0.268407
v -0.157097 0.321770 0.268407
v 0.157256 0.339376 0.273125
v -0.157097 0.339376 0.273125
v 0.157256 0.352265 0.286013
v -0.157097 0.352265 0.286013
v -0.043117 0.513061 1.058580
v 0.043301 0.513061 1.058580
v -0.043117 0.536206 1.047787
v -0.043117 0.521795 1.034582
v 0.043301 0.521795 1.034582
v 0.043301 0.536206 1.047787
v -0.043117 0.502268 1.035434
v 0.043301 0.502268 1.035434
v -0.043117 0.489063 1.049845
v 0.043301 0.489063 1.049845
v -0.043117 0.489916 1.069373
v 0.043301 0.489916 1.069373
v -0.043117 0.504326 1.082578
v 0.043301 0.504326 1.082578
v -0.043117 0.523854 1.081725
v 0.043301 0.523854 1.081725
v -0.043117 0.537059 1.067314
v 0.043301 0.537059 1.067314
v 0.000089 0.541386 1.045371
v -0.062676 0.556629 1.038263
v -0.108623 0.598271 1.018845
v -0.125441 0.655156 0.992319
v -0.108623 0.712040 0.965793
v -0.062676 0.753682 0.946375
v 0.000089 0.768925 0.939268
v 0.062855 0.753682 0.946375
v 0.108802 0.712040 0.965793
v 0.125620 0.655156 0.992319
v 0.108802 0.598271 1.018845
v 0.062855 0.556629 1.038263
v 0.000091 0.513058 1.058581
v -0.078303 0.532095 1.049703
v -0.135692 0.584107 1.025450
v -0.156697 0.655156 0.992319
v -0.135692 0.726205 0.959189
v -0.078303 0.778216 0.934935
v 0.000090 0.797254 0.926058
v 0.078484 0.778216 0.934935
v 0.135873 0.726205 0.959189
v 0.156878 0.655156 0.992319
v 0.135873 0.584107 1.025450
v 0.078484 0.532095 1.049703
v 0.000090 0.633440 0.945749
v 0.000089 0.647917 0.976796
v 0.000089 0.551055 1.021963
v -0.053348 0.564032 1.015912
v -0.092467 0.599486 0.999380
v -0.106786 0.647917 0.976796
v -0.092467 0.696348 0.954212
v -0.053348 0.731802 0.937680
v 0.000089 0.744779 0.931629
v 0.053527 0.731802 0.937680
v 0.092646 0.696348 0.954212
v 0.106964 0.647917 0.976796
v 0.092646 0.599486 0.999380
v 0.053527 0.564032 1.015912
v 0.000091 0.502020 1.007032
v 0.000091 0.496151 1.022325
v -0.078303 0.515189 1.013447
v -0.072412 0.519627 0.998821
v -0.135692 0.567200 0.989194
v -0.125488 0.567730 0.976390
v -0.156697 0.638249 0.956063
v -0.144916 0.633440 0.945749
v -0.135692 0.709298 0.922933
v -0.125488 0.699150 0.915108
v -0.078303 0.761310 0.898679
v -0.072413 0.747253 0.892677
v 0.000090 0.780347 0.889802
v 0.000090 0.764860 0.884467
v 0.078484 0.761310 0.898679
v 0.072593 0.747253 0.892677
v 0.135873 0.709298 0.922933
v 0.125669 0.699150 0.915108
v 0.156878 0.638249 0.956063
v 0.145096 0.633440 0.945749
v 0.135873 0.567200 0.989194
v 0.125669 0.567730 0.976390
v 0.078484 0.515189 1.013447
v 0.072594 0.519627 0.998821
v -0.015887 0.184544 1.417361
v -0.015887 0.184544 1.628747
v 0.015887 0.184544 1.417361
v 0.015887 0.184544 1.628747
v -0.015887 0.219044 1.628747
v 0.015887 0.219044 1.628747
v 0.062553 -0.004446 0.904581
v 0.062797 0.003888 0.896247
v 0.071131 0.004403 0.904581
v 0.071131 0.036189 0.904581
v 0.062797 0.036704 0.896247
v 0.062553 0.045038 0.904581
v -0.062551 -0.004446 0.904581
v -0.071129 0.004403 0.904581
v -0.062795 0.003888 0.896247
v -0.062551 0.045038 0.904581
v -0.062795 0.036704 0.896247
v -0.071129 0.036189 0.904581
v 0.071131 0.004424 0.980231
v 0.062543 -0.004446 0.980231
v 0.062543 0.045038 0.980231
v 0.071131 0.036168 0.980231
v -0.062542 -0.004446 0.980231
v -0.071129 0.004424 0.980231
v -0.071129 0.036168 0.980231
v -0.062542 0.045038 0.980231
v -0.057169 0.082168 1.037731
v -0.048556 0.091038 1.037731
v -0.048556 0.041554 1.037731
v -0.057169 0.050424 1.037731
v 0.057170 0.050424 1.037731
v 0.048558 0.041554 1.037731
v 0.048558 0.091038 1.037731
v 0.057170 0.082168 1.037731
v -0.036095 0.082189 1.087556
v -0.024515 0.082704 1.095231
v -0.027744 0.091038 1.086897
v -0.036095 0.050403 1.087556
v -0.027744 0.041554 1.086897
v -0.024515 0.049888 1.095231
v 0.027746 0.041554 1.086897
v 0.036097 0.050403 1.087556
v 0.024516 0.049888 1.095231
v 0.027746 0.091038 1.086897
v 0.024516 0.082704 1.095231
v 0.036096 0.082189 1.087556
v 0.076371 0.051529 1.086958
v 0.055328 0.069207 1.076752
v 0.076371 -0.010937 1.123023
v 0.055328 -0.028615 1.133229
v -0.076370 0.051529 1.086958
v -0.055326 0.069207 1.076752
v -0.076370 -0.010937 1.123023
v -0.055326 -0.028615 1.133229
v -0.038781 0.003497 1.129760
v -0.047716 0.011582 1.125027
v -0.047716 0.042005 1.107462
v -0.038781 0.050147 1.102827
v -0.047716 -0.001413 1.102519
v -0.038781 -0.009555 1.107154
v -0.038781 0.037095 1.080221
v -0.047716 0.029010 1.084954
v 0.047717 0.011582 1.125027
v 0.038783 0.003497 1.129760
v 0.038783 0.050147 1.102827
v 0.047717 0.042005 1.107462
v 0.038783 -0.009555 1.107154
v 0.047717 -0.001413 1.102519
v 0.047717 0.029010 1.084954
v 0.038783 0.037095 1.080221
v -0.051135 -0.010802 1.143475
v -0.066160 0.001743 1.136224
v -0.066160 0.056621 1.104539
v -0.051135 0.069174 1.097301
v -0.051135 0.051394 1.066506
v -0.066160 0.038849 1.073757
v -0.066160 -0.016029 1.105441
v -0.051135 -0.028582 1.112680
v 0.051136 -0.028582 1.112680
v 0.066162 -0.016029 1.105441
v 0.066162 0.038849 1.073757
v 0.051136 0.051394 1.066506
v 0.051136 0.069174 1.097301
v 0.066162 0.056621 1.104539
v 0.066162 0.001743 1.136224
v 0.051136 -0.010802 1.143475
v -0.093460 -0.002705 0.942407
v 0.093462 -0.002705 0.942407
v 0.047576 0.017164 0.953674
v 0.103796 -0.087743 1.135378
v 0.031976 0.009281 0.953949
v 0.088195 -0.095626 1.135653
v 0.025514 -0.005572 0.947374
v 0.081734 -0.110479 1.129078
v 0.031976 -0.018693 0.937799
v 0.088195 -0.123600 1.119503
v 0.047576 -0.022396 0.930834
v 0.103796 -0.127303 1.112538
v 0.063176 -0.014513 0.930559
v 0.119396 -0.119420 1.112263
v 0.069638 0.000340 0.937135
v 0.125857 -0.104567 1.118839
v 0.063176 0.013461 0.946709
v 0.119396 -0.091446 1.128413
v 0.082834 -0.098106 1.163376
v 0.109748 -0.084504 1.162901
v 0.071685 -0.123730 1.152031
v 0.082834 -0.146368 1.135511
v 0.109748 -0.152758 1.123495
v 0.136663 -0.139156 1.123020
v 0.147812 -0.113531 1.134365
v 0.136663 -0.090894 1.150885
v 0.098347 -0.127054 1.213515
v 0.127607 -0.151955 1.200918
v 0.125262 -0.113453 1.213040
v 0.087198 -0.152679 1.202170
v 0.098347 -0.175316 1.185651
v 0.125262 -0.181706 1.173635
v 0.152176 -0.168104 1.173160
v 0.163325 -0.142480 1.184505
v 0.152176 -0.119842 1.201024
v 0.107391 -0.136539 1.216073
v 0.127607 -0.126323 1.215717
v 0.099018 -0.155786 1.207552
v 0.107391 -0.172789 1.195144
v 0.127607 -0.177588 1.186119
v 0.147823 -0.167372 1.185762
v 0.156196 -0.148125 1.194284
v 0.147823 -0.131122 1.206691
v -0.047574 -0.022396 0.930834
v -0.103794 -0.127303 1.112538
v -0.031974 -0.018693 0.937799
v -0.088194 -0.123600 1.119503
v -0.025513 -0.005572 0.947374
v -0.081732 -0.110479 1.129078
v -0.031974 0.009281 0.953949
v -0.088194 -0.095626 1.135653
v -0.047574 0.017164 0.953674
v -0.103794 -0.087743 1.135378
v -0.063175 0.013461 0.946709
v -0.119394 -0.091446 1.128413
v -0.069636 0.000340 0.937135
v -0.125856 -0.104567 1.118839
v -0.063175 -0.014513 0.930559
v -0.119394 -0.119420 1.112263
v -0.082832 -0.146368 1.135511
v -0.109747 -0.152758 1.123495
v -0.071683 -0.123730 1.152031
v -0.082832 -0.098106 1.163376
v -0.109747 -0.084504 1.162901
v -0.136661 -0.090894 1.150885
v -0.147810 -0.113531 1.134365
v -0.136662 -0.139156 1.123020
v -0.098345 -0.175316 1.185651
v -0.127605 -0.151955 1.200918
v -0.125260 -0.181706 1.173635
v -0.087197 -0.152679 1.202170
v -0.098345 -0.127054 1.213515
v -0.125260 -0.113452 1.213040
v -0.152175 -0.119842 1.201024
v -0.163323 -0.142480 1.184505
v -0.152175 -0.168104 1.173160
v -0.107389 -0.172789 1.195144
v -0.127605 -0.177588 1.186119
v -0.099016 -0.155786 1.207552
v -0.107389 -0.136539 1.216073
v -0.127605 -0.126323 1.215717
v -0.147821 -0.131122 1.206691
v -0.156194 -0.148125 1.194283
v -0.147821 -0.167372 1.185762
v 0.126751 0.148577 1.384662
v 0.103273 0.165634 1.384662
v 0.074253 0.165634 1.384662
v 0.050776 0.148577 1.384662
v 0.041808 0.120977 1.384662
v 0.050776 0.093377 1.384662
v 0.074253 0.076320 1.384662
v 0.103273 0.076320 1.384662
v 0.126751 0.093377 1.384662
v 0.135719 0.120977 1.384662
v 0.143828 0.120977 1.372292
v 0.133312 0.088611 1.372292
v 0.105779 0.068607 1.372292
v 0.071747 0.068607 1.372292
v 0.044215 0.088611 1.372292
v 0.033698 0.120977 1.372292
v 0.044215 0.153343 1.372292
v 0.071747 0.173347 1.372292
v 0.105779 0.173347 1.372292
v 0.133312 0.153343 1.372292
v 0.112162 0.103976 1.493698
v 0.117686 0.120977 1.493698
v 0.112162 0.137977 1.493698
v 0.097701 0.148484 1.493698
v 0.079826 0.148484 1.493698
v 0.065364 0.137977 1.493698
v 0.059841 0.120977 1.493698
v 0.065364 0.103976 1.493698
v 0.079826 0.093470 1.493698
v 0.097701 0.093470 1.493698
v 0.108581 0.106578 1.484943
v 0.113259 0.120977 1.484943
v 0.096333 0.097679 1.484943
v 0.108581 0.135376 1.484943
v 0.096333 0.144275 1.484943
v 0.081193 0.144275 1.484943
v 0.068944 0.135376 1.484943
v 0.064266 0.120977 1.484943
v 0.068945 0.106578 1.484942
v 0.081193 0.097679 1.484943
v 0.088763 0.120977 1.490805
v 0.127413 0.120977 1.221638
v 0.143828 0.120977 1.237249
v 0.133312 0.088611 1.237249
v 0.120032 0.098259 1.221638
v 0.105779 0.068607 1.237249
v 0.100707 0.084219 1.221638
v 0.071747 0.068607 1.237249
v 0.076820 0.084219 1.221638
v 0.044215 0.088611 1.237249
v 0.057495 0.098259 1.221638
v 0.033698 0.120977 1.237250
v 0.050113 0.120977 1.221638
v 0.044215 0.153343 1.237250
v 0.057495 0.143695 1.221638
v 0.071747 0.173347 1.237250
v 0.076820 0.157735 1.221638
v 0.105779 0.173347 1.237249
v 0.100707 0.157735 1.221638
v 0.133312 0.153343 1.237249
v 0.120032 0.143695 1.221638
v 0.088763 0.120977 1.221638
v 0.126751 0.148577 1.486679
v 0.120780 0.144238 1.493698
v 0.100993 0.158615 1.493698
v 0.103273 0.165634 1.486679
v 0.074253 0.165634 1.486679
v 0.076534 0.158615 1.493698
v 0.050776 0.148577 1.486679
v 0.056747 0.144238 1.493698
v 0.049189 0.120977 1.493698
v 0.041808 0.120977 1.486679
v 0.050776 0.093377 1.486679
v 0.056747 0.097715 1.493698
v 0.074253 0.076320 1.486679
v 0.076534 0.083339 1.493698
v 0.100993 0.083339 1.493698
v 0.103273 0.076320 1.486679
v 0.126751 0.093377 1.486679
v 0.120780 0.097715 1.493698
v 0.128338 0.120977 1.493698
v 0.135719 0.120977 1.486679
v 0.150150 0.129741 0.047406
v 0.170924 0.125704 0.013787
v 0.202228 0.119621 0.007390
v 0.231244 0.113983 0.020958
v 0.148486 0.114758 0.053509
v 0.167004 0.090413 0.028160
v 0.198307 0.084331 0.021763
v 0.228821 0.092173 0.029841
v 0.150200 0.108084 0.068240
v 0.171041 0.074696 0.062859
v 0.202344 0.068613 0.056462
v 0.231316 0.082458 0.051286
v 0.246889 0.110943 0.049309
v 0.154288 0.113630 0.082972
v 0.180670 0.087758 0.097558
v 0.211974 0.081675 0.091161
v 0.237267 0.090531 0.072731
v 0.158356 0.128146 0.089074
v 0.190251 0.121949 0.111931
v 0.221554 0.115866 0.105533
v 0.243188 0.111662 0.081614
v 0.160020 0.143129 0.082972
v 0.194171 0.157239 0.097558
v 0.225474 0.151157 0.091161
v 0.245611 0.133473 0.072731
v 0.158306 0.149802 0.068240
v 0.190134 0.172957 0.062859
v 0.221437 0.166874 0.056462
v 0.243116 0.143187 0.051286
v 0.154218 0.144257 0.053509
v 0.180505 0.159895 0.028160
v 0.211808 0.153812 0.021763
v 0.237165 0.135114 0.029841
v 0.009705 0.141724 0.081869
v 0.011369 0.156707 0.075767
v 0.011419 0.135051 0.096601
v 0.015507 0.140597 0.111333
v 0.019575 0.155113 0.117435
v 0.021239 0.170096 0.111333
v 0.019525 0.176769 0.096601
v 0.015437 0.171223 0.081869
v -0.043345 0.412097 0.303622
v -0.037527 0.412097 0.325333
v -0.037527 0.412097 0.281911
v -0.021633 0.412097 0.341227
v 0.000078 0.412097 0.347044
v 0.021789 0.412097 0.341227
v 0.037683 0.412097 0.325333
v 0.043500 0.412097 0.303622
v 0.037683 0.412097 0.281911
v 0.021789 0.412097 0.266017
v 0.000078 0.412097 0.260199
v -0.021633 0.412097 0.266017
v -0.069966 0.475201 0.303622
v -0.060582 0.475201 0.338644
v -0.034944 0.475201 0.364282
v 0.000078 0.475201 0.373666
v 0.035100 0.475201 0.364282
v 0.060738 0.475201 0.338644
v 0.070122 0.475201 0.303622
v 0.060738 0.475201 0.268600
v 0.000078 0.488395 0.303622
v 0.035100 0.475201 0.242962
v 0.000078 0.475201 0.233578
v -0.034944 0.475201 0.242962
v -0.060582 0.475201 0.268600
v -0.061876 0.425857 0.339391
v -0.035691 0.425857 0.365576
v 0.000078 0.425857 0.375161
v 0.035847 0.425857 0.365576
v 0.062032 0.425857 0.339391
v 0.071617 0.425857 0.303622
v 0.062032 0.425857 0.267853
v 0.035847 0.425857 0.241668
v 0.000078 0.425857 0.232083
v -0.035691 0.425857 0.241668
v -0.071461 0.425857 0.303622
v -0.061876 0.425857 0.267853
v -0.038156 0.488395 0.325696
v -0.044071 0.488395 0.303622
v -0.021997 0.488395 0.341856
v 0.000078 0.488395 0.347771
v 0.022152 0.488395 0.341856
v 0.038312 0.488395 0.325696
v 0.044227 0.488395 0.303622
v 0.038312 0.488395 0.281547
v 0.022152 0.488395 0.265388
v 0.000078 0.488395 0.259473
v -0.021997 0.488395 0.265388
v -0.038156 0.488395 0.281547
v -0.043345 0.331218 0.303622
v -0.037527 0.331218 0.325333
v -0.037527 0.331218 0.281911
v -0.021633 0.331218 0.341227
v 0.000078 0.331218 0.347044
v 0.021789 0.331218 0.341227
v 0.037683 0.331218 0.325333
v 0.043500 0.331218 0.303622
v 0.037683 0.331218 0.281911
v 0.021789 0.331218 0.266017
v 0.000078 0.331218 0.260199
v -0.021633 0.331218 0.266017
v -0.078327 0.151138 0.441621
v 0.078483 0.151138 0.441621
v -0.074063 0.151138 0.467159
v -0.074063 0.169196 0.459679
v 0.074219 0.169196 0.459679
v 0.074219 0.151138 0.467159
v -0.074063 0.176676 0.441621
v 0.074219 0.176676 0.441621
v -0.074063 0.169196 0.423562
v 0.074219 0.169196 0.423563
v -0.074063 0.151138 0.416083
v 0.074219 0.151138 0.416083
v -0.074063 0.133079 0.423563
v 0.074219 0.133079 0.423563
v -0.074063 0.125599 0.441621
v 0.074219 0.125600 0.441621
v -0.074063 0.133080 0.459679
v 0.074219 0.133080 0.459679
v -0.078327 0.151138 0.165619
v 0.078483 0.151138 0.165619
v -0.074063 0.151138 0.191157
v -0.074063 0.169196 0.183677
v 0.074219 0.169196 0.183677
v 0.074219 0.151138 0.191157
v -0.074063 0.176676 0.165619
v 0.074219 0.176676 0.165619
v -0.074063 0.169196 0.147561
v 0.074219 0.169196 0.147561
v -0.074063 0.151138 0.140081
v 0.074219 0.151138 0.140081
v -0.074063 0.133079 0.147561
v 0.074219 0.133079 0.147561
v -0.074063 0.125599 0.165619
v 0.074219 0.125600 0.165619
v -0.074063 0.133080 0.183677
v 0.074219 0.133080 0.183677
v 0.058996 0.139129 0.821499
v 0.058996 0.139129 0.955431
v -0.058996 0.139129 0.821499
v -0.058996 0.139129 0.955431
v -0.044265 0.171289 0.837579
v -0.044265 0.171289 0.971511
v -0.016908 0.191165 0.847517
v -0.016908 0.191165 0.981449
v 0.016908 0.191165 0.847517
v 0.016908 0.191165 0.981449
v 0.044265 0.171289 0.837579
v 0.044265 0.171289 0.971511
v 0.058996 0.063119 0.786776
v 0.044265 0.030959 0.770696
v 0.044265 0.030959 0.904628
v 0.058996 0.063119 0.920708
v 0.016908 0.011083 0.760758
v 0.016908 0.011083 0.894690
v -0.016908 0.011083 0.760758
v -0.016908 0.011083 0.894690
v -0.044265 0.030959 0.770696
v -0.044265 0.030959 0.904628
v -0.058996 0.063119 0.786776
v -0.058996 0.063119 0.920708
v 0.076852 0.142283 0.847325
v 0.076852 0.142283 0.932745
v -0.076852 0.142283 0.847325
v -0.076852 0.142283 0.932745
v -0.058489 0.181895 0.867131
v -0.058489 0.181895 0.952551
v -0.022615 0.207552 0.879960
v -0.022615 0.207552 0.965379
v 0.022614 0.207552 0.879960
v 0.022614 0.207552 0.965379
v 0.058489 0.181895 0.867131
v 0.058489 0.181895 0.952551
v 0.076852 0.059965 0.809448
v 0.058489 0.020353 0.789642
v 0.058489 0.020353 0.875061
v 0.076852 0.059965 0.894867
v 0.022614 -0.005304 0.776813
v 0.022614 -0.005304 0.862233
v -0.022615 -0.005304 0.776814
v -0.022615 -0.005304 0.862233
v -0.058489 0.020353 0.789642
v -0.058489 0.020353 0.875061
v -0.076852 0.059965 0.809448
v -0.076852 0.059965 0.894867
v -0.000000 0.104405 0.804138
v -0.000000 0.104405 0.938069
v 0.054906 0.136721 0.697376
v 0.054906 0.136721 0.823616
v -0.054906 0.136721 0.697376
v -0.054906 0.136721 0.823616
v -0.041195 0.166651 0.690794
v -0.041195 0.166651 0.817034
v -0.015735 0.185149 0.686726
v -0.015735 0.185149 0.812966
v 0.015735 0.185149 0.686726
v 0.015735 0.185149 0.812966
v 0.041195 0.166651 0.690794
v 0.041195 0.166651 0.817034
v 0.054906 0.065527 0.711590
v 0.041195 0.035597 0.718172
v 0.041195 0.035597 0.844413
v 0.054906 0.065527 0.837830
v 0.015735 0.017099 0.722241
v 0.015735 0.017099 0.848481
v -0.015735 0.017099 0.722241
v -0.015735 0.017099 0.848481
v -0.041195 0.035597 0.718172
v -0.041195 0.035597 0.844413
v -0.054906 0.065527 0.711590
v -0.054906 0.065527 0.837830
v 0.071523 0.139657 0.720096
v 0.071523 0.139657 0.799592
v -0.071523 0.139657 0.720096
v -0.071523 0.139657 0.799593
v -0.054434 0.176522 0.711988
v -0.054434 0.176522 0.791485
v -0.021046 0.200400 0.706737
v -0.021046 0.200400 0.786234
v 0.021046 0.200400 0.706737
v 0.021046 0.200400 0.786234
v 0.054434 0.176522 0.711988
v 0.054434 0.176522 0.791485
v 0.071523 0.062591 0.735601
v 0.054434 0.025726 0.743708
v 0.054434 0.025726 0.823205
v 0.071523 0.062591 0.815097
v 0.021046 0.001848 0.748959
v 0.021046 0.001848 0.828456
v -0.021046 0.001848 0.748959
v -0.021046 0.001848 0.828456
v -0.054434 0.025726 0.743708
v -0.054434 0.025726 0.823205
v -0.071523 0.062591 0.735601
v -0.071523 0.062591 0.815097
v -0.000000 0.104405 0.704483
v -0.000000 0.104405 0.830723
v 0.058996 0.139129 0.602917
v 0.058996 0.139129 0.736849
v -0.058996 0.139129 0.602917
v -0.058996 0.139129 0.736849
v -0.044265 0.171289 0.608270
v -0.044265 0.171289 0.742202
v -0.016908 0.191165 0.611578
v -0.016908 0.191165 0.745510
v 0.016908 0.191165 0.611578
v 0.016908 0.191165 0.745510
v 0.044265 0.171289 0.608270
v 0.044265 0.171289 0.742202
v 0.058996 0.063119 0.591358
v 0.044265 0.030959 0.586005
v 0.044265 0.030959 0.719937
v 0.058996 0.063119 0.725290
v 0.016908 0.011083 0.582697
v 0.016908 0.011083 0.716629
v -0.016908 0.011083 0.582697
v -0.016908 0.011083 0.716629
v -0.044265 0.030959 0.586005
v -0.044265 0.030959 0.719937
v -0.058996 0.063119 0.591358
v -0.058996 0.063119 0.725290
v 0.076852 0.142283 0.627691
v 0.076852 0.142283 0.713111
v -0.076852 0.142283 0.627691
v -0.076852 0.142283 0.713111
v -0.058489 0.181895 0.634284
v -0.058489 0.181895 0.719704
v -0.022615 0.207552 0.638555
v -0.022615 0.207552 0.723974
v 0.022614 0.207552 0.638555
v 0.022614 0.207552 0.723974
v 0.058489 0.181895 0.634284
v 0.058489 0.181895 0.719704
v 0.076852 0.059965 0.615082
v 0.058489 0.020353 0.608489
v 0.058489 0.020353 0.693908
v 0.076852 0.059965 0.700502
v 0.022614 -0.005304 0.604219
v 0.022614 -0.005304 0.689638
v -0.022615 -0.005304 0.604219
v -0.022614 -0.005304 0.689638
v -0.058489 0.020353 0.608489
v -0.058489 0.020353 0.693908
v -0.076852 0.059965 0.615082
v -0.076852 0.059965 0.700502
v -0.000000 0.104405 0.597138
v -0.000000 0.104405 0.731069
v -0.032101 0.082093 -0.535716
v 0.032104 0.082093 -0.535716
v -0.032101 0.020123 -0.556653
v 0.032104 0.020123 -0.556653
v -0.032101 -0.106804 -0.584519
v 0.032104 -0.106804 -0.584519
v -0.030110 -0.147620 -0.576536
v 0.030113 -0.147620 -0.576536
v 0.057013 -0.164982 -0.532841
v 0.038519 -0.148891 -0.540775
v 0.057013 -0.221838 -0.504806
v 0.038519 -0.237928 -0.496872
v -0.057012 -0.164982 -0.532841
v -0.038518 -0.148892 -0.540775
v -0.057012 -0.221838 -0.504806
v -0.038518 -0.237928 -0.496872
v -0.023977 -0.209567 -0.498067
v -0.031829 -0.202205 -0.501753
v -0.031829 -0.174513 -0.515407
v -0.023977 -0.167107 -0.519004
v -0.031829 -0.212306 -0.522240
v -0.023977 -0.219713 -0.518643
v -0.023977 -0.177253 -0.539580
v -0.031829 -0.184615 -0.535894
v 0.031830 -0.202205 -0.501753
v 0.023978 -0.209567 -0.498067
v 0.023978 -0.167107 -0.519004
v 0.031830 -0.174513 -0.515407
v 0.023978 -0.219713 -0.518643
v 0.031830 -0.212306 -0.522240
v 0.031830 -0.184615 -0.535894
v 0.023978 -0.177252 -0.539580
v -0.034834 -0.222896 -0.486862
v -0.048039 -0.211477 -0.492500
v -0.048039 -0.161527 -0.517129
v -0.034834 -0.150102 -0.522756
v -0.034834 -0.163923 -0.550785
v -0.048039 -0.175342 -0.545147
v -0.048039 -0.225293 -0.520518
v -0.034834 -0.236717 -0.514892
v 0.034835 -0.236717 -0.514892
v 0.048041 -0.225293 -0.520518
v 0.048041 -0.175342 -0.545147
v 0.034835 -0.163923 -0.550785
v 0.034835 -0.150102 -0.522756
v 0.048041 -0.161527 -0.517129
v 0.048041 -0.211477 -0.492500
v 0.034835 -0.222896 -0.486862
v -0.090130 -0.026329 0.928768
v -0.090130 -0.029055 0.949468
v 0.090132 -0.029055 0.949468
v 0.090132 -0.026329 0.928768
v -0.090130 -0.016344 0.966032
v 0.090132 -0.016344 0.966032
v -0.090130 0.004356 0.968758
v 0.090132 0.004356 0.968758
v -0.090130 0.020920 0.956047
v 0.090132 0.020920 0.956047
v -0.090130 0.023646 0.935347
v 0.090132 0.023646 0.935347
v -0.090130 0.010935 0.918782
v 0.090132 0.010935 0.918783
v -0.090130 -0.009765 0.916057
v 0.090132 -0.009765 0.916057
vt 0.797401 0.881197
vt 0.797401 0.881197
vt 0.795927 0.871538
vt 0.795927 0.871538
vt 0.801533 0.835514
vt 0.801533 0.835514
vt 0.800079 0.835203
vt 0.800079 0.835203
vt 0.799496 0.846334
vt 0.801075 0.847635
vt 0.799496 0.877584
vt 0.798860 0.888171
vt 0.800578 0.890110
vt 0.801075 0.878885
vt 0.801075 0.878885
vt 0.800578 0.890110
vt 0.798860 0.888171
vt 0.799496 0.877585
vt 0.801075 0.847635
vt 0.799496 0.846335
vt 0.798987 0.832459
vt 0.798987 0.832459
vt 0.793926 0.844342
vt 0.794882 0.861681
vt 0.796944 0.856860
vt 0.796446 0.843497
vt 0.794882 0.861681
vt 0.796944 0.856860
vt 0.797469 0.866719
vt 0.798341 0.828028
vt 0.798341 0.828028
vt 0.796304 0.833917
vt 0.793560 0.835759
vt 0.798172 0.873149
vt 0.798172 0.841899
vt 0.797469 0.835469
vt 0.797469 0.866719
vt 0.798172 0.841900
vt 0.798172 0.873150
vt 0.797469 0.835469
vt 0.797896 0.823026
vt 0.797896 0.823026
vt 0.797183 0.811441
vt 0.797183 0.811441
vt 0.796944 0.825610
vt 0.796304 0.802667
vt 0.796055 0.798980
vt 0.793480 0.801014
vt 0.793560 0.804509
vt 0.796304 0.802667
vt 0.793560 0.804509
vt 0.793480 0.801014
vt 0.796055 0.798980
vt 0.792834 0.802235
vt 0.792758 0.800102
vt 0.796446 0.812247
vt 0.796944 0.825610
vt 0.793926 0.844342
vt 0.796446 0.843497
vt 0.796446 0.812247
vt 0.797109 0.803411
vt 0.797109 0.803411
vt 0.793560 0.835759
vt 0.796304 0.833917
vt 0.790189 0.795817
vt 0.782216 0.779156
vt 0.782827 0.777340
vt 0.790185 0.794852
vt 0.792758 0.800102
vt 0.793164 0.842017
vt 0.792850 0.834814
vt 0.781580 0.844676
vt 0.781274 0.861121
vt 0.791354 0.867744
vt 0.790824 0.854161
vt 0.793164 0.842017
vt 0.794094 0.859734
vt 0.781274 0.892371
vt 0.781274 0.892371
vt 0.781274 0.892371
vt 0.781274 0.892371
vt 0.782827 0.777340
vt 0.781580 0.844676
vt 0.781274 0.861121
vt 0.781345 0.857286
vt 0.781580 0.844676
vt 0.794930 0.870605
vt 0.794094 0.859734
vt 0.782059 0.818847
vt 0.782059 0.818847
vt 0.805357 0.835514
vt 0.805357 0.835514
vt 0.805357 0.890746
vt 0.805357 0.890746
vt 0.837753 0.890746
vt 0.837753 0.890746
vt 0.837477 0.884149
vt 0.837477 0.884149
vt 0.834493 0.840261
vt 0.836268 0.844833
vt 0.805357 0.843789
vt 0.805357 0.843789
vt 0.836268 0.844833
vt 0.834493 0.840261
vt 0.805357 0.883834
vt 0.805357 0.883834
vt 0.427166 0.784700
vt 0.425652 0.781055
vt 0.425652 0.781055
vt 0.427166 0.784700
vt 0.427787 0.790186
vt 0.427787 0.790186
vt 0.409117 0.831580
vt 0.410262 0.832474
vt 0.410443 0.827082
vt 0.409653 0.825306
vt 0.425971 0.787175
vt 0.425971 0.787175
vt 0.425278 0.794056
vt 0.425278 0.794056
vt 0.410443 0.827082
vt 0.410262 0.832474
vt 0.409117 0.831580
vt 0.409653 0.825306
vt 0.410116 0.838163
vt 0.408522 0.838683
vt 0.424742 0.800330
vt 0.424742 0.800330
vt 0.424147 0.807433
vt 0.424147 0.807433
vt 0.426068 0.795832
vt 0.425887 0.801224
vt 0.425887 0.801224
vt 0.426068 0.795832
vt 0.425741 0.806913
vt 0.425741 0.806913
vt 0.426441 0.788701
vt 0.426441 0.788701
vt 0.410816 0.819951
vt 0.410346 0.818425
vt 0.408522 0.838683
vt 0.410116 0.838163
vt 0.410017 0.807464
vt 0.407456 0.811639
vt 0.407767 0.815656
vt 0.410027 0.812305
vt 0.412162 0.821436
vt 0.412948 0.819924
vt 0.413988 0.841953
vt 0.412803 0.840732
vt 0.410027 0.812305
vt 0.407767 0.815656
vt 0.407456 0.811639
vt 0.410017 0.807464
vt 0.427637 0.780843
vt 0.427637 0.780843
vt 0.425642 0.776214
vt 0.425642 0.776214
vt 0.428428 0.809482
vt 0.428428 0.809482
vt 0.412162 0.821436
vt 0.412948 0.819924
vt 0.412012 0.812093
vt 0.411541 0.815950
vt 0.428573 0.788674
vt 0.428573 0.788674
vt 0.429613 0.810703
vt 0.429613 0.810703
vt 0.423081 0.780389
vt 0.423081 0.780389
vt 0.407023 0.819018
vt 0.406660 0.815693
vt 0.406660 0.815693
vt 0.407023 0.819018
vt 0.423392 0.784406
vt 0.423392 0.784406
vt 0.411541 0.815950
vt 0.412012 0.812093
vt 0.422285 0.784443
vt 0.422285 0.784443
vt 0.422648 0.787768
vt 0.422648 0.787768
vt 0.421881 0.863726
vt 0.422136 0.867251
vt 0.422136 0.867251
vt 0.421881 0.863726
vt 0.422933 0.859222
vt 0.423644 0.855357
vt 0.423644 0.855357
vt 0.422933 0.859222
vt 0.423445 0.833207
vt 0.422584 0.835160
vt 0.422270 0.830927
vt 0.422933 0.827972
vt 0.423644 0.824107
vt 0.424553 0.830214
vt 0.424406 0.825202
vt 0.425319 0.837834
vt 0.427987 0.832478
vt 0.426778 0.827348
vt 0.426778 0.827348
vt 0.427987 0.832478
vt 0.425319 0.837834
vt 0.424406 0.825202
vt 0.425319 0.869084
vt 0.425319 0.869084
vt 0.427987 0.863728
vt 0.427987 0.863728
vt 0.424352 0.819808
vt 0.425799 0.826772
vt 0.421881 0.832476
vt 0.422136 0.836001
vt 0.422584 0.835160
vt 0.422270 0.830927
vt 0.425799 0.826772
vt 0.424352 0.819808
vt 0.423644 0.824107
vt 0.424553 0.830214
vt 0.424553 0.861464
vt 0.424553 0.861464
vt 0.425799 0.858022
vt 0.425799 0.858022
vt 0.421881 0.832476
vt 0.422136 0.836001
vt 0.422584 0.866410
vt 0.422584 0.866410
vt 0.423445 0.864457
vt 0.423445 0.864457
vt 0.422933 0.827972
vt 0.423445 0.833207
vt 0.424352 0.851058
vt 0.424352 0.851058
vt 0.422270 0.862177
vt 0.422270 0.862177
vt 0.422707 0.815653
vt 0.422748 0.827355
vt 0.422748 0.827355
vt 0.422707 0.815653
vt 0.422748 0.858605
vt 0.422748 0.858605
vt 0.412803 0.840732
vt 0.413988 0.841953
vt 0.805357 0.875039
vt 0.805357 0.875039
vt 0.836268 0.876083
vt 0.836268 0.876083
vt 0.433426 0.859496
vt 0.464235 0.859496
vt 0.464235 0.854521
vt 0.433426 0.854521
vt 0.464235 0.851446
vt 0.433426 0.851446
vt 0.464235 0.851446
vt 0.433426 0.851446
vt 0.464235 0.854521
vt 0.433426 0.854521
vt 0.464235 0.859496
vt 0.433426 0.859496
vt 0.464235 0.864471
vt 0.433426 0.864471
vt 0.511083 0.816920
vt 0.511083 0.818695
vt 0.510411 0.817984
vt 0.510411 0.816481
vt 0.433426 0.867546
vt 0.464235 0.867546
vt 0.464235 0.867546
vt 0.433426 0.867546
vt 0.464235 0.864471
vt 0.433426 0.864471
vt 0.433426 0.836296
vt 0.433426 0.836296
vt 0.433054 0.838904
vt 0.433054 0.838904
vt 0.429033 0.848838
vt 0.429033 0.852910
vt 0.426455 0.852910
vt 0.426455 0.848838
vt 0.433426 0.833221
vt 0.433054 0.834833
vt 0.433426 0.828246
vt 0.433054 0.828247
vt 0.433426 0.823271
vt 0.433054 0.821660
vt 0.433426 0.820196
vt 0.433054 0.817588
vt 0.433426 0.828246
vt 0.433426 0.823271
vt 0.433054 0.821660
vt 0.433054 0.828246
vt 0.433426 0.820196
vt 0.433054 0.817588
vt 0.433426 0.833221
vt 0.433054 0.834833
vt 0.429033 0.866083
vt 0.429033 0.859496
vt 0.426455 0.859496
vt 0.426455 0.866083
vt 0.429033 0.852910
vt 0.429033 0.848838
vt 0.426455 0.848838
vt 0.426455 0.852910
vt 0.429033 0.870154
vt 0.429033 0.870154
vt 0.426455 0.870154
vt 0.426455 0.870154
vt 0.429033 0.859497
vt 0.426455 0.859497
vt 0.429033 0.866083
vt 0.426455 0.866083
vt 0.464235 0.823271
vt 0.464235 0.828246
vt 0.464235 0.828246
vt 0.464235 0.825374
vt 0.464235 0.833221
vt 0.464235 0.831118
vt 0.464235 0.836296
vt 0.464235 0.832893
vt 0.464235 0.836296
vt 0.464235 0.832893
vt 0.464235 0.833221
vt 0.464235 0.831118
vt 0.464235 0.828246
vt 0.464235 0.828246
vt 0.464235 0.823271
vt 0.464235 0.825374
vt 0.464235 0.820196
vt 0.464235 0.823599
vt 0.464235 0.820196
vt 0.464235 0.823599
vt 0.566590 0.777720
vt 0.566590 0.780152
vt 0.566028 0.780152
vt 0.511083 0.811176
vt 0.511083 0.814048
vt 0.510411 0.814048
vt 0.510411 0.811616
vt 0.511083 0.814048
vt 0.511083 0.811176
vt 0.510411 0.811616
vt 0.510411 0.814048
vt 0.511083 0.818695
vt 0.510411 0.817984
vt 0.511083 0.809401
vt 0.510411 0.810112
vt 0.511083 0.809401
vt 0.510411 0.810112
vt 0.511083 0.816920
vt 0.510411 0.816481
vt 0.566590 0.780152
vt 0.566590 0.777720
vt 0.566590 0.784088
vt 0.566590 0.784088
vt 0.566590 0.776217
vt 0.566590 0.776217
vt 0.566590 0.782585
vt 0.566590 0.782585
vt 0.433054 0.859497
vt 0.433054 0.866083
vt 0.430601 0.866083
vt 0.430601 0.859497
vt 0.429033 0.828246
vt 0.429033 0.834833
vt 0.429165 0.837162
vt 0.429165 0.828246
vt 0.433054 0.870154
vt 0.433054 0.866083
vt 0.430601 0.866083
vt 0.430601 0.870154
vt 0.430601 0.838904
vt 0.430601 0.834833
vt 0.430470 0.837162
vt 0.430470 0.842672
vt 0.433054 0.852910
vt 0.433054 0.848838
vt 0.430601 0.848838
vt 0.430601 0.852910
vt 0.429033 0.838904
vt 0.429033 0.838904
vt 0.429165 0.842672
vt 0.429165 0.842672
vt 0.433054 0.852910
vt 0.430601 0.852910
vt 0.430601 0.828246
vt 0.430470 0.828246
vt 0.433054 0.870154
vt 0.430601 0.870154
vt 0.429033 0.834833
vt 0.429033 0.828247
vt 0.429165 0.828247
vt 0.429165 0.837162
vt 0.433054 0.859496
vt 0.430601 0.859496
vt 0.430601 0.838904
vt 0.430470 0.842672
vt 0.433054 0.848838
vt 0.430601 0.848838
vt 0.430601 0.828247
vt 0.430601 0.834833
vt 0.430470 0.837162
vt 0.430470 0.828247
vt 0.429033 0.821660
vt 0.429165 0.819331
vt 0.430470 0.859497
vt 0.430470 0.868412
vt 0.429165 0.868412
vt 0.429165 0.859497
vt 0.430470 0.873922
vt 0.430470 0.868412
vt 0.429165 0.868412
vt 0.429165 0.873922
vt 0.430470 0.850581
vt 0.430470 0.845071
vt 0.429165 0.845071
vt 0.429165 0.850581
vt 0.430470 0.850581
vt 0.429165 0.850581
vt 0.430470 0.873922
vt 0.429165 0.873922
vt 0.430470 0.859496
vt 0.429165 0.859496
vt 0.430470 0.845071
vt 0.429165 0.845071
vt 0.430601 0.821660
vt 0.430470 0.819331
vt 0.430601 0.817588
vt 0.430601 0.817588
vt 0.430470 0.813821
vt 0.430470 0.813821
vt 0.429033 0.821660
vt 0.429165 0.819331
vt 0.429033 0.817588
vt 0.429033 0.817588
vt 0.429165 0.813821
vt 0.429165 0.813821
vt 0.430601 0.821660
vt 0.430470 0.819331
vt 0.426455 0.828246
vt 0.426455 0.821660
vt 0.425984 0.823623
vt 0.425984 0.828246
vt 0.426455 0.817588
vt 0.425984 0.820766
vt 0.426455 0.817588
vt 0.425984 0.820766
vt 0.426455 0.821660
vt 0.425984 0.823623
vt 0.426455 0.828247
vt 0.425984 0.828246
vt 0.426455 0.834833
vt 0.425984 0.832870
vt 0.426455 0.838904
vt 0.425984 0.835727
vt 0.426455 0.838904
vt 0.425984 0.835727
vt 0.426455 0.834833
vt 0.425984 0.832870
vt 0.425984 0.859496
vt 0.425984 0.854873
vt 0.425984 0.859496
vt 0.425984 0.852016
vt 0.425984 0.852016
vt 0.425984 0.854873
vt 0.425984 0.859496
vt 0.425984 0.864120
vt 0.425984 0.866977
vt 0.425984 0.866977
vt 0.425984 0.864120
vt 0.438731 0.805927
vt 0.438731 0.805927
vt 0.438731 0.802618
vt 0.438731 0.802618
vt 0.438731 0.837177
vt 0.431831 0.837177
vt 0.431831 0.833868
vt 0.438731 0.833868
vt 0.431831 0.805927
vt 0.431831 0.805927
vt 0.431831 0.802618
vt 0.431831 0.802618
vt 0.431831 0.837177
vt 0.438731 0.837177
vt 0.438731 0.833868
vt 0.431831 0.833868
vt 0.438731 0.851376
vt 0.438731 0.851376
vt 0.431831 0.851376
vt 0.431831 0.851376
vt 0.438731 0.786993
vt 0.431831 0.786993
vt 0.431831 0.786993
vt 0.438731 0.786993
vt 0.434072 0.832859
vt 0.432250 0.832859
vt 0.432250 0.815941
vt 0.434072 0.816880
vt 0.436342 0.770164
vt 0.436342 0.770164
vt 0.438461 0.771257
vt 0.438461 0.771257
vt 0.436490 0.832859
vt 0.438313 0.832859
vt 0.438313 0.819067
vt 0.436490 0.818128
vt 0.432100 0.833868
vt 0.432100 0.833868
vt 0.432100 0.814852
vt 0.432100 0.814852
vt 0.438461 0.833868
vt 0.438461 0.833868
vt 0.438461 0.818132
vt 0.438461 0.818132
vt 0.432250 0.832859
vt 0.434072 0.832859
vt 0.434072 0.816880
vt 0.432250 0.815941
vt 0.434371 0.832859
vt 0.436191 0.832859
vt 0.436191 0.817973
vt 0.434371 0.817034
vt 0.432100 0.767977
vt 0.432100 0.767977
vt 0.434222 0.769070
vt 0.434222 0.769070
vt 0.438313 0.832859
vt 0.436490 0.832859
vt 0.436490 0.818128
vt 0.438313 0.819067
vt 0.436191 0.832859
vt 0.434371 0.832859
vt 0.434371 0.817034
vt 0.436191 0.817973
vt 0.434222 0.802618
vt 0.432100 0.802618
vt 0.432250 0.801609
vt 0.434072 0.801609
vt 0.432100 0.783602
vt 0.432250 0.784691
vt 0.432100 0.752352
vt 0.434222 0.753445
vt 0.434072 0.754380
vt 0.432250 0.753441
vt 0.434222 0.784695
vt 0.434072 0.785630
vt 0.436342 0.802618
vt 0.438461 0.802618
vt 0.438313 0.801609
vt 0.436490 0.801609
vt 0.438461 0.786882
vt 0.438313 0.787817
vt 0.438461 0.755632
vt 0.436342 0.754539
vt 0.436490 0.755628
vt 0.438313 0.756567
vt 0.436342 0.785789
vt 0.436490 0.786878
vt 0.432100 0.802618
vt 0.434222 0.802618
vt 0.434072 0.801609
vt 0.432250 0.801609
vt 0.434222 0.784695
vt 0.434072 0.785630
vt 0.434222 0.753445
vt 0.432100 0.752352
vt 0.432250 0.753441
vt 0.434072 0.754380
vt 0.432100 0.783602
vt 0.432250 0.784691
vt 0.436191 0.801609
vt 0.434371 0.801609
vt 0.436191 0.786723
vt 0.434371 0.754534
vt 0.436191 0.755473
vt 0.434371 0.785784
vt 0.438461 0.802618
vt 0.436342 0.802618
vt 0.436490 0.801609
vt 0.438313 0.801609
vt 0.436342 0.785789
vt 0.436490 0.786878
vt 0.436342 0.754539
vt 0.438461 0.755632
vt 0.438313 0.756567
vt 0.436490 0.755628
vt 0.438461 0.786882
vt 0.438313 0.787817
vt 0.434371 0.801609
vt 0.436191 0.801609
vt 0.434371 0.785784
vt 0.436191 0.755473
vt 0.434371 0.754534
vt 0.436191 0.786723
vt 0.431831 0.820126
vt 0.431831 0.820126
vt 0.438731 0.820126
vt 0.438731 0.820126
vt 0.410816 0.819951
vt 0.410346 0.818425
vt 0.794968 0.876865
vt 0.794968 0.876865
vt 0.790824 0.854161
vt 0.790337 0.835298
vt 0.782216 0.810406
vt 0.790217 0.829426
vt 0.791354 0.867744
vt 0.790217 0.829426
vt 0.782216 0.810406
vt 0.782059 0.818847
vt 0.790337 0.835299
vt 0.782827 0.777340
vt 0.782216 0.779156
vt 0.790189 0.795817
vt 0.790185 0.794852
vt 0.794930 0.870605
vt 0.792850 0.834814
vt 0.792834 0.802235
vt 0.792094 0.837258
vt 0.792016 0.833704
vt 0.792479 0.852821
vt 0.792950 0.865453
vt 0.792016 0.833704
vt 0.792094 0.837258
vt 0.791977 0.799116
vt 0.791978 0.799258
vt 0.791979 0.799258
vt 0.791977 0.799116
vt 0.791447 0.887526
vt 0.791447 0.887526
vt 0.793200 0.886691
vt 0.793200 0.886691
vt 0.792479 0.852821
vt 0.792950 0.865453
vt 0.602128 0.878729
vt 0.608439 0.878729
vt 0.608439 0.875472
vt 0.602128 0.875472
vt 0.608439 0.866573
vt 0.602128 0.866573
vt 0.608439 0.854418
vt 0.602128 0.854418
vt 0.608439 0.842262
vt 0.602128 0.842262
vt 0.608439 0.833364
vt 0.602128 0.833364
vt 0.608439 0.830107
vt 0.602128 0.830107
vt 0.608439 0.833364
vt 0.602128 0.833364
vt 0.608439 0.842262
vt 0.602128 0.842262
vt 0.608439 0.854418
vt 0.602128 0.854418
vt 0.608439 0.866573
vt 0.602128 0.866573
vt 0.608439 0.760807
vt 0.608439 0.758411
vt 0.606816 0.761808
vt 0.606816 0.763748
vt 0.602128 0.897823
vt 0.608439 0.897823
vt 0.608439 0.906722
vt 0.602128 0.906722
vt 0.602128 0.875472
vt 0.608439 0.875472
vt 0.602128 0.823168
vt 0.602128 0.811012
vt 0.598201 0.815989
vt 0.598201 0.823168
vt 0.602128 0.802114
vt 0.602128 0.811012
vt 0.598201 0.815989
vt 0.598201 0.810733
vt 0.602128 0.844222
vt 0.602128 0.847479
vt 0.598201 0.837525
vt 0.598201 0.835602
vt 0.602128 0.844222
vt 0.598201 0.835602
vt 0.602128 0.802114
vt 0.598201 0.810733
vt 0.602128 0.823168
vt 0.598201 0.823168
vt 0.449619 0.868936
vt 0.449619 0.868936
vt 0.449619 0.871468
vt 0.449619 0.871468
vt 0.449619 0.842276
vt 0.449619 0.842276
vt 0.449619 0.832826
vt 0.449619 0.832826
vt 0.449619 0.813084
vt 0.449619 0.803634
vt 0.449619 0.803634
vt 0.449619 0.813084
vt 0.449619 0.796716
vt 0.449619 0.796716
vt 0.449619 0.796716
vt 0.449619 0.796716
vt 0.590733 0.840060
vt 0.598201 0.840060
vt 0.598201 0.841983
vt 0.590733 0.841983
vt 0.590733 0.841983
vt 0.598201 0.841983
vt 0.449619 0.813084
vt 0.449619 0.803634
vt 0.449619 0.803634
vt 0.449619 0.813084
vt 0.449619 0.803634
vt 0.449619 0.813084
vt 0.449619 0.813084
vt 0.449619 0.803634
vt 0.449619 0.842276
vt 0.449619 0.842276
vt 0.449619 0.832826
vt 0.449619 0.832826
vt 0.449619 0.868936
vt 0.449619 0.868936
vt 0.598201 0.866852
vt 0.598201 0.861596
vt 0.602128 0.798857
vt 0.598201 0.808810
vt 0.602128 0.835323
vt 0.598201 0.830346
vt 0.602128 0.835323
vt 0.598201 0.830346
vt 0.608439 0.841049
vt 0.608439 0.838653
vt 0.608439 0.844222
vt 0.608439 0.847479
vt 0.608439 0.832108
vt 0.608439 0.835323
vt 0.608439 0.823168
vt 0.608439 0.823168
vt 0.608439 0.814227
vt 0.608439 0.811012
vt 0.608439 0.807682
vt 0.608439 0.802114
vt 0.608439 0.805286
vt 0.608439 0.798857
vt 0.608439 0.807682
vt 0.608439 0.802114
vt 0.608439 0.814227
vt 0.608439 0.811012
vt 0.608439 0.823168
vt 0.608439 0.823168
vt 0.608439 0.832108
vt 0.608439 0.835323
vt 0.608439 0.863358
vt 0.608439 0.869903
vt 0.608439 0.838653
vt 0.608439 0.844222
vt 0.654448 0.908934
vt 0.687482 0.875883
vt 0.649341 0.875881
vt 0.608439 0.791778
vt 0.608439 0.785233
vt 0.606816 0.783535
vt 0.606816 0.788837
vt 0.608439 0.767352
vt 0.608439 0.776293
vt 0.606816 0.776293
vt 0.606816 0.769050
vt 0.608439 0.767352
vt 0.606816 0.769050
vt 0.608439 0.794174
vt 0.606816 0.790777
vt 0.608439 0.791778
vt 0.606816 0.788837
vt 0.608439 0.760807
vt 0.606816 0.763748
vt 0.608439 0.776293
vt 0.606816 0.776293
vt 0.608439 0.785233
vt 0.606816 0.783535
vt 0.654448 0.842828
vt 0.668417 0.818632
vt 0.725628 0.875881
vt 0.720516 0.908934
vt 0.706558 0.933130
vt 0.687482 0.941986
vt 0.668417 0.933130
vt 0.720516 0.842828
vt 0.687482 0.809776
vt 0.706558 0.818632
vt 0.449619 0.803634
vt 0.449619 0.813084
vt 0.449619 0.813084
vt 0.449619 0.803634
vt 0.449619 0.832826
vt 0.449619 0.832826
vt 0.449619 0.832826
vt 0.449619 0.832826
vt 0.449619 0.776973
vt 0.449619 0.776973
vt 0.449619 0.832826
vt 0.449619 0.832826
vt 0.449619 0.776973
vt 0.449619 0.776973
vt 0.449619 0.796716
vt 0.449619 0.796716
vt 0.449619 0.796716
vt 0.449619 0.796716
vt 0.449619 0.776973
vt 0.449619 0.776973
vt 0.532118 0.797769
vt 0.531468 0.807915
vt 0.535679 0.804307
vt 0.535679 0.795687
vt 0.531086 0.892017
vt 0.565468 0.892017
vt 0.565468 0.896655
vt 0.530789 0.896655
vt 0.565468 0.800804
vt 0.565468 0.796166
vt 0.571234 0.808810
vt 0.571234 0.810733
vt 0.531897 0.910595
vt 0.565468 0.910595
vt 0.565468 0.923267
vt 0.531086 0.923267
vt 0.533004 0.862035
vt 0.565468 0.862035
vt 0.565468 0.879345
vt 0.531897 0.879345
vt 0.571234 0.861596
vt 0.571234 0.866852
vt 0.534112 0.844726
vt 0.565468 0.844726
vt 0.534923 0.832054
vt 0.565468 0.832054
vt 0.565468 0.813476
vt 0.565468 0.830785
vt 0.571234 0.823168
vt 0.571234 0.815989
vt 0.535220 0.827416
vt 0.565468 0.827416
vt 0.534923 0.832054
vt 0.565468 0.832054
vt 0.534112 0.844726
vt 0.565468 0.844726
vt 0.565468 0.813476
vt 0.571234 0.815989
vt 0.533004 0.862035
vt 0.565468 0.862035
vt 0.531897 0.879345
vt 0.565468 0.879345
vt 0.565468 0.865405
vt 0.565468 0.860767
vt 0.571234 0.835602
vt 0.571234 0.837525
vt 0.531086 0.892017
vt 0.565468 0.892017
vt 0.565468 0.860767
vt 0.571234 0.835602
vt 0.565468 0.848095
vt 0.571234 0.830346
vt 0.565468 0.848095
vt 0.565468 0.830785
vt 0.571234 0.823168
vt 0.571234 0.830346
vt 0.565468 0.800804
vt 0.571234 0.810733
vt 0.531468 0.854790
vt 0.531231 0.858503
vt 0.530789 0.865405
vt 0.531086 0.860767
vt 0.532118 0.844644
vt 0.531897 0.848095
vt 0.533004 0.830785
vt 0.533004 0.830785
vt 0.533891 0.816927
vt 0.534112 0.813476
vt 0.534541 0.806781
vt 0.534923 0.800804
vt 0.534778 0.803068
vt 0.535220 0.796166
vt 0.534541 0.806781
vt 0.534923 0.800804
vt 0.533891 0.816927
vt 0.534112 0.813476
vt 0.533004 0.830785
vt 0.533004 0.830785
vt 0.532118 0.844644
vt 0.531897 0.848095
vt 0.531468 0.886040
vt 0.532118 0.875894
vt 0.531468 0.854790
vt 0.531086 0.860767
vt 0.533004 0.783910
vt 0.533891 0.770052
vt 0.535679 0.772134
vt 0.535679 0.783910
vt 0.534541 0.759906
vt 0.533891 0.770052
vt 0.535679 0.772134
vt 0.535679 0.763514
vt 0.531231 0.811628
vt 0.535679 0.807463
vt 0.531468 0.807915
vt 0.535679 0.804307
vt 0.534541 0.759906
vt 0.535679 0.763514
vt 0.533004 0.783910
vt 0.535679 0.783910
vt 0.532118 0.797769
vt 0.535679 0.795687
vt 0.534778 0.756193
vt 0.535679 0.760358
vt 0.701840 0.832428
vt 0.687496 0.823425
vt 0.687485 0.759587
vt 0.708791 0.772956
vt 0.712346 0.857025
vt 0.724390 0.809481
vt 0.716189 0.890625
vt 0.730102 0.859375
vt 0.712346 0.924225
vt 0.724390 0.909269
vt 0.701840 0.948822
vt 0.708791 0.945794
vt 0.687496 0.957825
vt 0.687485 0.959163
vt 0.673142 0.948822
vt 0.666180 0.945794
vt 0.662641 0.924225
vt 0.650581 0.909269
vt 0.658798 0.890625
vt 0.644869 0.859375
vt 0.662641 0.857025
vt 0.650581 0.809481
vt 0.673142 0.832428
vt 0.666180 0.772956
vt 0.687485 0.890625
vt 0.449619 0.868936
vt 0.449619 0.868936
vt 0.449619 0.871468
vt 0.449619 0.871468
vt 0.449619 0.842276
vt 0.449619 0.842276
vt 0.449619 0.832826
vt 0.449619 0.832826
vt 0.449619 0.813084
vt 0.449619 0.803634
vt 0.449619 0.803634
vt 0.449619 0.813084
vt 0.449619 0.796716
vt 0.449619 0.796716
vt 0.449619 0.796716
vt 0.449619 0.796716
vt 0.571234 0.840060
vt 0.578702 0.840060
vt 0.578702 0.841983
vt 0.571234 0.841983
vt 0.571234 0.841983
vt 0.578702 0.841983
vt 0.449619 0.813084
vt 0.449619 0.803634
vt 0.449619 0.803634
vt 0.449619 0.813084
vt 0.449619 0.803634
vt 0.449619 0.813084
vt 0.449619 0.813084
vt 0.449619 0.803634
vt 0.449619 0.842276
vt 0.449619 0.842276
vt 0.449619 0.832826
vt 0.449619 0.832826
vt 0.449619 0.868936
vt 0.449619 0.868936
vt 0.449619 0.803634
vt 0.449619 0.813084
vt 0.449619 0.813084
vt 0.449619 0.803634
vt 0.449619 0.832826
vt 0.449619 0.832826
vt 0.449619 0.832826
vt 0.449619 0.832826
vt 0.449619 0.776973
vt 0.449619 0.776973
vt 0.449619 0.832826
vt 0.449619 0.832826
vt 0.449619 0.776973
vt 0.449619 0.776973
vt 0.449619 0.796716
vt 0.449619 0.796716
vt 0.449619 0.796716
vt 0.449619 0.796716
vt 0.449619 0.776973
vt 0.449619 0.776973
vt 0.588472 0.898102
vt 0.588472 0.892846
vt 0.590733 0.892846
vt 0.590733 0.898102
vt 0.588472 0.861596
vt 0.588472 0.854418
vt 0.590733 0.854418
vt 0.590733 0.861596
vt 0.588472 0.847239
vt 0.590733 0.847239
vt 0.588472 0.841983
vt 0.588472 0.840060
vt 0.588472 0.841983
vt 0.588472 0.847239
vt 0.590733 0.847239
vt 0.588472 0.854418
vt 0.590733 0.854418
vt 0.588472 0.861596
vt 0.590733 0.861596
vt 0.588472 0.866852
vt 0.590733 0.866852
vt 0.588472 0.868775
vt 0.590733 0.868775
vt 0.588472 0.866852
vt 0.590733 0.866852
vt 0.433994 0.864076
vt 0.433994 0.864076
vt 0.433994 0.864076
vt 0.433994 0.864076
vt 0.433994 0.864076
vt 0.433994 0.864076
vt 0.433994 0.864076
vt 0.433994 0.864076
vt 0.433994 0.902718
vt 0.433994 0.902718
vt 0.433994 0.900186
vt 0.433994 0.900186
vt 0.433994 0.873526
vt 0.433994 0.873526
vt 0.433994 0.873526
vt 0.433994 0.873526
vt 0.433994 0.900186
vt 0.433994 0.900186
vt 0.433994 0.864076
vt 0.433994 0.864076
vt 0.433994 0.864076
vt 0.433994 0.864076
vt 0.433994 0.864076
vt 0.433994 0.864076
vt 0.433994 0.864076
vt 0.433994 0.864076
vt 0.433994 0.902718
vt 0.433994 0.902718
vt 0.433994 0.900186
vt 0.433994 0.900186
vt 0.433994 0.873526
vt 0.433994 0.873526
vt 0.433994 0.873526
vt 0.433994 0.873526
vt 0.433994 0.900186
vt 0.433994 0.900186
vt 0.449619 0.868936
vt 0.449619 0.868936
vt 0.449619 0.871468
vt 0.449619 0.871468
vt 0.449619 0.842276
vt 0.449619 0.842276
vt 0.449619 0.842276
vt 0.449619 0.842276
vt 0.449619 0.832826
vt 0.449619 0.832826
vt 0.449619 0.868936
vt 0.449619 0.868936
vt 0.449619 0.832826
vt 0.449619 0.832826
vt 0.449619 0.832826
vt 0.449619 0.832826
vt 0.449619 0.832826
vt 0.449619 0.832826
vt 0.449619 0.868936
vt 0.449619 0.868936
vt 0.449619 0.871468
vt 0.449619 0.871468
vt 0.449619 0.842276
vt 0.449619 0.842276
vt 0.449619 0.842276
vt 0.449619 0.842276
vt 0.449619 0.832826
vt 0.449619 0.832826
vt 0.449619 0.868936
vt 0.449619 0.868936
vt 0.449619 0.832826
vt 0.449619 0.832826
vt 0.584718 0.832042
vt 0.584718 0.832042
vt 0.583298 0.830853
vt 0.583298 0.830853
vt 0.583298 0.815482
vt 0.582258 0.818730
vt 0.581226 0.816868
vt 0.582702 0.812257
vt 0.587177 0.827605
vt 0.587557 0.823167
vt 0.588749 0.823167
vt 0.588209 0.829467
vt 0.586137 0.830853
vt 0.584718 0.835766
vt 0.586733 0.834078
vt 0.584718 0.814293
vt 0.586137 0.815482
vt 0.586733 0.812257
vt 0.584718 0.810569
vt 0.582258 0.827605
vt 0.581226 0.829467
vt 0.582702 0.834078
vt 0.581878 0.823167
vt 0.582258 0.827605
vt 0.581226 0.829467
vt 0.580686 0.823167
vt 0.587177 0.818730
vt 0.586137 0.815482
vt 0.586733 0.812257
vt 0.588209 0.816868
vt 0.584718 0.835766
vt 0.582702 0.834078
vt 0.582258 0.818730
vt 0.583298 0.815482
vt 0.582702 0.812257
vt 0.581226 0.816868
vt 0.587557 0.823167
vt 0.587177 0.827605
vt 0.588209 0.829467
vt 0.588749 0.823167
vt 0.584718 0.814293
vt 0.584718 0.810569
vt 0.586137 0.830853
vt 0.586733 0.834078
vt 0.578702 0.868775
vt 0.578702 0.866852
vt 0.580963 0.866852
vt 0.580963 0.868775
vt 0.580963 0.830346
vt 0.580963 0.823168
vt 0.581756 0.823168
vt 0.581756 0.832865
vt 0.578702 0.866852
vt 0.580963 0.866852
vt 0.588472 0.835602
vt 0.588472 0.830346
vt 0.587679 0.832865
vt 0.587679 0.839677
vt 0.578702 0.861596
vt 0.580963 0.861596
vt 0.580963 0.808810
vt 0.580963 0.810733
vt 0.581756 0.806658
vt 0.581756 0.804255
vt 0.578702 0.854418
vt 0.580963 0.854418
vt 0.588472 0.815989
vt 0.588472 0.823168
vt 0.587679 0.823168
vt 0.587679 0.813470
vt 0.578702 0.847239
vt 0.580963 0.847239
vt 0.580963 0.830346
vt 0.580963 0.835602
vt 0.581756 0.839677
vt 0.581756 0.832865
vt 0.580963 0.841983
vt 0.588472 0.815989
vt 0.588472 0.810733
vt 0.587679 0.806658
vt 0.587679 0.813470
vt 0.580963 0.840060
vt 0.580963 0.815989
vt 0.581756 0.813470
vt 0.580963 0.841983
vt 0.588472 0.837525
vt 0.587679 0.842080
vt 0.578702 0.847239
vt 0.580963 0.847239
vt 0.580963 0.815989
vt 0.581756 0.813470
vt 0.578702 0.854418
vt 0.580963 0.854418
vt 0.588472 0.810733
vt 0.587679 0.806658
vt 0.578702 0.861596
vt 0.580963 0.861596
vt 0.580963 0.837525
vt 0.581756 0.842080
vt 0.578702 0.898102
vt 0.578702 0.892846
vt 0.580963 0.892846
vt 0.580963 0.898102
vt 0.588472 0.823168
vt 0.587679 0.823168
vt 0.581756 0.873330
vt 0.581756 0.870927
vt 0.587679 0.870927
vt 0.587679 0.873330
vt 0.581756 0.870927
vt 0.587679 0.870927
vt 0.581756 0.864115
vt 0.587679 0.864115
vt 0.581756 0.854418
vt 0.587679 0.854418
vt 0.581756 0.844720
vt 0.587679 0.844720
vt 0.581756 0.837908
vt 0.587679 0.837908
vt 0.581756 0.835505
vt 0.587679 0.835505
vt 0.581756 0.837908
vt 0.587679 0.837908
vt 0.581756 0.844720
vt 0.587679 0.844720
vt 0.581756 0.854418
vt 0.587679 0.854418
vt 0.581756 0.864115
vt 0.587679 0.864115
vt 0.581756 0.902177
vt 0.581756 0.895365
vt 0.587679 0.895365
vt 0.587679 0.902177
vt 0.588472 0.808810
vt 0.587679 0.804255
vt 0.580963 0.823168
vt 0.581756 0.823168
vt 0.588472 0.830346
vt 0.587679 0.832865
vt 0.580963 0.810733
vt 0.581756 0.806658
vt 0.580963 0.835602
vt 0.581756 0.839677
vt 0.588472 0.835602
vt 0.587679 0.839677
vt 0.581878 0.823167
vt 0.580686 0.823167
vt 0.587177 0.818730
vt 0.588209 0.816868
vt 0.586733 0.865328
vt 0.586691 0.865100
vt 0.584718 0.866753
vt 0.584718 0.867016
vt 0.581226 0.860717
vt 0.581299 0.860585
vt 0.580771 0.854417
vt 0.580686 0.854417
vt 0.581299 0.848249
vt 0.581226 0.848118
vt 0.582744 0.843734
vt 0.582702 0.843507
vt 0.584718 0.842082
vt 0.584718 0.841819
vt 0.586691 0.843734
vt 0.586733 0.843507
vt 0.588136 0.848249
vt 0.588209 0.848118
vt 0.588665 0.854417
vt 0.588749 0.854417
vt 0.588136 0.860585
vt 0.588209 0.860717
vt 0.582702 0.865328
vt 0.582744 0.865100
vt 0.584718 0.882378
vt 0.582744 0.880725
vt 0.583474 0.876776
vt 0.584718 0.877818
vt 0.582744 0.880725
vt 0.584718 0.882378
vt 0.584718 0.877818
vt 0.583474 0.876776
vt 0.581299 0.876210
vt 0.582563 0.873930
vt 0.581299 0.876210
vt 0.582563 0.873930
vt 0.580771 0.870042
vt 0.582230 0.870042
vt 0.580771 0.870042
vt 0.582230 0.870042
vt 0.581299 0.863874
vt 0.582563 0.866155
vt 0.581299 0.863874
vt 0.582563 0.866155
vt 0.582744 0.859359
vt 0.583474 0.863309
vt 0.582744 0.859359
vt 0.583474 0.863309
vt 0.584718 0.857707
vt 0.584718 0.862267
vt 0.584718 0.857707
vt 0.584718 0.862267
vt 0.586691 0.859359
vt 0.585961 0.863309
vt 0.586691 0.859359
vt 0.585961 0.863309
vt 0.588136 0.863874
vt 0.586872 0.866155
vt 0.588136 0.863874
vt 0.586872 0.866155
vt 0.588665 0.870042
vt 0.587205 0.870042
vt 0.588665 0.870042
vt 0.587205 0.870042
vt 0.588136 0.876210
vt 0.586872 0.873930
vt 0.588136 0.876210
vt 0.586872 0.873930
vt 0.586691 0.880725
vt 0.585961 0.876776
vt 0.586691 0.880725
vt 0.585961 0.876776
vt 0.584718 0.866753
vt 0.584718 0.867016
vt 0.582702 0.865328
vt 0.582744 0.865100
vt 0.581226 0.860717
vt 0.581299 0.860585
vt 0.588136 0.860585
vt 0.588209 0.860717
vt 0.586733 0.865328
vt 0.586691 0.865100
vt 0.588665 0.854417
vt 0.588749 0.854417
vt 0.588136 0.848249
vt 0.588209 0.848118
vt 0.586691 0.843734
vt 0.586733 0.843507
vt 0.584718 0.842082
vt 0.584718 0.841819
vt 0.582744 0.843734
vt 0.582702 0.843507
vt 0.581299 0.848249
vt 0.581226 0.848118
vt 0.580771 0.854417
vt 0.580686 0.854417
vt 0.584718 0.854417
vt 0.584718 0.862193
vt 0.583474 0.861151
vt 0.584718 0.854417
vt 0.583474 0.861151
vt 0.584718 0.862193
vt 0.582563 0.858305
vt 0.582563 0.858305
vt 0.582230 0.854417
vt 0.582230 0.854417
vt 0.582563 0.850530
vt 0.582563 0.850530
vt 0.583474 0.847684
vt 0.583474 0.847684
vt 0.584718 0.846642
vt 0.584718 0.846642
vt 0.585961 0.847684
vt 0.585961 0.847684
vt 0.586872 0.850530
vt 0.586872 0.850530
vt 0.587205 0.854417
vt 0.587205 0.854417
vt 0.586872 0.858305
vt 0.586872 0.858305
vt 0.585961 0.861151
vt 0.585961 0.861151
vt 0.532142 0.870516
vt 0.532142 0.870516
vt 0.533075 0.867334
vt 0.533075 0.867334
vt 0.533015 0.863022
vt 0.533015 0.863022
vt 0.531996 0.860106
vt 0.531996 0.860106
vt 0.530617 0.860295
vt 0.530617 0.860295
vt 0.529684 0.863477
vt 0.529684 0.863477
vt 0.529744 0.867788
vt 0.529744 0.867788
vt 0.530762 0.870704
vt 0.530762 0.870704
vt 0.531379 0.834155
vt 0.532142 0.839266
vt 0.533075 0.836084
vt 0.531379 0.834155
vt 0.533075 0.836084
vt 0.532142 0.839266
vt 0.533015 0.831772
vt 0.533015 0.831772
vt 0.531996 0.828856
vt 0.531996 0.828856
vt 0.530617 0.829045
vt 0.530617 0.829045
vt 0.529684 0.832227
vt 0.529684 0.832227
vt 0.529744 0.836538
vt 0.529744 0.836538
vt 0.530762 0.839454
vt 0.530762 0.839454
vt 0.532815 0.843775
vt 0.532007 0.838358
vt 0.531379 0.834155
vt 0.532313 0.840410
vt 0.534187 0.852970
vt 0.533720 0.849842
vt 0.536061 0.865530
vt 0.536061 0.865530
vt 0.537935 0.878091
vt 0.538401 0.881218
vt 0.539307 0.887286
vt 0.540115 0.892703
vt 0.539809 0.890651
vt 0.540742 0.896906
vt 0.539307 0.887286
vt 0.540115 0.892703
vt 0.537935 0.878091
vt 0.538401 0.881218
vt 0.536061 0.865530
vt 0.536061 0.865530
vt 0.534187 0.852970
vt 0.533720 0.849843
vt 0.532815 0.843775
vt 0.532007 0.838358
vt 0.539809 0.859401
vt 0.539307 0.856036
vt 0.539921 0.851204
vt 0.540348 0.854070
vt 0.539351 0.860736
vt 0.543100 0.885866
vt 0.541516 0.875244
vt 0.541516 0.875244
vt 0.543100 0.885866
vt 0.535601 0.835605
vt 0.535021 0.831717
vt 0.539351 0.860736
vt 0.543680 0.889754
vt 0.534568 0.834625
vt 0.533941 0.830422
vt 0.537186 0.846226
vt 0.539351 0.860735
vt 0.537186 0.846226
vt 0.536061 0.834280
vt 0.534187 0.821720
vt 0.535562 0.821988
vt 0.537157 0.832682
vt 0.534187 0.821720
vt 0.536061 0.834280
vt 0.537157 0.832682
vt 0.535562 0.821988
vt 0.539307 0.856036
vt 0.539921 0.851204
vt 0.537935 0.846841
vt 0.538753 0.843376
vt 0.532815 0.812525
vt 0.534394 0.814160
vt 0.532815 0.812525
vt 0.532313 0.809160
vt 0.533966 0.811295
vt 0.534394 0.814160
vt 0.537935 0.846841
vt 0.538753 0.843376
vt 0.534568 0.834625
vt 0.536282 0.846110
vt 0.538622 0.861797
vt 0.540963 0.877485
vt 0.542676 0.888970
vt 0.543304 0.893173
vt 0.542676 0.888970
vt 0.540963 0.877485
vt 0.538622 0.861797
vt 0.536282 0.846110
vt 0.535601 0.835605
vt 0.537157 0.863932
vt 0.534394 0.845410
vt 0.533966 0.842545
vt 0.535562 0.853238
vt 0.537157 0.863932
vt 0.538753 0.874626
vt 0.539921 0.882454
vt 0.540348 0.885320
vt 0.539921 0.882454
vt 0.538753 0.874626
vt 0.537157 0.863932
vt 0.535562 0.853238
vt 0.534394 0.845410
vt 0.533941 0.846047
vt 0.534568 0.850250
vt 0.535601 0.851230
vt 0.535021 0.847342
vt 0.536282 0.861735
vt 0.537186 0.861851
vt 0.538622 0.877422
vt 0.539351 0.876360
vt 0.540963 0.893110
vt 0.541516 0.890869
vt 0.542676 0.904595
vt 0.543100 0.901491
vt 0.543304 0.908798
vt 0.543680 0.905379
vt 0.542676 0.904595
vt 0.543100 0.901491
vt 0.540963 0.893110
vt 0.541516 0.890869
vt 0.538622 0.877422
vt 0.539351 0.876361
vt 0.536282 0.861735
vt 0.537186 0.861851
vt 0.534568 0.850250
vt 0.535601 0.851230
vt 0.433426 0.836296
vt 0.433426 0.836296
vt 0.464235 0.836296
vt 0.464235 0.836296
vt 0.464235 0.836296
vt 0.464235 0.836296
vt 0.449051 0.867546
vt 0.449051 0.867546
vt 0.479860 0.867546
vt 0.479860 0.867546
vt 0.442912 0.802190
vt 0.422849 0.802185
vt 0.422849 0.810615
vt 0.442912 0.810610
vt 0.442912 0.799838
vt 0.442912 0.799838
vt 0.458162 0.812038
vt 0.458162 0.812038
vt 0.442912 0.810610
vt 0.442912 0.802190
vt 0.458162 0.814390
vt 0.458162 0.822809
vt 0.442912 0.812962
vt 0.442912 0.812962
vt 0.422849 0.812962
vt 0.422849 0.812962
vt 0.420638 0.802048
vt 0.420638 0.802048
vt 0.420638 0.810752
vt 0.420638 0.810752
vt 0.422849 0.802185
vt 0.422849 0.810615
vt 0.473413 0.814248
vt 0.473413 0.814248
vt 0.473413 0.822951
vt 0.473413 0.822951
vt 0.471376 0.814385
vt 0.471376 0.822815
vt 0.458162 0.825162
vt 0.458162 0.825162
vt 0.458162 0.822809
vt 0.458162 0.814390
vt 0.471376 0.822815
vt 0.471376 0.814385
vt 0.471202 0.812038
vt 0.471202 0.812038
vt 0.471202 0.825162
vt 0.471202 0.825162
vt 0.422849 0.815463
vt 0.420638 0.817673
vt 0.422849 0.817810
vt 0.422849 0.826240
vt 0.420638 0.826377
vt 0.422849 0.828587
vt 0.422849 0.815463
vt 0.422849 0.817810
vt 0.420638 0.817673
vt 0.422849 0.828587
vt 0.420638 0.826377
vt 0.422849 0.826240
vt 0.471376 0.838440
vt 0.473413 0.838576
vt 0.471202 0.840787
vt 0.471376 0.830010
vt 0.471202 0.827663
vt 0.473413 0.829873
vt 0.471202 0.827663
vt 0.471376 0.830010
vt 0.473413 0.829873
vt 0.471202 0.840787
vt 0.473413 0.838576
vt 0.471376 0.838440
vt 0.442912 0.817815
vt 0.442912 0.815463
vt 0.442912 0.826235
vt 0.442912 0.828587
vt 0.442912 0.817815
vt 0.442912 0.815463
vt 0.442912 0.826235
vt 0.442912 0.828587
vt 0.458162 0.838434
vt 0.458162 0.840787
vt 0.458162 0.838434
vt 0.458162 0.840787
vt 0.458162 0.827663
vt 0.458162 0.830015
vt 0.458162 0.827663
vt 0.458162 0.830015
vt 0.422849 0.799838
vt 0.422849 0.799838
vt 0.454471 0.915499
vt 0.420531 0.915499
vt 0.421401 0.911771
vt 0.453602 0.911771
vt 0.452193 0.852013
vt 0.452193 0.866736
vt 0.457385 0.874218
vt 0.457385 0.844530
vt 0.453602 0.880521
vt 0.454471 0.884249
vt 0.459524 0.875791
vt 0.422810 0.866736
vt 0.422810 0.852013
vt 0.417618 0.844530
vt 0.417618 0.874218
vt 0.415479 0.842958
vt 0.415479 0.875791
vt 0.459524 0.874208
vt 0.459524 0.907041
vt 0.457385 0.905468
vt 0.457385 0.875780
vt 0.449442 0.816246
vt 0.425560 0.816246
vt 0.425560 0.816246
vt 0.449442 0.816246
vt 0.425560 0.847496
vt 0.449442 0.847496
vt 0.453602 0.838228
vt 0.421401 0.838228
vt 0.449442 0.871253
vt 0.425560 0.871253
vt 0.421401 0.880521
vt 0.452193 0.866736
vt 0.452193 0.852013
vt 0.457385 0.844530
vt 0.457385 0.874218
vt 0.420531 0.865750
vt 0.454471 0.865750
vt 0.453602 0.869478
vt 0.421401 0.869478
vt 0.452193 0.835486
vt 0.452193 0.820763
vt 0.452193 0.820763
vt 0.452193 0.835486
vt 0.425560 0.871253
vt 0.449442 0.871253
vt 0.453602 0.880521
vt 0.421401 0.880521
vt 0.425560 0.840003
vt 0.449442 0.840003
vt 0.449442 0.840003
vt 0.425560 0.840003
vt 0.449442 0.847496
vt 0.425560 0.847496
vt 0.421401 0.838228
vt 0.453602 0.838228
vt 0.422810 0.852013
vt 0.422810 0.866736
vt 0.417618 0.874218
vt 0.417618 0.844530
vt 0.417618 0.875780
vt 0.415479 0.874208
vt 0.420531 0.884249
vt 0.454471 0.834500
vt 0.459524 0.842958
vt 0.422810 0.835486
vt 0.422810 0.835486
vt 0.422810 0.820763
vt 0.422810 0.820763
vt 0.415479 0.907041
vt 0.417618 0.905468
vt 0.420531 0.834500
vt 0.550646 0.868900
vt 0.550646 0.868900
vt 0.552765 0.863784
vt 0.552765 0.863784
vt 0.557881 0.861665
vt 0.557881 0.861665
vt 0.562997 0.863784
vt 0.562997 0.863784
vt 0.565117 0.868900
vt 0.565117 0.868900
vt 0.562997 0.874016
vt 0.562997 0.874016
vt 0.557881 0.876135
vt 0.557881 0.876135
vt 0.552765 0.874016
vt 0.552765 0.874016
vt 0.563939 0.900197
vt 0.562164 0.899088
vt 0.562164 0.843442
vt 0.563939 0.844551
vt 0.557881 0.898629
vt 0.557881 0.842983
vt 0.553598 0.899088
vt 0.553598 0.843442
vt 0.551824 0.900197
vt 0.551824 0.844551
vt 0.553598 0.901305
vt 0.553598 0.845659
vt 0.557881 0.901764
vt 0.557881 0.846118
vt 0.557881 0.874233
vt 0.553598 0.874692
vt 0.550491 0.867996
vt 0.557881 0.867204
vt 0.562164 0.901305
vt 0.562164 0.845659
vt 0.553598 0.876909
vt 0.557881 0.877368
vt 0.557881 0.872614
vt 0.550491 0.871821
vt 0.551824 0.875801
vt 0.547431 0.869908
vt 0.562164 0.876909
vt 0.565271 0.871821
vt 0.562164 0.874692
vt 0.565271 0.867996
vt 0.563939 0.875801
vt 0.568333 0.869908
vt 0.565271 0.836746
vt 0.557881 0.835954
vt 0.557881 0.820599
vt 0.565271 0.821391
vt 0.550491 0.840571
vt 0.557881 0.841364
vt 0.557881 0.826008
vt 0.550491 0.825216
vt 0.550491 0.836746
vt 0.547431 0.838658
vt 0.547431 0.823304
vt 0.550491 0.821391
vt 0.565271 0.840571
vt 0.565271 0.825216
vt 0.568333 0.838658
vt 0.568333 0.823304
vt 0.563433 0.788295
vt 0.565731 0.789732
vt 0.568333 0.792054
vt 0.565271 0.790141
vt 0.557881 0.787700
vt 0.557881 0.789349
vt 0.552330 0.788295
vt 0.550491 0.790141
vt 0.550031 0.789732
vt 0.547431 0.792054
vt 0.552330 0.791169
vt 0.550491 0.793966
vt 0.557881 0.791764
vt 0.557881 0.794758
vt 0.563433 0.791169
vt 0.565271 0.793966
vt 0.557881 0.789732
vt 0.551824 0.900197
vt 0.553598 0.899088
vt 0.553598 0.843442
vt 0.551824 0.844551
vt 0.557881 0.898629
vt 0.557881 0.842983
vt 0.562164 0.899088
vt 0.562164 0.843442
vt 0.563939 0.900197
vt 0.563939 0.844551
vt 0.562164 0.901305
vt 0.562164 0.845659
vt 0.557881 0.901764
vt 0.557881 0.846118
vt 0.557881 0.874233
vt 0.562164 0.874692
vt 0.565271 0.867996
vt 0.557881 0.867204
vt 0.553598 0.901305
vt 0.553598 0.845659
vt 0.562164 0.876909
vt 0.557881 0.877368
vt 0.557881 0.872614
vt 0.565271 0.871821
vt 0.563939 0.875801
vt 0.568333 0.869908
vt 0.553598 0.876909
vt 0.550491 0.871821
vt 0.553598 0.874692
vt 0.550491 0.867996
vt 0.551824 0.875801
vt 0.547431 0.869908
vt 0.550491 0.836746
vt 0.557881 0.835954
vt 0.557881 0.820599
vt 0.550491 0.821391
vt 0.565271 0.840571
vt 0.557881 0.841364
vt 0.557881 0.826008
vt 0.565271 0.825216
vt 0.565271 0.836746
vt 0.568333 0.838658
vt 0.568333 0.823304
vt 0.565271 0.821391
vt 0.550491 0.840571
vt 0.550491 0.825216
vt 0.547431 0.838658
vt 0.547431 0.823304
vt 0.552330 0.788295
vt 0.550031 0.789732
vt 0.547431 0.792054
vt 0.550491 0.790141
vt 0.557881 0.787700
vt 0.557881 0.789349
vt 0.563433 0.788295
vt 0.565271 0.790141
vt 0.565731 0.789732
vt 0.568333 0.792054
vt 0.563433 0.791169
vt 0.565271 0.793966
vt 0.557881 0.791764
vt 0.557881 0.794758
vt 0.552330 0.791169
vt 0.550491 0.793966
vt 0.557881 0.789732
vt 0.558426 0.945671
vt 0.558426 0.945671
vt 0.558054 0.948279
vt 0.558054 0.948279
vt 0.558426 0.973846
vt 0.588391 0.973846
vt 0.588391 0.976921
vt 0.558426 0.976921
vt 0.172676 0.570605
vt 0.172676 0.585273
vt 0.182446 0.579398
vt 0.182446 0.566976
vt 0.589235 0.937621
vt 0.589235 0.933507
vt 0.589235 0.934749
vt 0.589235 0.937621
vt 0.589235 0.930964
vt 0.589235 0.932974
vt 0.589235 0.930964
vt 0.589235 0.932974
vt 0.589235 0.933507
vt 0.589235 0.937621
vt 0.589235 0.937621
vt 0.589235 0.934749
vt 0.589235 0.944278
vt 0.589235 0.944278
vt 0.589235 0.942268
vt 0.589235 0.942268
vt 0.558426 0.942596
vt 0.558054 0.944208
vt 0.558426 0.937621
vt 0.558054 0.937622
vt 0.558426 0.932646
vt 0.558054 0.931035
vt 0.558426 0.929571
vt 0.558054 0.926963
vt 0.558426 0.937621
vt 0.558426 0.932646
vt 0.558054 0.931035
vt 0.558054 0.937621
vt 0.558426 0.929571
vt 0.558054 0.926963
vt 0.558426 0.942596
vt 0.558054 0.944208
vt 0.558426 0.968871
vt 0.588391 0.968871
vt 0.588391 0.963896
vt 0.558426 0.963896
vt 0.558426 0.976921
vt 0.588391 0.976921
vt 0.588391 0.973846
vt 0.558426 0.973846
vt 0.589235 0.941736
vt 0.589235 0.940493
vt 0.588391 0.946528
vt 0.588391 0.946528
vt 0.589235 0.941736
vt 0.589235 0.940493
vt 0.558426 0.968871
vt 0.588391 0.968871
vt 0.558426 0.963896
vt 0.588391 0.963896
vt 0.558426 0.960821
vt 0.588391 0.960821
vt 0.558426 0.960821
vt 0.588391 0.960821
vt 0.219151 0.660822
vt 0.219151 0.610021
vt 0.210968 0.610021
vt 0.172676 0.523145
vt 0.172676 0.546875
vt 0.182446 0.546875
vt 0.182446 0.526776
vt 0.172676 0.546875
vt 0.172676 0.523145
vt 0.182446 0.526776
vt 0.182446 0.546875
vt 0.172676 0.585273
vt 0.182446 0.579398
vt 0.172676 0.508477
vt 0.182446 0.514355
vt 0.172676 0.508477
vt 0.182446 0.514355
vt 0.172676 0.570605
vt 0.182446 0.566976
vt 0.219151 0.610021
vt 0.219151 0.660822
vt 0.219151 0.527818
vt 0.219151 0.527818
vt 0.219151 0.692218
vt 0.219151 0.692218
vt 0.219151 0.559215
vt 0.219151 0.559215
vt 0.558054 0.975458
vt 0.551455 0.975458
vt 0.551455 0.968872
vt 0.558054 0.968872
vt 0.558054 0.975458
vt 0.551455 0.975458
vt 0.551455 0.979529
vt 0.558054 0.979529
vt 0.558054 0.958213
vt 0.551455 0.958213
vt 0.551455 0.962285
vt 0.558054 0.962285
vt 0.551455 0.962285
vt 0.558054 0.962285
vt 0.551455 0.979529
vt 0.558054 0.979529
vt 0.551455 0.968871
vt 0.558054 0.968871
vt 0.551455 0.958213
vt 0.558054 0.958213
vt 0.551455 0.937621
vt 0.551455 0.931035
vt 0.550984 0.932998
vt 0.550984 0.937621
vt 0.551455 0.926963
vt 0.550984 0.930141
vt 0.551455 0.926963
vt 0.550984 0.930141
vt 0.551455 0.931035
vt 0.550984 0.932998
vt 0.551455 0.937622
vt 0.550984 0.937621
vt 0.551455 0.944208
vt 0.550984 0.942245
vt 0.551455 0.948279
vt 0.550984 0.945102
vt 0.551455 0.948279
vt 0.550984 0.945102
vt 0.551455 0.944208
vt 0.550984 0.942245
vt 0.550984 0.968871
vt 0.550984 0.964248
vt 0.550984 0.968871
vt 0.550984 0.961391
vt 0.550984 0.961391
vt 0.550984 0.964248
vt 0.550984 0.968871
vt 0.550984 0.973495
vt 0.550984 0.976352
vt 0.550984 0.976352
vt 0.550984 0.973495
vt 0.589235 0.937621
vt 0.589235 0.942596
vt 0.589235 0.945671
vt 0.589235 0.942596
vt 0.589235 0.937621
vt 0.589235 0.932646
vt 0.589235 0.929571
vt 0.589235 0.929571
vt 0.589235 0.932646
vt 0.589235 0.945671
vt 0.549264 0.901780
vt 0.548728 0.898291
vt 0.548485 0.902345
vt 0.548111 0.903393
vt 0.548507 0.896833
vt 0.548681 0.897964
vt 0.548287 0.904523
vt 0.549211 0.842774
vt 0.549991 0.847786
vt 0.550159 0.850484
vt 0.549380 0.845472
vt 0.548287 0.873273
vt 0.548681 0.866714
vt 0.549380 0.871239
vt 0.549211 0.874024
vt 0.549319 0.896485
vt 0.549460 0.893912
vt 0.549637 0.895043
vt 0.550359 0.842477
vt 0.551138 0.847489
vt 0.550970 0.844791
vt 0.550190 0.839779
vt 0.549637 0.863793
vt 0.549784 0.869999
vt 0.549908 0.897986
vt 0.550416 0.896340
vt 0.550591 0.897470
vt 0.549380 0.839989
vt 0.550159 0.845001
vt 0.550591 0.866220
vt 0.550190 0.871029
vt 0.550153 0.901913
vt 0.550810 0.902695
vt 0.550987 0.903825
vt 0.550564 0.851514
vt 0.549784 0.846502
vt 0.550987 0.872575
vt 0.550359 0.873727
vt 0.549908 0.905967
vt 0.550416 0.909254
vt 0.550591 0.910385
vt 0.550564 0.843760
vt 0.549784 0.838749
vt 0.550591 0.879135
vt 0.550190 0.876512
vt 0.549319 0.907773
vt 0.549460 0.912176
vt 0.549637 0.913306
vt 0.550970 0.850274
vt 0.550190 0.845262
vt 0.549637 0.882056
vt 0.549784 0.877752
vt 0.548728 0.906272
vt 0.548507 0.909748
vt 0.548681 0.910878
vt 0.548681 0.879628
vt 0.549380 0.876722
vt 0.586251 0.858737
vt 0.584717 0.858737
vt 0.584717 0.861775
vt 0.587245 0.861775
vt 0.584717 0.858737
vt 0.586251 0.858737
vt 0.587245 0.861775
vt 0.584717 0.861775
vt 0.583183 0.858737
vt 0.582061 0.858737
vt 0.580340 0.861775
vt 0.582190 0.861775
vt 0.582061 0.858737
vt 0.583183 0.858737
vt 0.582190 0.861775
vt 0.580340 0.861775
vt 0.587785 0.858737
vt 0.587374 0.858737
vt 0.589095 0.861775
vt 0.589772 0.861775
vt 0.581650 0.858737
vt 0.579663 0.861775
vt 0.587374 0.858737
vt 0.589095 0.861775
vt 0.584717 0.903921
vt 0.582243 0.903921
vt 0.583158 0.906834
vt 0.584717 0.906834
vt 0.580432 0.903921
vt 0.582016 0.906834
vt 0.579769 0.903921
vt 0.581598 0.906834
vt 0.580432 0.903921
vt 0.582016 0.906834
vt 0.582243 0.903921
vt 0.583158 0.906834
vt 0.584717 0.903921
vt 0.584717 0.906834
vt 0.587192 0.903921
vt 0.586277 0.906834
vt 0.589003 0.903921
vt 0.587419 0.906834
vt 0.589666 0.903921
vt 0.587837 0.906834
vt 0.589003 0.903921
vt 0.587419 0.906834
vt 0.587192 0.903921
vt 0.586277 0.906834
vt 0.584717 0.888296
vt 0.584717 0.877400
vt 0.582190 0.877400
vt 0.582243 0.888296
vt 0.580340 0.877400
vt 0.580432 0.888296
vt 0.589003 0.888296
vt 0.589095 0.877400
vt 0.587245 0.877400
vt 0.587192 0.888296
vt 0.589666 0.888296
vt 0.589772 0.877400
vt 0.589003 0.888296
vt 0.589095 0.877400
vt 0.587192 0.888296
vt 0.587245 0.877400
vt 0.584717 0.888296
vt 0.584717 0.877400
vt 0.582243 0.888296
vt 0.582190 0.877400
vt 0.580432 0.888296
vt 0.580340 0.877400
vt 0.579769 0.888296
vt 0.579663 0.877400
vt 0.584717 0.891209
vt 0.584717 0.891209
vt 0.583158 0.891209
vt 0.582016 0.891209
vt 0.581598 0.891209
vt 0.582016 0.891209
vt 0.583158 0.891209
vt 0.584717 0.891209
vt 0.586277 0.891209
vt 0.587419 0.891209
vt 0.587837 0.891209
vt 0.587419 0.891209
vt 0.586277 0.891209
vt 0.586251 0.843112
vt 0.586251 0.825254
vt 0.584717 0.825254
vt 0.584717 0.843112
vt 0.582061 0.843112
vt 0.582061 0.825254
vt 0.581650 0.825254
vt 0.581650 0.843112
vt 0.582061 0.825254
vt 0.582061 0.843112
vt 0.583183 0.825254
vt 0.583183 0.843112
vt 0.584717 0.825254
vt 0.584717 0.843112
vt 0.586251 0.825254
vt 0.586251 0.843112
vt 0.587374 0.825254
vt 0.587374 0.843112
vt 0.587785 0.825254
vt 0.587785 0.843112
vt 0.587374 0.825254
vt 0.587374 0.843112
vt 0.583183 0.843112
vt 0.583183 0.825254
vt 0.441349 0.878583
vt 0.441349 0.878583
vt 0.451419 0.882754
vt 0.451419 0.882754
vt 0.455590 0.892824
vt 0.455590 0.892824
vt 0.451419 0.902894
vt 0.451419 0.902894
vt 0.441349 0.907065
vt 0.441349 0.907065
vt 0.431280 0.902894
vt 0.431280 0.902894
vt 0.427109 0.892824
vt 0.427109 0.892824
vt 0.431280 0.882754
vt 0.431280 0.882754
vt 0.441349 0.939699
vt 0.441349 0.925458
vt 0.451419 0.929629
vt 0.441349 0.939699
vt 0.451419 0.929629
vt 0.441349 0.925458
vt 0.455590 0.939699
vt 0.455590 0.939699
vt 0.451419 0.949769
vt 0.451419 0.949769
vt 0.441349 0.953940
vt 0.441349 0.953940
vt 0.431280 0.949769
vt 0.431280 0.949769
vt 0.427109 0.939699
vt 0.427109 0.939699
vt 0.431280 0.929629
vt 0.431280 0.929629
vt 0.441349 0.878583
vt 0.441349 0.878583
vt 0.451419 0.882754
vt 0.451419 0.882754
vt 0.455590 0.892824
vt 0.455590 0.892824
vt 0.451419 0.902894
vt 0.451419 0.902894
vt 0.441349 0.907065
vt 0.441349 0.907065
vt 0.431280 0.902894
vt 0.431280 0.902894
vt 0.427109 0.892824
vt 0.427109 0.892824
vt 0.431280 0.882754
vt 0.431280 0.882754
vt 0.441349 0.939699
vt 0.441349 0.925458
vt 0.451419 0.929629
vt 0.441349 0.939699
vt 0.451419 0.929629
vt 0.441349 0.925458
vt 0.455590 0.939699
vt 0.455590 0.939699
vt 0.451419 0.949769
vt 0.451419 0.949769
vt 0.441349 0.953940
vt 0.441349 0.953940
vt 0.431280 0.949769
vt 0.431280 0.949769
vt 0.427109 0.939699
vt 0.427109 0.939699
vt 0.431280 0.929629
vt 0.431280 0.929629
vt 0.070932 0.640760
vt 0.072179 0.640760
vt 0.072179 0.626679
vt 0.070932 0.626679
vt 0.072179 0.640760
vt 0.070932 0.640760
vt 0.070932 0.626680
vt 0.072179 0.626680
vt 0.072179 0.648123
vt 0.070932 0.648123
vt 0.072179 0.652891
vt 0.070932 0.652891
vt 0.072179 0.652891
vt 0.070932 0.652891
vt 0.072179 0.648122
vt 0.070932 0.648122
vt 0.072179 0.619317
vt 0.070932 0.619317
vt 0.072179 0.614548
vt 0.070932 0.614548
vt 0.072179 0.614548
vt 0.070932 0.614548
vt 0.072179 0.619317
vt 0.070932 0.619317
vt 0.070745 0.618595
vt 0.070745 0.614901
vt 0.070932 0.616873
vt 0.070932 0.621641
vt 0.070745 0.586343
vt 0.070745 0.590038
vt 0.070932 0.588067
vt 0.070932 0.583298
vt 0.072365 0.614901
vt 0.072365 0.618595
vt 0.072179 0.621641
vt 0.072179 0.616873
vt 0.072365 0.590038
vt 0.072365 0.586343
vt 0.072179 0.583298
vt 0.072179 0.588067
vt 0.072365 0.596016
vt 0.072365 0.608924
vt 0.072179 0.609510
vt 0.072179 0.595430
vt 0.070745 0.608923
vt 0.070745 0.614901
vt 0.070932 0.616872
vt 0.070932 0.609510
vt 0.070745 0.596016
vt 0.070745 0.590038
vt 0.070932 0.588067
vt 0.070932 0.595430
vt 0.070745 0.608924
vt 0.070932 0.609510
vt 0.072365 0.614901
vt 0.072365 0.608923
vt 0.072179 0.609510
vt 0.072179 0.616872
vt 0.072365 0.590038
vt 0.072179 0.588067
vt 0.070745 0.618595
vt 0.070932 0.621641
vt 0.070745 0.586343
vt 0.070932 0.583298
vt 0.070745 0.596015
vt 0.070932 0.595429
vt 0.072365 0.618595
vt 0.072179 0.621641
vt 0.072365 0.586343
vt 0.072179 0.583298
vt 0.072365 0.596015
vt 0.072179 0.595429
vt 0.070745 0.602469
vt 0.072365 0.602469
vt 0.070932 0.640760
vt 0.072179 0.640760
vt 0.072179 0.626679
vt 0.070932 0.626679
vt 0.072179 0.640760
vt 0.070932 0.640760
vt 0.070932 0.626680
vt 0.072179 0.626680
vt 0.072179 0.648123
vt 0.070932 0.648123
vt 0.072179 0.652891
vt 0.070932 0.652891
vt 0.072179 0.652891
vt 0.070932 0.652891
vt 0.072179 0.648122
vt 0.070932 0.648122
vt 0.072179 0.619317
vt 0.070932 0.619317
vt 0.072179 0.614548
vt 0.070932 0.614548
vt 0.072179 0.614548
vt 0.070932 0.614548
vt 0.072179 0.619317
vt 0.070932 0.619317
vt 0.070745 0.618595
vt 0.070745 0.614901
vt 0.070932 0.616873
vt 0.070932 0.621641
vt 0.070745 0.586343
vt 0.070745 0.590038
vt 0.070932 0.588067
vt 0.070932 0.583298
vt 0.072365 0.614901
vt 0.072365 0.618595
vt 0.072179 0.621641
vt 0.072179 0.616873
vt 0.072365 0.590038
vt 0.072365 0.586343
vt 0.072179 0.583298
vt 0.072179 0.588067
vt 0.072365 0.596016
vt 0.072365 0.608924
vt 0.072179 0.609510
vt 0.072179 0.595430
vt 0.070745 0.608923
vt 0.070745 0.614901
vt 0.070932 0.616872
vt 0.070932 0.609510
vt 0.070745 0.596016
vt 0.070745 0.590038
vt 0.070932 0.588067
vt 0.070932 0.595430
vt 0.070745 0.608924
vt 0.070932 0.609510
vt 0.072365 0.614901
vt 0.072365 0.608923
vt 0.072179 0.609510
vt 0.072179 0.616872
vt 0.072365 0.590038
vt 0.072179 0.588067
vt 0.070745 0.618595
vt 0.070932 0.621641
vt 0.070745 0.586343
vt 0.070932 0.583298
vt 0.070745 0.596015
vt 0.070932 0.595429
vt 0.072365 0.618595
vt 0.072179 0.621641
vt 0.072365 0.586343
vt 0.072179 0.583298
vt 0.072365 0.596015
vt 0.072179 0.595429
vt 0.070745 0.602469
vt 0.072365 0.602469
vt 0.070932 0.640760
vt 0.072179 0.640760
vt 0.072179 0.626679
vt 0.070932 0.626679
vt 0.072179 0.640760
vt 0.070932 0.640760
vt 0.070932 0.626680
vt 0.072179 0.626680
vt 0.072179 0.648123
vt 0.070932 0.648123
vt 0.072179 0.652891
vt 0.070932 0.652891
vt 0.072179 0.652891
vt 0.070932 0.652891
vt 0.072179 0.648122
vt 0.070932 0.648122
vt 0.072179 0.619317
vt 0.070932 0.619317
vt 0.072179 0.614548
vt 0.070932 0.614548
vt 0.072179 0.614548
vt 0.070932 0.614548
vt 0.072179 0.619317
vt 0.070932 0.619317
vt 0.070745 0.618595
vt 0.070745 0.614901
vt 0.070932 0.616873
vt 0.070932 0.621641
vt 0.070745 0.586343
vt 0.070745 0.590038
vt 0.070932 0.588067
vt 0.070932 0.583298
vt 0.072365 0.614901
vt 0.072365 0.618595
vt 0.072179 0.621641
vt 0.072179 0.616873
vt 0.072365 0.590038
vt 0.072365 0.586343
vt 0.072179 0.583298
vt 0.072179 0.588067
vt 0.072365 0.596016
vt 0.072365 0.608924
vt 0.072179 0.609510
vt 0.072179 0.595430
vt 0.070745 0.608923
vt 0.070745 0.614901
vt 0.070932 0.616872
vt 0.070932 0.609510
vt 0.070745 0.596016
vt 0.070745 0.590038
vt 0.070932 0.588067
vt 0.070932 0.595430
vt 0.070745 0.608924
vt 0.070932 0.609510
vt 0.072365 0.614901
vt 0.072365 0.608923
vt 0.072179 0.609510
vt 0.072179 0.616872
vt 0.072365 0.590038
vt 0.072179 0.588067
vt 0.070745 0.618595
vt 0.070932 0.621641
vt 0.070745 0.586343
vt 0.070932 0.583298
vt 0.070745 0.596015
vt 0.070932 0.595429
vt 0.072365 0.618595
vt 0.072179 0.621641
vt 0.072365 0.586343
vt 0.072179 0.583298
vt 0.072365 0.596015
vt 0.072179 0.595429
vt 0.070745 0.602469
vt 0.072365 0.602469
vt 0.782059 0.818847
vt 0.782216 0.810406
vt 0.782216 0.810406
vt 0.781580 0.844676
vt 0.781345 0.857286
vt 0.782827 0.777340
vt 0.782216 0.779156
vt 0.454471 0.884249
vt 0.420531 0.884249
vt 0.421401 0.880521
vt 0.453602 0.880521
vt 0.452193 0.852013
vt 0.452193 0.866736
vt 0.457385 0.874218
vt 0.457385 0.844530
vt 0.453602 0.911771
vt 0.454471 0.915499
vt 0.459524 0.907041
vt 0.457385 0.905468
vt 0.422810 0.866736
vt 0.422810 0.852013
vt 0.417618 0.844530
vt 0.417618 0.874218
vt 0.415479 0.874208
vt 0.415479 0.907041
vt 0.417618 0.905468
vt 0.417618 0.875780
vt 0.459524 0.842958
vt 0.459524 0.875791
vt 0.457385 0.874218
vt 0.457385 0.844530
vt 0.449442 0.816246
vt 0.425560 0.816246
vt 0.425560 0.816246
vt 0.449442 0.816246
vt 0.425560 0.847496
vt 0.449442 0.847496
vt 0.453602 0.838228
vt 0.421401 0.838228
vt 0.449442 0.871253
vt 0.425560 0.871253
vt 0.421401 0.880521
vt 0.453602 0.880521
vt 0.452193 0.866736
vt 0.452193 0.852013
vt 0.420531 0.834500
vt 0.454471 0.834500
vt 0.453602 0.838228
vt 0.421401 0.838228
vt 0.452193 0.835486
vt 0.452193 0.820763
vt 0.452193 0.820763
vt 0.452193 0.835486
vt 0.425560 0.871253
vt 0.449442 0.871253
vt 0.425560 0.840003
vt 0.449442 0.840003
vt 0.449442 0.840003
vt 0.425560 0.840003
vt 0.449442 0.847496
vt 0.425560 0.847496
vt 0.422810 0.852013
vt 0.422810 0.866736
vt 0.417618 0.874218
vt 0.417618 0.844530
vt 0.415479 0.842958
vt 0.420531 0.915499
vt 0.421401 0.911771
vt 0.454471 0.865750
vt 0.453602 0.869478
vt 0.457385 0.875780
vt 0.459524 0.874208
vt 0.422810 0.835486
vt 0.422810 0.835486
vt 0.422810 0.820763
vt 0.422810 0.820763
vt 0.415479 0.875791
vt 0.421401 0.869478
vt 0.420531 0.865750
vt 0.552069 0.900150
vt 0.550646 0.900150
vt 0.552765 0.895034
vt 0.553771 0.896040
vt 0.552765 0.895034
vt 0.550646 0.900150
vt 0.553771 0.896040
vt 0.557881 0.892915
vt 0.557881 0.894338
vt 0.557881 0.892915
vt 0.557881 0.894338
vt 0.562997 0.895034
vt 0.561991 0.896040
vt 0.562997 0.895034
vt 0.561991 0.896040
vt 0.565117 0.900150
vt 0.563694 0.900150
vt 0.565117 0.900150
vt 0.563694 0.900150
vt 0.562997 0.905266
vt 0.561991 0.904260
vt 0.562997 0.905266
vt 0.561991 0.904259
vt 0.557881 0.907385
vt 0.557881 0.905962
vt 0.557881 0.907385
vt 0.557881 0.905962
vt 0.552765 0.905266
vt 0.553771 0.904260
vt 0.552765 0.905266
vt 0.553771 0.904259
vt 0.552069 0.900150
vn 0.0000 0.7711 -0.6367
vn 0.0000 0.7179 -0.6962
vn -0.0000 -0.9999 0.0165
vn -0.0000 -0.9803 0.1976
vn 0.7800 -0.6184 0.0961
vn 0.7819 -0.6153 0.1000
vn 0.9894 -0.1415 0.0332
vn 0.7734 -0.6302 0.0686
vn 0.9384 0.2849 -0.1957
vn 0.9380 0.2811 -0.2030
vn 0.9305 0.3654 -0.0261
vn -0.9894 -0.1416 0.0332
vn -0.9305 0.3654 -0.0261
vn -0.9380 0.2811 -0.2030
vn -0.9384 0.2849 -0.1957
vn -0.7734 -0.6302 0.0686
vn -0.7819 -0.6153 0.1000
vn -0.7799 -0.6184 0.0961
vn 0.0000 0.9288 -0.3707
vn 0.0000 0.9956 -0.0940
vn -0.0000 -0.8394 0.5435
vn 0.9999 -0.0122 -0.0120
vn 0.9990 -0.0025 -0.0440
vn 0.9754 -0.1181 0.1861
vn 0.9692 -0.0756 0.2344
vn -0.9939 0.0371 -0.1037
vn -0.9990 -0.0025 -0.0441
vn -0.9754 -0.1181 0.1861
vn -0.9903 -0.1260 0.0588
vn -0.0000 -0.6129 0.7902
vn 0.8754 -0.4257 0.2292
vn 0.9443 -0.3263 -0.0416
vn 0.9432 0.1877 -0.2741
vn 0.9422 0.1895 -0.2763
vn 0.8364 -0.4946 0.2362
vn 0.8319 -0.5089 0.2216
vn 0.8639 -0.3307 0.3799
vn 0.9903 -0.1260 0.0588
vn 0.9939 0.0371 -0.1037
vn -0.8318 -0.5089 0.2216
vn -0.8364 -0.4946 0.2363
vn -0.9422 0.1895 -0.2763
vn -0.9432 0.1877 -0.2741
vn -0.8639 -0.3307 0.3800
vn -0.0000 -0.4510 0.8925
vn -0.0000 -0.2260 0.9741
vn -0.8583 -0.2238 0.4618
vn 0.3439 -0.9265 0.1526
vn 0.7227 -0.6854 -0.0893
vn -0.8753 -0.4257 0.2293
vn -0.9443 -0.3263 -0.0416
vn -0.7227 -0.6854 -0.0893
vn -0.3439 -0.9265 0.1526
vn -0.5637 -0.5046 -0.6539
vn -0.2884 -0.5430 -0.7886
vn -0.1898 -0.4243 -0.8854
vn -0.4829 -0.3753 -0.7911
vn 0.8545 -0.1305 0.5028
vn 0.8583 -0.2238 0.4617
vn -0.0000 -0.9875 -0.1574
vn -0.9999 -0.0122 -0.0120
vn -0.9692 -0.0756 0.2344
vn -0.8544 -0.1306 0.5029
vn 0.0000 -0.0619 0.9981
vn 0.5737 -0.5704 0.5877
vn -0.5737 -0.5705 0.5878
vn -0.9320 -0.3618 0.0227
vn -0.9022 -0.3931 -0.1775
vn -0.3506 -0.9360 0.0304
vn -0.3858 -0.9161 0.1090
vn 0.2884 -0.5430 -0.7886
vn 0.1898 -0.4243 -0.8854
vn -1.0000 -0.0000 -0.0000
vn 0.9632 0.0742 -0.2584
vn 0.9877 0.0500 -0.1481
vn 1.0000 -0.0000 0.0000
vn 0.0000 0.9741 -0.2260
vn 0.0000 0.6726 -0.7400
vn -0.5595 -0.7085 -0.4301
vn -0.9632 0.0742 -0.2584
vn -0.9877 0.0500 -0.1481
vn -0.8612 0.1627 -0.4816
vn -0.8654 0.1303 -0.4839
vn -0.9575 0.0007 -0.2884
vn -0.8616 -0.0030 -0.5076
vn 0.0000 -0.9999 0.0168
vn 0.0000 0.9999 -0.0101
vn -0.0000 0.4453 0.8954
vn 0.0000 0.4233 0.9060
vn -0.8299 -0.5576 0.0180
vn -0.9188 -0.3942 0.0172
vn -0.9322 -0.3551 0.0696
vn -0.8089 -0.5858 0.0502
vn 0.9323 -0.3550 0.0696
vn 0.9189 -0.3942 0.0172
vn 0.8299 -0.5576 0.0180
vn 0.8089 -0.5858 0.0502
vn 0.9322 0.3607 0.0290
vn 0.9865 0.1541 0.0551
vn -0.9997 0.0226 0.0115
vn -0.9459 0.3243 0.0043
vn -0.9322 0.3607 0.0290
vn -0.9865 0.1541 0.0551
vn 0.0000 -0.9994 0.0341
vn 0.0000 1.0000 0.0000
vn -0.0000 0.2671 0.9637
vn -0.0000 0.0000 1.0000
vn -0.0000 0.8064 -0.5914
vn -0.0000 0.9979 -0.0641
vn 0.0000 0.4166 -0.9091
vn 1.0000 0.0003 -0.0003
vn 1.0000 0.0002 -0.0002
vn 0.9991 -0.0385 0.0149
vn 0.9994 -0.0333 0.0129
vn 0.0000 -0.5624 -0.8269
vn 0.0000 -0.5306 -0.8476
vn -0.9991 -0.0385 0.0149
vn -1.0000 0.0002 -0.0002
vn -1.0000 0.0003 -0.0003
vn -0.9994 -0.0333 0.0129
vn -1.0000 0.0005 -0.0005
vn 0.0000 -0.4962 -0.8682
vn 0.0000 -0.4926 -0.8702
vn -0.0000 0.2770 0.9609
vn 0.0000 0.1971 0.9804
vn 0.0000 0.1705 0.9854
vn -0.0000 0.3327 0.9430
vn 0.9964 -0.0787 0.0305
vn 1.0000 0.0005 -0.0005
vn 1.0000 0.0013 -0.0062
vn 0.9998 0.0079 -0.0164
vn 0.9998 0.0075 -0.0158
vn 1.0000 0.0012 -0.0060
vn -0.9989 -0.0405 -0.0243
vn -0.9986 -0.0473 -0.0240
vn -0.9972 -0.0706 -0.0232
vn -1.0000 0.0012 -0.0060
vn -0.9998 0.0075 -0.0158
vn -0.9998 0.0079 -0.0164
vn -1.0000 0.0013 -0.0062
vn 0.0000 -0.8171 0.5765
vn 0.0000 -0.9988 0.0481
vn 0.0000 0.2192 -0.9757
vn 0.9989 -0.0405 -0.0243
vn 0.9986 -0.0473 -0.0240
vn 0.9999 -0.0080 -0.0150
vn 0.9999 -0.0072 -0.0140
vn 0.0000 -0.4689 0.8833
vn 0.0000 -0.3041 0.9526
vn 0.0000 -0.9050 -0.4254
vn -0.9996 0.0134 -0.0237
vn 0.9996 0.0134 -0.0237
vn -0.0000 0.9209 0.3899
vn -0.9999 -0.0072 -0.0140
vn -0.9999 -0.0080 -0.0150
vn 0.0000 -0.7981 -0.6025
vn -0.0000 0.8313 0.5558
vn -0.0000 0.4400 -0.8980
vn -0.0000 -0.8077 -0.5895
vn -0.0000 -0.7615 -0.6481
vn -1.0000 0.0048 -0.0082
vn -0.9949 0.0454 -0.0896
vn -0.9945 0.0472 -0.0934
vn -0.9999 0.0055 -0.0093
vn -1.0000 -0.0000 0.0003
vn -1.0000 -0.0001 0.0005
vn 0.0000 0.9586 0.2848
vn -1.0000 -0.0001 0.0007
vn 0.9805 0.0872 -0.1760
vn 0.9949 0.0454 -0.0896
vn 0.9945 0.0472 -0.0934
vn 1.0000 -0.0001 0.0007
vn 1.0000 -0.0000 0.0003
vn 1.0000 -0.0001 0.0005
vn 0.0000 0.9271 0.3749
vn 0.0000 0.9255 0.3787
vn -0.9805 0.0872 -0.1760
vn 0.0000 0.9555 0.2952
vn 0.0000 0.9633 0.2683
vn 0.0000 0.9386 0.3449
vn 0.9999 0.0055 -0.0093
vn 1.0000 0.0048 -0.0082
vn 0.0000 -0.7437 -0.6685
vn 0.0000 -0.8476 -0.5306
vn 0.0000 -0.8614 -0.5079
vn -0.0000 -0.9014 0.4330
vn 0.0000 0.0231 -0.9997
vn 0.0000 0.8563 -0.5164
vn 0.9972 -0.0706 -0.0232
vn 0.9997 0.0226 0.0115
vn 0.9459 0.3243 0.0043
vn 0.8090 -0.5878 0.0000
vn 0.3090 -0.9511 0.0000
vn -0.3090 -0.9511 -0.0000
vn -0.8090 -0.5878 -0.0000
vn -0.8090 0.5878 -0.0000
vn -0.8084 -0.5874 0.0379
vn -0.3088 -0.9504 0.0379
vn -0.3090 0.9511 -0.0000
vn 0.3090 0.9511 0.0000
vn 0.8090 0.5878 0.0000
vn -0.2584 0.7954 0.5483
vn 0.2584 0.7954 0.5483
vn -0.7521 -0.5464 -0.3686
vn -0.2873 -0.8841 -0.3686
vn -0.6766 0.4916 0.5483
vn -0.8363 -0.0000 0.5483
vn -0.6766 -0.4916 0.5483
vn -0.2584 -0.7954 0.5483
vn 0.8363 -0.0000 0.5483
vn 0.6766 -0.4916 0.5483
vn 0.2584 -0.7954 0.5483
vn 0.6766 0.4916 0.5483
vn 0.9296 0.0000 -0.3686
vn 0.2873 -0.8841 -0.3686
vn 0.7521 -0.5464 -0.3686
vn 0.2873 0.8841 -0.3686
vn -0.2873 0.8841 -0.3686
vn -0.9296 0.0000 -0.3686
vn -0.7521 0.5464 -0.3686
vn -0.4902 0.3561 0.7956
vn -0.6059 -0.0000 0.7956
vn -0.8084 0.5874 0.0379
vn -0.9993 0.0000 0.0379
vn 0.9993 0.0000 0.0379
vn 0.8084 0.5874 0.0379
vn 0.3088 -0.9504 0.0379
vn -0.3088 0.9504 0.0379
vn 0.3088 0.9504 0.0379
vn 0.8084 -0.5874 0.0379
vn 0.6059 0.0000 0.7955
vn 0.4902 0.3561 0.7955
vn -0.1872 -0.5762 0.7956
vn 0.1872 -0.5762 0.7956
vn -0.1872 0.5762 0.7955
vn 0.1872 0.5762 0.7956
vn 0.4902 -0.3561 0.7956
vn -0.4902 -0.3561 0.7956
vn 0.2177 0.0000 -0.9760
vn 0.1761 0.1280 -0.9760
vn 0.0674 0.2074 0.9759
vn 0.1764 0.1282 0.9759
vn 0.0673 0.2070 -0.9760
vn -0.0673 0.2070 -0.9760
vn 0.2180 -0.0000 0.9759
vn -0.1761 0.1280 -0.9760
vn -0.2177 0.0000 -0.9760
vn -0.0674 0.2074 0.9759
vn -0.2180 -0.0000 0.9759
vn -0.1764 0.1282 0.9759
vn -0.1761 -0.1280 -0.9760
vn 0.1764 -0.1282 0.9759
vn 0.0674 -0.2074 0.9759
vn -0.0674 -0.2074 0.9759
vn 0.1761 -0.1280 -0.9760
vn -0.0673 -0.2071 -0.9760
vn 0.0673 -0.2070 -0.9760
vn -0.1764 -0.1282 0.9759
vn 0.5575 -0.4051 -0.7246
vn 0.4314 0.0000 -0.9022
vn 0.1333 -0.4102 -0.9022
vn -0.1333 -0.4102 -0.9022
vn -0.3490 -0.2535 -0.9022
vn -0.6892 0.0000 -0.7246
vn -0.3490 0.2535 -0.9022
vn -0.1333 0.4102 -0.9022
vn 0.1333 0.4102 -0.9022
vn 0.5575 0.4051 -0.7246
vn 0.3490 0.2535 -0.9022
vn -0.0000 0.0000 -1.0000
vn -0.9906 -0.1369 -0.0000
vn -0.9625 -0.2712 -0.0000
vn 0.9906 -0.1369 0.0000
vn 0.9625 -0.2712 0.0000
vn 0.0000 -1.0000 -0.0000
vn -0.0000 -0.9971 0.0761
vn -0.7277 0.6859 -0.0000
vn -0.6963 0.0000 -0.7178
vn -0.7274 -0.6843 0.0522
vn -0.6963 0.0000 0.7178
vn 0.7116 0.7026 0.0000
vn 0.6963 0.0000 0.7178
vn 0.7113 -0.7008 0.0535
vn 0.6963 0.0000 -0.7178
vn 0.7277 0.6859 0.0000
vn 0.7273 -0.6843 0.0522
vn 0.7198 0.6942 0.0000
vn 0.7195 -0.6925 0.0528
vn -0.7116 0.7026 -0.0000
vn -0.7113 -0.7008 0.0535
vn -0.7198 0.6942 -0.0000
vn -0.7195 -0.6925 0.0528
vn -0.9964 -0.0787 0.0305
vn 0.0000 0.7218 0.6921
vn 0.0000 0.6309 0.7759
vn 0.9320 -0.3618 0.0227
vn 0.9022 -0.3931 -0.1775
vn 0.9575 0.0007 -0.2884
vn 0.3506 -0.9360 0.0304
vn 0.3858 -0.9161 0.1090
vn 0.5637 -0.5046 -0.6539
vn 0.4829 -0.3753 -0.7911
vn 0.3704 -0.8433 -0.3893
vn 0.6477 -0.6962 -0.3095
vn -0.6477 -0.6962 -0.3095
vn -0.3704 -0.8433 -0.3893
vn 0.0000 0.9937 0.1119
vn 0.0000 0.9038 0.4279
vn -0.5000 0.8660 0.0000
vn -0.8660 0.5000 0.0000
vn -0.8660 -0.5000 0.0000
vn -0.5000 -0.8660 0.0000
vn 0.5000 -0.8660 -0.0000
vn 0.8660 -0.5000 -0.0000
vn 0.8660 0.5000 -0.0000
vn -0.4155 0.7196 -0.5564
vn -0.0000 0.8309 -0.5564
vn -0.4154 0.7196 -0.5564
vn 0.5000 0.8660 0.0000
vn -0.8275 0.0000 0.5615
vn -0.6967 -0.4236 0.5789
vn -0.7029 -0.4144 0.5781
vn 0.3809 -0.6947 0.6101
vn 0.6969 -0.4238 0.5786
vn 0.7032 -0.4145 0.5777
vn 0.3899 -0.6904 0.6094
vn 0.3809 0.6947 0.6101
vn -0.0000 0.7811 0.6244
vn 0.3899 0.6904 0.6094
vn -0.3809 0.6946 0.6103
vn -0.3898 0.6903 0.6096
vn -0.3809 -0.6946 0.6103
vn -0.3898 -0.6903 0.6096
vn 0.8278 0.0000 0.5611
vn 0.3261 0.6238 -0.7103
vn 0.3263 0.6237 -0.7103
vn -0.0000 0.7040 -0.7102
vn 0.5897 0.3785 -0.7135
vn 0.5894 0.3788 -0.7135
vn 0.6911 0.0434 -0.7214
vn 0.6795 0.0273 -0.7332
vn -0.6795 0.0273 -0.7332
vn -0.4229 -0.0872 -0.9019
vn 0.9721 0.2347 -0.0000
vn 0.2319 -0.9727 0.0000
vn -0.2319 -0.9727 -0.0000
vn 0.6795 0.0273 0.7332
vn 0.4229 -0.0872 0.9019
vn -0.6795 0.0273 0.7332
vn -0.4229 -0.0872 0.9019
vn -0.5897 0.3785 -0.7135
vn -0.5894 0.3788 -0.7135
vn -0.6911 0.0434 -0.7214
vn -0.3261 0.6238 -0.7103
vn -0.3263 0.6237 -0.7103
vn 0.6969 0.4238 0.5786
vn 0.7032 0.4145 0.5777
vn -0.0000 -0.7811 0.6244
vn -0.6967 0.4236 0.5789
vn -0.7029 0.4144 0.5781
vn 0.2998 -0.1731 -0.9382
vn 0.3462 0.0000 -0.9382
vn -0.4155 -0.7196 -0.5564
vn -0.7196 -0.4154 -0.5565
vn -0.7195 -0.4154 -0.5565
vn -0.4154 -0.7196 -0.5564
vn 0.7197 0.4155 -0.5563
vn 0.8310 -0.0000 -0.5563
vn -0.7196 0.4154 -0.5565
vn -0.7195 0.4154 -0.5565
vn -0.0000 -0.8309 -0.5564
vn 0.4155 -0.7196 -0.5563
vn 0.4155 0.7196 -0.5563
vn -0.8309 0.0000 -0.5565
vn 0.7197 -0.4155 -0.5563
vn 0.2998 0.1731 -0.9382
vn 0.1731 0.2998 -0.9382
vn -0.3461 0.0000 -0.9382
vn -0.2998 -0.1731 -0.9382
vn -0.1731 -0.2998 -0.9382
vn -0.0000 -0.3462 -0.9382
vn 0.1731 -0.2998 -0.9382
vn -0.2998 0.1731 -0.9382
vn -0.0000 0.3461 -0.9382
vn -0.1731 0.2998 -0.9382
vn 0.4229 -0.0872 -0.9019
vn 0.6911 0.0434 0.7214
vn 0.6805 -0.1403 0.7192
vn -0.6805 -0.1403 -0.7192
vn -0.9721 0.2347 0.0000
vn -0.7776 -0.5193 0.3544
vn -0.4471 -0.8399 0.3078
vn -0.4606 -0.8322 0.3088
vn -0.7904 -0.4969 0.3582
vn 0.4853 0.8743 -0.0000
vn 0.4091 -0.6968 -0.5892
vn 0.0000 -0.8221 -0.5694
vn 0.3758 -0.7180 -0.5858
vn 0.8513 0.5247 0.0000
vn 0.9995 0.0325 0.0000
vn 0.2658 0.4959 -0.8267
vn 0.5166 0.3317 -0.7894
vn 0.5514 0.2940 -0.7807
vn 0.2885 0.4868 -0.8245
vn 0.8796 -0.4757 0.0000
vn 0.5137 -0.8579 0.0000
vn -0.6689 -0.3659 -0.6471
vn -0.6886 0.0285 -0.7246
vn -0.7030 -0.0414 -0.7100
vn -0.6423 -0.4283 -0.6356
vn -0.5137 -0.8579 -0.0000
vn -0.8796 -0.4757 0.0000
vn 0.6688 -0.3659 -0.6472
vn 0.6422 -0.4282 -0.6357
vn -0.9995 0.0325 -0.0000
vn -0.8513 0.5247 -0.0000
vn 0.0000 0.5451 -0.8384
vn -0.4853 0.8743 0.0000
vn -0.2658 0.4959 -0.8267
vn -0.2885 0.4869 -0.8244
vn -0.5166 0.3317 -0.7893
vn -0.5515 0.2940 -0.7806
vn 0.6885 0.0285 -0.7247
vn 0.7029 -0.0414 -0.7101
vn -0.4091 -0.6969 -0.5891
vn -0.3759 -0.7181 -0.5857
vn -0.0000 -0.1961 0.9806
vn 0.8917 -0.0808 0.4454
vn 0.7401 0.3276 0.5874
vn 0.7267 0.3431 0.5952
vn 0.8900 -0.0535 0.4527
vn -0.3911 0.5538 0.7351
vn -0.7400 0.3275 0.5875
vn -0.7265 0.3430 0.5954
vn -0.3821 0.5562 0.7380
vn -0.0000 -0.9559 0.2937
vn 0.4471 -0.8399 0.3077
vn 0.4606 -0.8322 0.3087
vn 0.3911 0.5539 0.7350
vn 0.3822 0.5562 0.7379
vn -0.8916 -0.0808 0.4456
vn -0.8899 -0.0535 0.4529
vn 0.7777 -0.5194 0.3542
vn 0.7905 -0.4969 0.3581
vn -0.0000 0.6038 0.7972
vn -0.1510 0.2615 0.9533
vn -0.0000 0.3019 0.9533
vn 0.0000 0.4267 0.9044
vn -0.2134 0.3696 0.9044
vn -0.2615 0.1510 0.9533
vn -0.3696 0.2134 0.9043
vn -0.3020 -0.0000 0.9533
vn -0.4269 0.0000 0.9043
vn -0.2615 -0.1510 0.9533
vn -0.3696 -0.2134 0.9043
vn -0.1510 -0.2615 0.9533
vn -0.2134 -0.3696 0.9044
vn -0.0000 -0.3019 0.9533
vn 0.0000 -0.4267 0.9044
vn 0.1509 -0.2614 0.9534
vn 0.2133 -0.3694 0.9045
vn 0.2614 -0.1509 0.9534
vn 0.3694 -0.2132 0.9045
vn 0.3018 -0.0000 0.9534
vn 0.4265 0.0000 0.9045
vn 0.2614 0.1509 0.9534
vn 0.3694 0.2132 0.9045
vn 0.1509 0.2614 0.9534
vn 0.2133 0.3694 0.9045
vn 0.4623 0.8867 0.0000
vn 0.8429 0.5381 0.0000
vn 0.8429 -0.5381 0.0000
vn 0.4623 -0.8867 -0.0000
vn -0.4623 -0.8867 0.0000
vn -0.8429 -0.5381 -0.0000
vn -0.8429 0.5381 0.0000
vn -0.4623 0.8867 0.0000
vn -0.9985 0.0542 0.0000
vn -0.9809 -0.1945 0.0000
vn 0.9985 0.0542 0.0000
vn 0.9809 -0.1945 0.0000
vn -0.4641 0.8858 -0.0000
vn -0.8406 0.5417 0.0000
vn 0.8406 0.5417 0.0000
vn 0.4641 0.8858 0.0000
vn 0.3263 0.6237 0.7103
vn 0.3261 0.6238 0.7103
vn -0.0000 0.7040 0.7102
vn 0.5894 0.3788 0.7135
vn 0.5897 0.3785 0.7135
vn -0.5894 0.3788 0.7135
vn -0.5897 0.3785 0.7135
vn -0.6911 0.0434 0.7214
vn -0.3263 0.6237 0.7103
vn -0.3261 0.6238 0.7103
vn -0.6805 -0.1403 0.7192
vn 0.6805 -0.1403 -0.7192
vn 0.0000 0.8660 0.5000
vn 0.7748 -0.5475 0.3161
vn 0.7748 -0.3161 0.5475
vn 0.7748 0.3161 -0.5475
vn 0.7748 -0.0000 -0.6322
vn -0.7748 0.5475 -0.3161
vn -0.7748 0.6322 0.0000
vn -0.7748 -0.6322 0.0000
vn -0.7748 -0.5475 -0.3161
vn -0.7748 0.5475 0.3161
vn -0.7748 0.3161 0.5475
vn 0.7748 0.0000 0.6322
vn 0.7748 0.3161 0.5475
vn 0.7748 -0.3161 -0.5475
vn 0.7748 -0.5475 -0.3161
vn 0.7748 0.5475 0.3161
vn 0.7748 0.6322 0.0000
vn -0.7748 -0.3161 0.5475
vn -0.7748 -0.5475 0.3161
vn -0.7748 -0.0000 -0.6322
vn -0.7748 0.3161 -0.5475
vn 0.7748 -0.6322 0.0000
vn 0.7748 0.5475 -0.3161
vn 0.4170 0.2597 0.8710
vn 0.4954 -0.0000 0.8686
vn 0.4131 0.2653 0.8712
vn -0.2271 0.4261 -0.8757
vn -0.4170 0.2597 -0.8710
vn -0.4131 0.2653 -0.8712
vn -0.2221 0.4285 -0.8758
vn 0.0000 -0.4788 0.8779
vn -0.2271 -0.4261 0.8757
vn -0.2221 -0.4285 0.8758
vn 0.4170 -0.2597 -0.8710
vn 0.4955 -0.0000 -0.8686
vn 0.4131 -0.2653 -0.8712
vn -0.4170 0.2597 0.8710
vn -0.2271 0.4261 0.8757
vn -0.2221 0.4285 0.8758
vn -0.4131 0.2653 0.8712
vn -0.4170 -0.2597 -0.8710
vn -0.2271 -0.4261 -0.8757
vn -0.2221 -0.4285 -0.8758
vn -0.4131 -0.2653 -0.8712
vn 0.4170 -0.2597 0.8710
vn 0.4131 -0.2653 0.8712
vn -0.0000 0.4788 -0.8779
vn -0.4170 -0.2597 0.8710
vn -0.4131 -0.2653 0.8712
vn 0.2271 -0.4261 -0.8757
vn 0.2221 -0.4285 -0.8758
vn -0.0000 0.4788 0.8779
vn -0.4955 -0.0000 -0.8686
vn 0.4651 0.8852 -0.0000
vn -0.4651 0.8852 0.0000
vn -0.8450 0.5348 -0.0000
vn -0.8450 -0.5348 0.0000
vn -0.4651 -0.8852 0.0000
vn 0.4651 -0.8852 0.0000
vn 0.8450 -0.5348 0.0000
vn 0.8450 0.5348 0.0000
vn -0.0000 -0.4788 -0.8779
vn -0.4954 -0.0000 0.8686
vn 0.4170 0.2597 -0.8710
vn 0.4131 0.2653 -0.8712
vn 0.2271 -0.4261 0.8757
vn 0.2221 -0.4285 0.8758
vn 0.2271 0.4261 0.8757
vn 0.2221 0.4285 0.8758
vn 0.2271 0.4261 -0.8757
vn 0.2221 0.4285 -0.8758
vn -0.7748 0.0000 0.6322
vn 0.0000 0.5000 0.8660
vn -0.7748 -0.3161 -0.5475
vn 0.0000 0.5000 -0.8660
vn 0.0000 0.8660 -0.5000
vn 0.0000 -0.5000 -0.8660
vn 0.0000 -0.8660 -0.5000
vn 0.0000 -0.8660 0.5000
vn 0.0000 -0.5000 0.8660
vn -0.0315 0.8656 -0.4998
vn -0.0315 0.9995 0.0000
vn -0.0315 0.4998 0.8656
vn -0.0315 0.0000 0.9995
vn -0.0315 -0.4998 0.8656
vn -0.0315 -0.8656 0.4998
vn -0.0315 -0.9995 -0.0000
vn -0.0315 -0.8656 -0.4998
vn -0.0315 -0.4998 -0.8656
vn -0.0315 -0.0000 -0.9995
vn -0.0315 0.4998 -0.8656
vn -0.0315 0.8656 0.4998
vn 0.8427 0.5383 0.0000
vn 0.8427 0.4662 0.2692
vn -0.8427 0.4662 0.2692
vn -0.8427 0.5383 -0.0000
vn 0.8427 0.2692 0.4662
vn -0.8427 0.2692 0.4662
vn 0.8427 0.0000 0.5383
vn -0.8427 0.0000 0.5383
vn 0.8427 -0.2692 0.4662
vn -0.8427 -0.2692 0.4662
vn 0.8427 -0.4662 0.2692
vn -0.8427 -0.4662 0.2692
vn 0.8427 -0.5383 0.0000
vn -0.8427 -0.5383 -0.0000
vn 0.8427 -0.4662 -0.2692
vn -0.8427 -0.4662 -0.2692
vn 0.8427 -0.2692 -0.4662
vn -0.8427 -0.2692 -0.4662
vn 0.8427 -0.0000 -0.5383
vn -0.8427 -0.0000 -0.5383
vn 0.8427 0.2692 -0.4662
vn -0.8427 0.2692 -0.4662
vn 0.8427 0.4662 -0.2692
vn -0.8427 0.4662 -0.2692
vn 0.0315 0.9995 -0.0000
vn 0.0315 0.8656 0.4998
vn 0.0315 0.4998 0.8656
vn 0.0315 0.4998 -0.8656
vn 0.0315 0.8656 -0.4998
vn 0.0315 -0.0000 -0.9995
vn 0.0315 -0.4998 -0.8656
vn 0.0315 -0.8656 -0.4998
vn 0.0315 -0.9995 0.0000
vn 0.0315 -0.8656 0.4998
vn 0.0315 -0.4998 0.8656
vn 0.0315 0.0000 0.9995
vn -0.0000 0.6756 -0.7373
vn -0.0000 0.3420 -0.9397
vn 0.0000 -0.0436 -0.9990
vn 0.0000 -0.7373 -0.6756
vn 0.0000 -0.9397 -0.3420
vn 0.0000 -0.9990 0.0436
vn 0.0000 -0.6756 0.7373
vn -0.0000 -0.3420 0.9397
vn -0.0000 0.0436 0.9990
vn 0.0000 0.7373 0.6756
vn 0.0000 0.9397 0.3420
vn 0.0000 0.9990 -0.0436
vn 0.0000 0.4226 0.9063
vn -0.0000 -0.3016 0.9534
vn 0.3382 -0.2195 0.9151
vn -0.0000 -0.4226 -0.9063
vn 0.0000 -0.9063 0.4226
vn -0.5000 -0.7849 0.3660
vn 0.6763 0.3113 0.6676
vn 0.5857 0.6178 0.5247
vn -0.5857 0.6178 0.5247
vn -0.6763 0.3113 0.6676
vn -0.3382 -0.2195 0.9151
vn 0.5857 0.0048 0.8105
vn -0.3382 0.8421 0.4201
vn 0.3382 0.8421 0.4201
vn 0.0000 0.9243 0.3818
vn -0.5857 0.0048 0.8105
vn 0.5000 -0.7849 0.3660
vn -0.8660 -0.4532 0.2113
vn -0.8660 0.4532 -0.2113
vn -0.5000 0.7849 -0.3660
vn -0.0000 0.9063 -0.4226
vn 0.5000 0.7849 -0.3660
vn 0.8660 0.4532 -0.2113
vn 0.8660 -0.4532 0.2113
vn -0.0000 -0.9336 -0.3583
vn -0.3474 -0.8493 -0.3976
vn -0.6017 -0.6188 -0.5051
vn -0.6947 -0.3040 -0.6519
vn -0.6017 0.0109 -0.7987
vn -0.3474 0.2413 -0.9061
vn -0.0000 0.3257 -0.9455
vn 0.3474 0.2413 -0.9061
vn 0.6017 0.0109 -0.7987
vn 0.6947 -0.3040 -0.6519
vn 0.6017 -0.6188 -0.5051
vn 0.3474 -0.8493 -0.3976
vn 0.0000 0.9869 -0.1611
vn 0.0000 -0.7809 0.6247
vn -0.9718 -0.0000 0.2359
vn -0.9210 -0.0000 0.3896
vn -0.0000 0.7809 -0.6247
vn 0.9718 -0.0000 0.2359
vn 0.9210 0.0000 0.3896
vn 0.4678 -0.7565 -0.4571
vn 0.4670 -0.4660 -0.7515
vn 0.7679 -0.4489 -0.4570
vn 0.7679 0.4489 -0.4570
vn 0.4670 0.4660 -0.7515
vn 0.4678 0.7565 -0.4571
vn -0.4678 -0.7565 -0.4571
vn -0.7679 -0.4489 -0.4570
vn -0.4670 -0.4659 -0.7515
vn -0.4678 0.7565 -0.4571
vn -0.4670 0.4660 -0.7515
vn -0.7679 0.4489 -0.4570
vn -0.6469 0.4227 0.6346
vn -0.3343 0.4550 0.8254
vn -0.4217 0.6788 0.6011
vn -0.6469 -0.4227 0.6346
vn -0.4217 -0.6788 0.6011
vn -0.3343 -0.4550 0.8254
vn 0.4217 -0.6788 0.6011
vn 0.6469 -0.4227 0.6346
vn 0.3343 -0.4550 0.8254
vn 0.4217 0.6788 0.6011
vn 0.3342 0.4550 0.8254
vn 0.6469 0.4227 0.6346
vn -0.6756 -0.6548 0.3389
vn -0.6903 -0.6690 0.2756
vn -0.7113 0.6893 -0.1379
vn -0.7019 0.6803 -0.2109
vn 0.6756 -0.6548 0.3389
vn 0.6903 -0.6690 0.2756
vn 0.7113 0.6893 -0.1379
vn 0.7019 0.6803 -0.2109
vn -0.7121 0.6914 -0.1219
vn -0.7153 0.6952 0.0715
vn 0.7121 0.6914 -0.1219
vn 0.7153 0.6952 0.0715
vn -0.6412 -0.6229 0.4482
vn -0.6426 -0.6243 0.4441
vn 0.6412 -0.6229 0.4482
vn 0.6426 -0.6243 0.4441
vn 0.3184 0.9457 0.0657
vn -0.3184 0.9457 0.0657
vn -0.3180 0.9458 0.0656
vn 0.3180 0.9458 0.0656
vn -0.2052 -0.4333 -0.8776
vn -0.2052 -0.5433 -0.8141
vn -0.1866 -0.5662 -0.8029
vn -0.1866 -0.4122 -0.8918
vn 0.3180 0.4161 -0.8519
vn 0.3184 0.4159 -0.8518
vn 0.7802 0.0214 -0.6251
vn 0.7806 0.0206 -0.6247
vn 0.2052 -0.5433 -0.8141
vn 0.2052 -0.4333 -0.8776
vn 0.1866 -0.4122 -0.8918
vn 0.1866 -0.5662 -0.8029
vn -0.7802 -0.5520 -0.2941
vn -0.7802 0.0214 -0.6251
vn -0.7806 0.0206 -0.6247
vn -0.7806 -0.5513 -0.2945
vn 0.7802 -0.0214 0.6251
vn 0.7802 0.5520 0.2941
vn 0.7806 0.5513 0.2945
vn 0.7806 -0.0206 0.6247
vn 0.0660 -0.3184 -0.9457
vn -0.0660 -0.3184 -0.9457
vn -0.0829 -0.3282 -0.9410
vn 0.0829 -0.3282 -0.9410
vn -0.0660 -0.6598 -0.7486
vn 0.0660 -0.6598 -0.7486
vn 0.0829 -0.6508 -0.7547
vn -0.0829 -0.6508 -0.7547
vn -0.2052 0.4333 0.8776
vn -0.2052 0.5433 0.8141
vn -0.1866 0.5662 0.8029
vn -0.1866 0.4122 0.8918
vn -0.3184 -0.4159 0.8518
vn 0.3184 -0.4159 0.8518
vn 0.3180 -0.4161 0.8519
vn -0.3180 -0.4161 0.8519
vn -0.9281 -0.3224 0.1861
vn -0.9281 0.3224 -0.1861
vn 0.0660 0.3184 0.9457
vn -0.0660 0.3184 0.9457
vn -0.0829 0.3282 0.9410
vn 0.0829 0.3282 0.9410
vn -0.0660 0.6598 0.7486
vn 0.0660 0.6598 0.7486
vn 0.0829 0.6508 0.7547
vn -0.0829 0.6508 0.7547
vn 0.2052 0.5433 0.8141
vn 0.2052 0.4333 0.8776
vn 0.1866 0.4122 0.8918
vn 0.1866 0.5662 0.8029
vn -0.7806 -0.0206 0.6247
vn -0.7802 -0.0214 0.6251
vn -0.3184 0.4159 -0.8518
vn -0.3180 0.4161 -0.8519
vn 0.3184 -0.9457 -0.0657
vn 0.3180 -0.9458 -0.0656
vn 0.7806 -0.5513 -0.2945
vn 0.7802 -0.5520 -0.2941
vn 0.9281 -0.3224 0.1861
vn 0.7237 -0.5977 0.3451
vn -0.7237 -0.5977 0.3451
vn -0.7237 0.5977 -0.3451
vn 0.9281 0.3224 -0.1861
vn 0.7237 0.5977 -0.3451
vn -0.7802 0.5520 0.2941
vn -0.7806 0.5513 0.2945
vn -0.3180 -0.9458 -0.0656
vn -0.3184 -0.9457 -0.0657
vn -0.0000 -0.9914 -0.1305
vn -0.0000 -0.9659 0.2588
vn -0.0000 -0.7934 0.6088
vn -0.0000 -0.1305 0.9914
vn -0.0000 0.2588 0.9659
vn 0.0000 0.9659 -0.2588
vn 0.0000 0.7934 -0.6088
vn 0.0000 0.1305 -0.9914
vn 0.0000 -0.2588 -0.9659
vn 0.0000 -0.6088 -0.7934
vn -0.3696 0.7506 0.5477
vn -0.8924 0.2119 0.3984
vn -0.9659 -0.1294 0.2241
vn -0.8924 -0.4510 0.0157
vn -0.3696 -0.8496 -0.3762
vn 0.3696 -0.7506 -0.5477
vn 0.8924 -0.2119 -0.3984
vn 0.9659 0.1294 -0.2241
vn -0.9351 0.1773 -0.3070
vn -0.7055 -0.2889 -0.6472
vn 0.8924 0.4510 -0.0157
vn 0.3696 0.8496 0.3762
vn -0.2588 0.4830 -0.8365
vn 0.4030 -0.1404 -0.9044
vn 0.6325 0.3873 -0.6708
vn -0.1513 -0.4205 -0.8946
vn 0.4030 0.8534 -0.3306
vn -0.7055 0.7049 -0.0734
vn -0.1513 0.9850 -0.0832
vn -0.8024 -0.2984 0.5169
vn -0.5394 0.3060 0.7845
vn 0.9933 -0.0579 0.1002
vn 0.7303 -0.6623 -0.1674
vn 0.0955 -0.9831 -0.1562
vn 0.8227 0.2759 0.4970
vn 0.0955 0.6268 0.7733
vn -0.2734 -0.0013 0.9619
vn 0.1901 0.2329 0.9537
vn -0.1901 -0.4909 0.8502
vn -0.0662 -0.7423 0.6667
vn -0.2734 -0.8324 0.4821
vn 0.2327 -0.8133 0.5333
vn 0.6536 -0.7082 0.2670
vn 0.8456 -0.2669 0.4623
vn 0.6536 0.1229 0.7468
vn 0.2588 -0.4830 0.8365
vn 0.3696 -0.8496 -0.3762
vn 0.8924 -0.4510 0.0157
vn 0.9659 -0.1294 0.2241
vn 0.8924 0.2119 0.3984
vn 0.3696 0.7506 0.5477
vn -0.3696 0.8496 0.3762
vn -0.8924 0.4510 -0.0157
vn -0.9659 0.1294 -0.2241
vn 0.9351 0.1773 -0.3070
vn 0.7055 0.7049 -0.0734
vn -0.8924 -0.2119 -0.3984
vn -0.3696 -0.7506 -0.5477
vn 0.2588 0.4830 -0.8365
vn -0.4030 0.8534 -0.3306
vn -0.6325 0.3873 -0.6708
vn 0.1513 0.9850 -0.0832
vn -0.4030 -0.1404 -0.9044
vn 0.7055 -0.2889 -0.6472
vn 0.1513 -0.4205 -0.8946
vn 0.8024 -0.2984 0.5169
vn -0.9933 -0.0579 0.1002
vn -0.0955 0.6268 0.7733
vn 0.5394 0.3060 0.7845
vn -0.8924 -0.2118 -0.3984
vn -0.7303 -0.6623 -0.1674
vn -0.0955 -0.9831 -0.1562
vn 0.0662 -0.7423 0.6667
vn -0.1901 -0.9424 0.2751
vn 0.3426 -0.9250 0.1642
vn 0.1901 -0.4909 0.8502
vn 0.2734 -0.0013 0.9619
vn -0.1901 0.2329 0.9537
vn -0.5317 -0.1262 0.8375
vn -0.6536 0.1229 0.7468
vn -0.6555 -0.3776 0.6540
vn -0.6536 -0.7082 0.2670
vn -0.2588 -0.4830 0.8365
vn -0.7220 -0.5245 0.4512
vn -0.2758 -0.8488 0.4512
vn -0.7220 -0.5246 0.4512
vn 0.1883 -0.1368 0.9725
vn 0.2327 0.0000 0.9725
vn -0.7220 0.5245 0.4512
vn -0.8924 0.0000 0.4512
vn -0.7220 0.5246 0.4512
vn 0.8925 0.0000 0.4511
vn 0.7220 0.5246 0.4511
vn 0.2758 -0.8488 0.4511
vn -0.2758 0.8487 0.4512
vn -0.2758 0.8488 0.4512
vn 0.2758 0.8488 0.4512
vn 0.7220 -0.5246 0.4511
vn -0.2327 -0.0000 0.9725
vn -0.1883 -0.1368 0.9725
vn 0.0719 0.2213 0.9725
vn -0.0719 0.2213 0.9725
vn 0.0719 -0.2213 0.9725
vn -0.0719 -0.2213 0.9725
vn -0.1883 0.1368 0.9725
vn 0.1883 0.1368 0.9725
vn 0.6891 0.0000 -0.7246
vn 0.3490 -0.2535 -0.9022
vn 0.4313 0.0000 -0.9022
vn 0.2130 -0.6554 -0.7246
vn -0.2130 -0.6554 -0.7246
vn -0.5575 0.4051 -0.7246
vn 0.2130 0.6554 -0.7246
vn 0.6892 0.0000 0.7246
vn 0.5575 0.4051 0.7246
vn 0.2130 0.6554 0.7246
vn -0.2130 0.6554 0.7246
vn -0.5575 0.4051 0.7246
vn -0.6892 -0.0000 0.7246
vn -0.5575 -0.4051 0.7246
vn -0.2130 -0.6554 0.7246
vn 0.2130 -0.6554 0.7246
vn 0.5575 -0.4051 0.7246
vn 0.9625 -0.1870 -0.1967
vn 0.5727 -0.5677 -0.5914
vn 0.6223 -0.1209 -0.7734
vn 0.0932 -0.0181 -0.9955
vn 0.0182 -0.6932 -0.7206
vn -0.6026 -0.5540 -0.5744
vn -0.5296 0.1029 -0.8420
vn -0.5919 0.1150 -0.7977
vn -0.1054 0.4103 -0.9058
vn -0.0016 0.7207 -0.6933
vn -0.4195 0.7304 -0.5391
vn -0.6625 -0.5201 -0.5391
vn 0.6238 -0.7667 -0.1522
vn 0.0954 -0.9938 -0.0568
vn -0.5274 -0.8466 0.0715
vn -0.2441 0.0474 0.9686
vn 0.1054 -0.4103 0.9058
vn 0.0017 -0.7207 0.6933
vn -0.4165 -0.5679 0.7099
vn -0.5898 -0.8030 0.0854
vn 0.7457 -0.6013 0.2871
vn 0.2796 -0.7440 0.6069
vn -0.3482 -0.6034 0.7174
vn -0.2714 -0.6676 -0.6933
vn -0.2514 -0.3410 -0.9058
vn 0.8670 -0.1685 0.4691
vn 0.4629 -0.0899 0.8818
vn -0.1698 0.0330 0.9849
vn 0.1023 0.9213 -0.3752
vn -0.2462 0.9655 0.0854
vn 0.9166 0.2783 0.2871
vn 0.5379 0.5851 0.6069
vn -0.0969 0.6899 0.7174
vn -0.1023 -0.9213 0.3752
vn -0.1735 0.6826 0.7099
vn 0.8655 0.4773 -0.1522
vn 0.4607 0.8858 -0.0568
vn -0.1720 0.9825 0.0715
vn 0.2501 0.8926 0.3752
vn 0.2714 0.6676 0.6933
vn 0.7436 0.3119 -0.5914
vn 0.2765 0.6359 -0.7206
vn -0.3512 0.7394 -0.5744
vn -0.2501 -0.8926 -0.3752
vn 0.2514 0.3410 0.9058
vn -0.3807 -0.8982 -0.2198
vn -0.4396 -0.8982 -0.0000
vn 0.4396 -0.8982 0.0000
vn 0.3807 -0.8982 -0.2198
vn -0.3807 -0.8982 0.2198
vn -0.2198 -0.8982 0.3807
vn 0.2198 -0.8982 0.3807
vn 0.3807 -0.8982 0.2198
vn 0.0000 -0.8982 -0.4396
vn -0.2198 -0.8982 -0.3807
vn -0.0000 -0.8982 0.4396
vn 0.2198 -0.8982 -0.3807
vn -0.4540 0.8910 0.0000
vn -0.3932 0.8910 0.2270
vn -0.2270 0.8910 0.3932
vn -0.0000 0.8910 0.4540
vn 0.2270 0.8910 0.3932
vn 0.3932 0.8910 0.2270
vn 0.4540 0.8910 0.0000
vn 0.3932 0.8910 -0.2270
vn 0.2270 0.8910 -0.3932
vn 0.0000 0.8910 -0.4540
vn -0.2270 0.8910 -0.3932
vn -0.3932 0.8910 -0.2270
vn -0.9995 0.0303 -0.0000
vn -0.8656 0.0303 0.4998
vn -0.4998 0.0303 0.8656
vn -0.4998 0.0303 -0.8656
vn -0.8656 0.0303 -0.4998
vn 0.0000 0.0303 -0.9995
vn 0.4998 0.0303 -0.8656
vn 0.8656 0.0303 -0.4998
vn 0.9995 0.0303 -0.0000
vn 0.8656 0.0303 0.4998
vn 0.4998 0.0303 0.8656
vn -0.0000 0.0303 0.9995
vn -0.8660 -0.0000 -0.5000
vn -0.5000 -0.0000 0.8660
vn 0.5000 0.0000 0.8660
vn 0.8660 0.0000 0.5000
vn 0.8660 0.0000 -0.5000
vn 0.5000 -0.0000 -0.8660
vn -0.5000 -0.0000 -0.8660
vn -0.8660 -0.0000 0.5000
vn -0.0000 0.3827 0.9239
vn -0.0000 0.7071 0.7071
vn -0.0000 0.9239 0.3827
vn -0.0000 0.9239 -0.3827
vn 0.0000 0.7071 -0.7071
vn 0.0000 0.3827 -0.9239
vn 0.0000 -0.3827 -0.9239
vn 0.0000 -0.7071 -0.7071
vn 0.0000 -0.9239 -0.3827
vn 0.0000 -0.9239 0.3827
vn 0.0000 -0.7071 0.7071
vn -0.0000 -0.3827 0.9239
vn -0.9863 0.0000 0.1647
vn -0.9863 0.1164 0.1164
vn 0.9863 0.1164 0.1164
vn 0.9863 0.0000 0.1647
vn -0.9863 0.1647 -0.0000
vn 0.9863 0.1647 0.0000
vn -0.9863 0.1164 -0.1164
vn 0.9863 0.1164 -0.1164
vn -0.9863 -0.0000 -0.1647
vn 0.9863 0.0000 -0.1647
vn -0.9863 -0.1164 -0.1164
vn 0.9863 -0.1164 -0.1164
vn -0.9863 -0.1647 -0.0000
vn 0.9863 -0.1647 0.0000
vn -0.9863 -0.1164 0.1164
vn 0.9863 -0.1164 0.1164
vn 0.9069 0.3161 -0.2788
vn 0.9476 0.0771 0.3101
vn 0.9069 -0.3160 0.2786
vn 0.9475 -0.0770 -0.3103
vn -0.9476 0.0771 0.3101
vn -0.9069 0.3161 -0.2788
vn -0.9475 -0.0770 -0.3103
vn -0.9069 -0.3160 0.2786
vn -0.7911 0.4973 0.3561
vn -0.6979 0.6751 -0.2393
vn -0.2751 0.9614 0.0000
vn -0.2755 0.9375 -0.2127
vn 0.2751 0.9614 0.0000
vn 0.2755 0.9375 -0.2127
vn 0.7911 0.4973 0.3561
vn 0.6979 0.6751 -0.2393
vn 0.6979 -0.6751 0.2392
vn 0.7911 -0.4973 -0.3563
vn 0.2755 -0.9375 0.2126
vn 0.2751 -0.9614 -0.0000
vn -0.2755 -0.9375 0.2126
vn -0.2751 -0.9614 0.0000
vn -0.6979 -0.6751 0.2392
vn -0.7911 -0.4973 -0.3563
vn -0.1350 0.7248 -0.6756
vn -0.3349 0.6091 -0.7189
vn 0.2813 -0.6175 -0.7345
vn 0.6780 -0.2969 -0.6725
vn 0.3265 -0.5984 -0.7317
vn -0.6781 0.2972 0.6722
vn -0.2814 0.6178 0.7342
vn -0.3265 0.5987 0.7314
vn 0.3249 -0.6039 0.7278
vn 0.1319 -0.7177 0.6837
vn -0.7357 -0.3864 0.5563
vn -0.7902 -0.0736 0.6084
vn 0.4440 0.4463 -0.7770
vn 0.3349 0.6091 -0.7189
vn -0.7901 0.0738 -0.6086
vn -0.6780 -0.2969 -0.6725
vn -0.4440 0.4463 -0.7770
vn 0.6781 0.2972 0.6722
vn 0.7902 -0.0736 0.6084
vn -0.3249 -0.6039 0.7278
vn 0.1350 0.7248 -0.6756
vn -0.2813 -0.6175 -0.7345
vn -0.3265 -0.5984 -0.7317
vn 0.7901 0.0738 -0.6086
vn 0.2814 0.6178 0.7342
vn 0.3265 0.5987 0.7314
vn -0.1319 -0.7177 0.6837
vn 0.7357 -0.3864 0.5563
vn 0.0000 0.4292 -0.9032
vn 0.0330 0.4271 -0.9036
vn 0.0263 0.4273 -0.9037
vn 0.0087 0.4228 -0.9062
vn -0.0087 0.4228 -0.9062
vn -0.0263 0.4273 -0.9037
vn -0.0330 0.4271 -0.9036
vn 0.0330 -0.4271 0.9036
vn -0.0000 -0.4292 0.9032
vn -0.0330 -0.4271 0.9036
vn -0.0083 -0.4359 0.9000
vn 0.0000 -0.4472 0.8944
vn 0.0083 -0.4359 0.9000
vn 0.9418 0.1503 -0.3008
vn 0.9234 0.2553 0.2867
vn 0.9418 -0.1504 0.3006
vn 0.9234 -0.2553 -0.2868
vn -0.9234 0.2553 0.2867
vn -0.9418 0.1503 -0.3008
vn -0.9234 -0.2553 -0.2868
vn -0.9418 -0.1504 0.3006
vn -0.7197 0.6425 0.2631
vn -0.7610 0.5668 -0.3156
vn -0.2845 0.9264 0.2466
vn -0.3078 0.8937 -0.3266
vn 0.2845 0.9264 0.2466
vn 0.3078 0.8937 -0.3266
vn 0.7197 0.6425 0.2631
vn 0.7610 0.5668 -0.3156
vn 0.7610 -0.5668 0.3154
vn 0.7197 -0.6425 -0.2632
vn 0.3078 -0.8937 0.3264
vn 0.2845 -0.9264 -0.2466
vn -0.3078 -0.8937 0.3264
vn -0.2845 -0.9264 -0.2466
vn -0.7611 -0.5668 0.3154
vn -0.7197 -0.6425 -0.2632
vn -0.2643 0.7304 -0.6298
vn -0.6553 0.4412 -0.6131
vn 0.2358 -0.8221 -0.5181
vn 0.5989 -0.5923 -0.5389
vn -0.5990 0.5924 0.5387
vn -0.2359 0.8222 0.5180
vn 0.6554 -0.4414 0.6129
vn 0.2644 -0.7306 0.6295
vn -0.8015 -0.0751 0.5932
vn -0.7759 0.2716 0.5694
vn 0.8014 0.0750 -0.5934
vn 0.6553 0.4412 -0.6131
vn -0.7757 -0.2717 -0.5696
vn -0.5989 -0.5923 -0.5389
vn -0.8014 0.0750 -0.5934
vn 0.5990 0.5924 0.5387
vn 0.7759 0.2716 0.5694
vn -0.6554 -0.4414 0.6129
vn 0.2643 0.7304 -0.6298
vn -0.2358 -0.8221 -0.5181
vn 0.7757 -0.2717 -0.5696
vn 0.2359 0.8222 0.5180
vn -0.2644 -0.7306 0.6295
vn 0.8015 -0.0751 0.5932
vn 0.0044 -0.2076 -0.9782
vn -0.0000 -0.2148 -0.9767
vn 0.0000 -0.2042 -0.9789
vn -0.0044 -0.2076 -0.9782
vn -0.0167 -0.2026 -0.9791
vn -0.0137 -0.2030 -0.9791
vn -0.0046 -0.2001 -0.9798
vn 0.0046 -0.2001 -0.9798
vn 0.0137 -0.2030 -0.9791
vn 0.0167 -0.2026 -0.9791
vn -0.0167 0.2026 0.9791
vn -0.0137 0.2030 0.9791
vn -0.0000 0.2042 0.9789
vn -0.0046 0.2001 0.9798
vn 0.0046 0.2001 0.9798
vn 0.0137 0.2030 0.9791
vn 0.0167 0.2026 0.9791
vn 0.0044 0.2076 0.9782
vn 0.0000 0.2148 0.9767
vn -0.0044 0.2076 0.9782
vn 0.9236 0.2437 -0.2960
vn 0.9378 0.1620 0.3072
vn 0.9236 -0.2437 0.2959
vn 0.9377 -0.1620 -0.3073
vn -0.9378 0.1620 0.3072
vn -0.9236 0.2437 -0.2960
vn -0.9377 -0.1620 -0.3073
vn -0.9236 -0.2437 0.2959
vn -0.7539 0.5755 0.3169
vn -0.7222 0.6344 -0.2757
vn -0.3036 0.8962 0.3235
vn -0.2858 0.9220 -0.2610
vn 0.3036 0.8962 0.3235
vn 0.2858 0.9220 -0.2610
vn 0.7539 0.5755 0.3169
vn 0.7222 0.6344 -0.2757
vn 0.7222 -0.6344 0.2756
vn 0.7538 -0.5755 -0.3170
vn 0.2859 -0.9221 0.2609
vn 0.3036 -0.8961 -0.3237
vn -0.2859 -0.9221 0.2609
vn -0.3036 -0.8961 -0.3237
vn -0.7222 -0.6344 0.2756
vn -0.7538 -0.5755 -0.3170
vn -0.2360 0.8065 -0.5420
vn -0.5984 0.5729 -0.5601
vn 0.2579 -0.7330 -0.6294
vn 0.6415 -0.4539 -0.6184
vn -0.6416 0.4540 0.6182
vn -0.2579 0.7332 0.6292
vn 0.5985 -0.5729 0.5599
vn 0.2361 -0.8067 0.5418
vn -0.7707 -0.2498 0.5862
vn -0.7904 0.0958 0.6050
vn 0.7705 0.2498 -0.5864
vn 0.5984 0.5729 -0.5601
vn -0.7902 -0.0957 -0.6053
vn -0.6415 -0.4539 -0.6184
vn -0.7705 0.2498 -0.5864
vn 0.6416 0.4540 0.6182
vn 0.7904 0.0958 0.6050
vn -0.5985 -0.5729 0.5599
vn 0.2360 0.8065 -0.5420
vn -0.2579 -0.7330 -0.6294
vn 0.7902 -0.0957 -0.6053
vn 0.2579 0.7332 0.6292
vn -0.2361 -0.8067 0.5418
vn 0.7707 -0.2498 0.5862
vn -0.0032 0.1589 -0.9873
vn 0.0000 0.1642 -0.9864
vn -0.0000 0.1565 -0.9877
vn 0.0032 0.1589 -0.9873
vn 0.0119 0.1553 -0.9878
vn 0.0098 0.1556 -0.9878
vn 0.0033 0.1535 -0.9881
vn -0.0033 0.1535 -0.9881
vn -0.0098 0.1556 -0.9878
vn -0.0119 0.1553 -0.9878
vn 0.0119 -0.1553 0.9878
vn 0.0098 -0.1556 0.9878
vn 0.0000 -0.1565 0.9877
vn 0.0033 -0.1535 0.9881
vn -0.0033 -0.1535 0.9881
vn -0.0098 -0.1556 0.9878
vn -0.0119 -0.1553 0.9878
vn -0.0032 -0.1589 0.9873
vn 0.0000 -0.1642 0.9864
vn 0.0032 -0.1589 0.9873
vn 0.0000 0.0147 -0.9999
vn 0.0000 -0.1919 -0.9814
vn 0.0000 0.2677 -0.9635
vn 0.5594 -0.7086 -0.4301
vn 0.8616 -0.0030 -0.5076
vn 0.8654 0.1303 -0.4839
vn 0.8612 0.1627 -0.4816
vn 0.3184 0.9394 0.1275
vn -0.3184 0.9394 0.1275
vn -0.3180 0.9395 0.1274
vn 0.3180 0.9395 0.1274
vn -0.2052 -0.3750 -0.9040
vn -0.2052 -0.4889 -0.8479
vn -0.1866 -0.5124 -0.8382
vn -0.1866 -0.3530 -0.9168
vn 0.3180 0.4710 -0.8229
vn 0.3184 0.4708 -0.8228
vn 0.7802 0.0622 -0.6224
vn 0.7806 0.0614 -0.6220
vn 0.2052 -0.4889 -0.8479
vn 0.2052 -0.3750 -0.9040
vn 0.1866 -0.3530 -0.9168
vn 0.1866 -0.5124 -0.8382
vn -0.7802 -0.5316 -0.3296
vn -0.7802 0.0622 -0.6224
vn -0.7806 0.0614 -0.6220
vn -0.7806 -0.5308 -0.3299
vn 0.7802 -0.0622 0.6224
vn 0.7802 0.5316 0.3296
vn 0.7806 0.5308 0.3300
vn 0.7806 -0.0614 0.6220
vn 0.0000 0.8969 -0.4422
vn 0.0660 -0.2558 -0.9645
vn -0.0660 -0.2558 -0.9645
vn -0.0829 -0.2659 -0.9604
vn 0.0829 -0.2659 -0.9604
vn -0.0660 -0.6093 -0.7902
vn 0.0660 -0.6093 -0.7902
vn 0.0829 -0.6000 -0.7957
vn -0.0829 -0.6000 -0.7957
vn -0.2052 0.3750 0.9040
vn -0.2052 0.4889 0.8479
vn -0.1866 0.5124 0.8382
vn -0.1866 0.3530 0.9168
vn -0.3184 -0.4708 0.8228
vn 0.3184 -0.4708 0.8228
vn 0.3180 -0.4710 0.8229
vn -0.3180 -0.4710 0.8229
vn -0.9281 -0.3339 0.1646
vn -0.9281 0.3339 -0.1646
vn 0.0660 0.2558 0.9645
vn -0.0660 0.2558 0.9645
vn -0.0829 0.2659 0.9604
vn 0.0829 0.2659 0.9604
vn 0.0000 -0.8969 0.4422
vn -0.0660 0.6093 0.7901
vn 0.0660 0.6094 0.7901
vn 0.0829 0.6000 0.7957
vn -0.0829 0.6000 0.7957
vn 0.2052 0.4889 0.8479
vn 0.2052 0.3750 0.9040
vn 0.1866 0.3530 0.9168
vn 0.1866 0.5124 0.8382
vn -0.7806 -0.0614 0.6220
vn -0.7802 -0.0622 0.6224
vn -0.3184 0.4708 -0.8228
vn -0.3180 0.4710 -0.8229
vn 0.3184 -0.9394 -0.1275
vn 0.3180 -0.9395 -0.1274
vn 0.7806 -0.5308 -0.3299
vn 0.7802 -0.5316 -0.3296
vn 0.9281 -0.3339 0.1646
vn 0.7237 -0.6190 0.3052
vn -0.7237 -0.6190 0.3052
vn -0.7237 0.6190 -0.3052
vn 0.9281 0.3339 -0.1646
vn 0.7237 0.6190 -0.3052
vn -0.7802 0.5316 0.3296
vn -0.7806 0.5308 0.3299
vn -0.3180 -0.9395 -0.1274
vn -0.3184 -0.9394 -0.1275
vn -0.9926 -0.1049 -0.0606
vn -0.9926 -0.1170 0.0314
vn 0.9926 -0.1170 0.0314
vn 0.9926 -0.1049 -0.0606
vn -0.9926 -0.0606 0.1049
vn 0.9926 -0.0606 0.1049
vn -0.9926 0.0314 0.1170
vn 0.9926 0.0314 0.1170
vn -0.9926 0.1049 0.0606
vn 0.9926 0.1049 0.0606
vn -0.9926 0.1170 -0.0314
vn 0.9926 0.1170 -0.0314
vn -0.9926 0.0606 -0.1049
vn 0.9926 0.0606 -0.1049
vn -0.9926 -0.0314 -0.1170
vn 0.9926 -0.0314 -0.1170
usemtl marksman
s 1
f 36/1/1 35/2/1 7/3/2 12/4/2
f 29/5/3 31/6/3 1/7/4 3/8/4
f 3/8/5 28/9/6 51/10/7 29/5/8
f 28/11/9 4/12/10 30/13/11 51/14/7
f 52/15/12 32/16/13 2/17/14 27/18/15
f 31/6/16 52/19/12 27/20/17 1/7/18
f 2/17/19 32/16/20 30/13/20 4/12/19
f 3/8/4 1/7/4 37/21/21 38/22/21
f 16/23/22 14/24/23 40/25/24 42/26/25
f 12/4/26 13/27/27 39/28/28 33/29/29
f 38/22/21 37/21/21 6/30/30 5/31/30
f 42/26/25 55/32/31 47/33/32 16/23/22
f 4/12/10 28/11/9 53/34/33 35/2/34
f 28/9/6 3/8/5 38/22/35 53/35/36
f 53/35/36 38/22/35 5/31/37 34/36/38
f 35/2/34 53/34/33 34/37/38 7/3/39
f 1/7/18 27/20/17 54/38/40 37/21/41
f 27/18/15 2/17/14 36/1/42 54/39/43
f 54/39/43 36/1/42 12/4/26 33/29/29
f 37/21/41 54/38/40 33/40/29 6/30/44
f 8/41/45 5/31/30 6/30/30 9/42/45
f 10/43/46 8/41/45 9/42/45 11/44/46
f 33/40/29 39/45/28 9/42/47 6/30/44
f 55/46/31 44/47/48 18/48/49 47/49/32
f 56/50/50 48/51/51 17/52/52 43/53/53
f 334/54/54 325/55/55 17/52/56 48/51/57
f 10/43/58 42/56/25 40/57/24 8/41/59
f 44/47/48 43/53/53 17/52/60 18/48/60
f 39/28/28 13/27/27 15/58/61 41/59/62
f 39/45/28 41/60/62 11/44/63 9/42/47
f 10/43/46 11/44/46 45/61/64 46/62/64
f 42/56/25 10/43/58 46/62/65 55/46/31
f 55/46/31 46/62/65 44/47/48
f 11/44/63 41/60/62 56/50/50 45/61/66
f 41/59/62 15/58/61 48/63/51 56/64/50
f 45/61/66 56/50/50 43/53/53
f 333/65/67 50/66/68 25/67/69 324/68/70
f 325/55/55 327/69/71 18/48/72 17/52/56
f 315/70/73 334/71/73 48/63/51 15/58/61
f 22/72/74 20/73/75 310/74/76 319/75/76
f 313/76/76 318/77/76 14/24/23 16/23/22
f 19/78/77 20/79/77 1316/80/78 1315/81/78
f 25/67/69 50/66/68 1321/82/79
f 21/83/80 19/84/81 1315/85/82 1317/86/83
f 321/87/73 336/88/73 13/27/27 12/4/26
f 23/89/84 21/83/80 1317/86/83 1319/90/85
f 5/31/37 8/41/59 40/57/24 34/36/38
f 29/5/3 57/91/86 59/92/86 31/6/3
f 30/13/20 32/16/20 60/93/87 58/94/87
f 61/95/88 63/96/88 143/97/89 142/98/89
f 64/99/90 144/100/91 139/101/92 59/92/93
f 138/102/94 141/103/95 62/104/96 57/91/97
f 51/14/7 30/13/11 58/94/98 137/105/99
f 143/97/100 63/96/101 60/93/102 140/106/103
f 62/104/104 64/99/104 59/92/86 57/91/86
f 63/96/105 61/95/105 58/94/87 60/93/87
f 52/19/12 31/6/16 59/92/93 139/101/92
f 32/16/13 52/15/12 140/106/103 60/93/102
f 141/103/106 144/100/106 64/99/107 62/104/107
f 91/107/108 96/108/109 90/109/109 93/110/108
f 77/111/110 78/112/110 91/107/108 93/110/108
f 85/113/111 86/114/112 68/115/113 67/116/114
f 74/117/115 75/118/115 71/119/116 67/120/116
f 72/121/117 88/122/118 87/123/119 71/124/120
f 87/123/119 88/122/118 70/125/121 69/126/121
f 85/127/122 87/128/122 69/129/123 65/130/123
f 68/131/124 86/132/125 88/133/125 72/134/124
f 88/133/125 86/132/125 66/135/126 70/136/126
f 72/134/124 76/137/127 73/138/127 68/131/124
f 73/139/128 74/140/128 67/116/114 68/115/113
f 65/141/129 66/142/129 86/114/112 85/113/111
f 95/143/130 97/144/131 98/145/132 96/146/133
f 77/147/134 80/148/135 120/149/136 123/150/136
f 90/151/137 100/152/138 99/153/139 94/154/140
f 92/155/141 89/156/141 94/157/142 95/158/142
f 78/112/110 77/111/110 123/159/143 122/160/143
f 78/161/144 79/162/145 92/163/146 91/164/147
f 80/165/148 79/166/148 121/167/149 120/168/149
f 94/157/142 99/169/150 97/170/150 95/158/142
f 99/153/139 100/152/138 81/171/151 84/172/151
f 98/145/132 97/144/131 83/173/152 82/174/152
f 92/163/146 95/143/130 96/146/133 91/164/147
f 96/108/109 98/175/153 100/176/153 90/109/109
f 89/156/141 92/155/141 79/166/148 80/165/148
f 77/147/134 93/177/154 89/178/155 80/148/135
f 90/151/137 94/154/140 89/178/155 93/177/154
f 97/170/150 99/169/150 84/179/156 83/180/156
f 100/176/153 98/175/153 82/181/157 81/182/157
f 117/183/158 118/184/158 119/185/158 124/186/158
f 129/187/159 115/188/160 113/189/160 125/190/159
f 126/191/161 109/192/162 110/193/163 125/194/164
f 125/194/164 113/195/165 114/196/166 126/191/161
f 102/197/76 101/198/76 103/199/76 104/200/76
f 108/201/73 107/202/73 105/203/73 106/204/73
f 101/205/167 105/206/167 107/207/167 103/208/167
f 114/196/166 113/195/165 127/209/168 128/210/168
f 124/211/169 119/212/169 112/213/170 111/214/171
f 132/215/172 131/216/172 115/217/173 116/218/174
f 116/219/175 114/220/175 128/221/176 132/222/176
f 117/223/177 110/193/163 109/192/162 118/224/177
f 109/225/178 112/226/178 119/185/179 118/184/179
f 126/227/180 130/228/180 112/226/178 109/225/178
f 116/218/174 115/217/173 129/229/181 130/230/182
f 113/189/160 115/188/160 131/231/183 127/232/183
f 111/233/184 110/234/184 117/183/185 124/186/185
f 126/227/180 114/220/175 116/219/175 130/228/180
f 129/187/159 125/190/159 110/234/184 111/233/184
f 129/229/181 111/214/171 112/213/170 130/230/182
f 71/119/116 87/128/122 85/127/122 67/120/116
f 76/137/186 75/118/186 74/117/186 73/138/186
f 136/235/187 135/236/187 133/237/187 134/238/187
f 106/204/73 105/203/73 135/236/73 136/235/73
f 105/206/188 101/205/188 133/239/188 135/240/188
f 101/198/76 102/197/76 134/238/76 133/237/76
f 2/17/19 4/12/19 35/2/1 36/1/1
f 336/88/73 315/70/73 15/58/61 13/27/27
f 79/162/145 78/161/144 122/241/189 121/242/189
f 40/25/24 14/24/23 7/3/39 34/37/38
f 46/62/65 45/61/66 43/53/53 44/47/48
f 29/5/8 51/10/7 138/102/94 57/91/97
f 137/105/99 138/243/94 51/14/7
f 139/244/92 140/106/103 52/15/12
f 144/245/106 141/246/106 142/98/89 143/97/89
f 139/244/92 144/245/91 143/97/100 140/106/103
f 141/246/95 138/243/94 137/105/99 142/98/190
f 61/95/191 142/98/190 137/105/99 58/94/98
f 145/247/76 146/248/76 148/249/192 147/250/192
f 147/250/192 148/249/192 150/251/193 149/252/193
f 149/252/193 150/251/193 152/253/194 151/254/194
f 151/254/194 152/253/194 154/255/195 153/256/195
f 153/256/195 154/255/195 156/257/73 155/258/73
f 155/258/73 156/257/73 158/259/196 157/260/196
f 177/261/197 178/262/198 189/263/198 188/264/197
f 159/265/199 160/266/199 162/267/200 161/268/200
f 161/268/200 162/267/200 164/269/201 163/270/201
f 159/271/202 161/272/203 173/273/203 172/274/202
f 197/275/194 209/276/195 244/277/204 242/278/205
f 157/279/206 159/271/202 172/274/202 171/280/206
f 155/281/207 157/279/206 171/280/206 170/282/207
f 153/283/208 155/281/207 170/282/207 169/284/208
f 151/285/209 153/283/208 169/284/208 168/286/209
f 145/287/210 147/288/211 166/289/211 165/290/210
f 149/291/212 151/285/209 168/286/209 167/292/212
f 147/288/211 149/291/212 167/292/212 166/289/211
f 163/293/213 145/287/210 165/290/210 174/294/213
f 161/272/203 163/293/213 174/294/213 173/273/203
f 202/295/201 201/296/76 237/297/214 254/298/201
f 211/299/192 198/300/193 240/301/215 238/302/216
f 205/303/199 213/304/200 252/305/217 250/306/218
f 209/276/195 215/307/73 246/308/219 244/277/204
f 213/304/200 202/295/201 254/298/201 252/305/217
f 215/307/73 206/309/196 248/310/220 246/308/219
f 198/300/193 197/275/194 242/278/205 240/301/215
f 206/309/196 205/303/199 250/306/218 248/310/220
f 148/311/107 146/312/107 176/313/107 175/314/107
f 146/312/107 164/315/107 177/316/107 176/313/107
f 164/315/107 162/317/107 178/318/107 177/316/107
f 162/317/107 160/319/107 179/320/107 178/318/107
f 160/319/107 158/321/107 180/322/107 179/320/107
f 158/321/107 156/323/107 181/324/107 180/322/107
f 156/323/107 154/325/107 182/326/107 181/324/107
f 154/325/107 152/327/107 183/328/107 182/326/107
f 152/327/107 150/329/107 184/330/107 183/328/107
f 185/331/221 186/332/222 195/333/107
f 175/334/223 176/335/224 186/336/224 185/337/223
f 181/338/225 182/339/226 193/340/226 192/341/225
f 178/262/198 179/342/227 190/343/227 189/263/198
f 184/344/228 175/334/223 185/337/223 187/345/228
f 182/339/226 183/346/229 194/347/229 193/340/226
f 179/342/227 180/348/230 191/349/230 190/343/227
f 176/335/224 177/261/197 188/264/197 186/336/224
f 183/346/229 184/344/228 187/345/228 194/347/229
f 180/348/230 181/338/225 192/341/225 191/349/230
f 192/350/231 193/351/232 195/333/107
f 189/352/233 190/353/234 195/333/107
f 187/354/235 185/331/221 195/333/107
f 193/351/232 194/355/236 195/333/107
f 190/353/234 191/356/237 195/333/107
f 186/332/222 188/357/238 195/333/107
f 194/355/236 187/354/235 195/333/107
f 191/356/237 192/350/231 195/333/107
f 188/357/238 189/352/233 195/333/107
f 170/358/73 171/359/196 207/360/196 214/361/73
f 201/362/239 202/363/240 222/364/240 221/365/239
f 173/366/200 174/367/201 203/368/201 212/369/200
f 212/370/241 203/371/242 223/372/242 232/373/241
f 166/374/192 167/375/193 199/376/193 210/377/192
f 213/378/243 205/379/244 225/380/244 233/381/243
f 169/382/195 170/358/73 214/361/73 208/383/195
f 203/371/242 200/384/245 220/385/245 223/372/242
f 172/386/199 173/366/200 212/369/200 204/387/199
f 206/388/246 215/389/247 235/390/247 226/391/246
f 165/392/76 166/374/192 210/377/192 200/393/76
f 204/394/248 212/370/241 232/373/241 224/395/248
f 168/396/194 169/382/195 208/383/195 196/397/194
f 205/379/244 206/388/246 226/391/246 225/380/244
f 171/359/196 172/386/199 204/387/199 207/360/196
f 214/398/249 207/399/250 227/400/250 234/401/249
f 174/367/201 165/392/76 200/393/76 203/368/201
f 215/389/247 209/402/251 229/403/251 235/390/247
f 167/375/193 168/396/194 196/397/194 199/376/193
f 207/399/250 204/394/248 224/395/248 227/400/250
f 234/404/73 227/405/196 226/406/196 235/407/73
f 232/408/200 223/409/201 222/410/201 233/411/200
f 230/412/192 219/413/193 218/414/193 231/415/192
f 228/416/195 234/404/73 235/407/73 229/417/195
f 224/418/199 232/408/200 233/411/200 225/419/199
f 220/420/76 230/412/192 231/415/192 221/421/76
f 216/422/194 228/416/195 229/417/195 217/423/194
f 227/405/196 224/418/199 225/419/199 226/406/196
f 223/409/201 220/420/76 221/421/76 222/410/201
f 219/413/193 216/422/194 217/423/194 218/414/193
f 200/384/245 210/424/252 230/425/252 220/385/245
f 202/363/240 213/378/243 233/381/243 222/364/240
f 199/426/253 196/427/254 216/428/254 219/429/253
f 211/430/255 201/362/239 221/365/239 231/431/255
f 210/424/252 199/426/253 219/429/253 230/425/252
f 197/432/256 198/433/257 218/434/257 217/435/256
f 196/427/254 208/436/258 228/437/258 216/428/254
f 198/433/257 211/430/255 231/431/255 218/434/257
f 209/402/251 197/432/256 217/435/256 229/403/251
f 208/436/258 214/398/249 234/401/249 228/437/258
f 237/438/214 238/439/216 239/440/259 236/441/260
f 238/439/216 240/442/215 241/443/261 239/440/259
f 240/442/215 242/444/205 243/445/262 241/443/261
f 242/444/205 244/446/204 245/447/263 243/445/262
f 244/446/204 246/448/219 247/449/264 245/447/263
f 246/448/219 248/450/220 249/451/265 247/449/264
f 248/450/220 250/452/218 251/453/266 249/451/265
f 250/452/218 252/454/217 253/455/267 251/453/266
f 252/454/217 254/456/268 255/457/269 253/455/267
f 254/456/268 237/438/214 236/441/260 255/457/269
f 201/296/76 211/299/192 238/302/216 237/297/214
f 236/458/260 239/459/270 256/460/270
f 239/459/270 241/461/261 256/460/270
f 241/461/261 243/462/262 256/460/270
f 243/462/262 245/463/263 256/460/270
f 245/463/263 247/464/270 256/460/270
f 247/464/270 249/465/265 256/460/270
f 249/465/265 251/466/266 256/460/270
f 251/466/266 253/467/267 256/460/270
f 253/467/267 255/468/269 256/460/270
f 255/468/269 236/458/260 256/460/270
f 305/469/107 306/470/107 260/471/107 258/472/107
f 306/473/271 307/474/271 264/475/272 260/476/272
f 307/477/270 308/478/270 262/479/270 264/480/270
f 308/481/273 305/482/273 258/483/274 262/484/274
f 259/485/105 257/486/105 261/487/105 263/488/105
f 260/489/275 264/490/275 262/491/275 258/492/275
f 281/493/73 282/494/73 283/495/73 284/496/73
f 277/497/276 280/498/276 272/499/276 271/500/276
f 285/501/76 286/502/76 287/503/76 288/504/76
f 265/505/270 266/506/270 270/507/270 269/508/270
f 267/509/107 268/510/107 271/511/107 272/512/107
f 289/513/76 290/514/76 291/515/76 292/516/76
f 293/517/76 294/518/76 295/519/76 296/520/76
f 269/521/276 270/522/276 279/523/276 278/524/276
f 278/524/276 279/523/276 280/498/276 277/497/276
f 297/525/73 298/526/73 299/527/73 300/528/73
f 301/529/73 302/530/73 303/531/73 304/532/73
f 274/533/277 265/534/277 282/535/277 281/536/277
f 265/534/278 269/537/278 283/538/278 282/535/278
f 269/539/279 278/540/279 284/541/279 283/542/279
f 278/543/280 274/533/280 281/536/280 284/544/280
f 276/545/281 267/546/281 286/547/281 285/548/281
f 267/546/282 272/549/282 287/550/282 286/547/282
f 272/551/283 280/552/283 288/553/283 287/554/283
f 280/555/284 276/545/284 285/548/284 288/556/284
f 266/557/285 275/558/285 290/559/285 289/560/285
f 275/558/282 279/561/282 291/562/282 290/559/282
f 279/563/286 270/564/286 292/565/286 291/566/286
f 270/567/284 266/557/284 289/560/284 292/568/284
f 275/558/287 276/545/287 294/569/287 293/570/287
f 276/545/282 280/555/282 295/571/282 294/569/282
f 280/552/288 279/563/288 296/572/288 295/573/288
f 279/561/284 275/558/284 293/570/284 296/574/284
f 268/575/289 273/576/289 298/577/289 297/578/289
f 273/576/278 277/579/278 299/580/278 298/577/278
f 277/581/290 271/582/290 300/583/290 299/584/290
f 271/585/280 268/575/280 297/578/280 300/586/280
f 273/576/291 274/533/291 302/587/291 301/588/291
f 274/533/278 278/543/278 303/589/278 302/587/278
f 278/540/292 277/581/292 304/590/292 303/591/292
f 277/579/280 273/576/280 301/588/280 304/592/280
f 263/593/270 261/594/270 308/478/270 307/477/270
f 259/485/73 263/488/73 307/474/271 306/473/271
f 257/595/107 259/596/107 306/470/107 305/469/107
f 261/487/76 257/486/76 305/482/273 308/481/273
f 76/597/293 72/121/117 71/124/120 75/598/293
f 309/599/294 321/600/294 12/4/295 7/3/295
f 337/601/73 21/83/80 23/89/84 316/602/73
f 316/602/73 23/89/84 50/603/68 333/604/67
f 322/605/73 19/84/81 21/83/80 337/601/73
f 331/606/296 49/607/297 24/608/298 312/609/76
f 26/610/299 49/611/297 331/612/296 328/613/300
f 26/610/299 328/613/300 324/68/70 25/67/69
f 14/24/23 318/77/76 309/614/76 7/3/39
f 330/615/76 313/76/76 16/23/22 47/33/32
f 24/608/298 22/72/74 319/75/76 312/609/76
f 327/69/71 330/616/301 47/49/302 18/48/72
f 334/71/73 315/70/73 317/617/73 335/618/73
f 335/618/73 317/617/73 316/602/73 333/604/67
f 315/70/73 336/88/73 338/619/73 317/617/73
f 317/617/73 338/619/73 337/601/73 316/602/73
f 336/88/73 321/87/73 323/620/73 338/619/73
f 338/619/73 323/620/73 322/605/73 337/601/73
f 313/76/76 330/615/76 332/621/76 314/622/76
f 314/622/76 332/621/76 331/606/296 312/609/76
f 330/616/301 327/69/71 329/623/303 332/624/304
f 332/624/304 329/623/303 328/613/300 331/612/296
f 325/55/55 334/54/54 335/625/305 326/626/306
f 326/626/306 335/625/305 333/65/67 324/68/70
f 310/627/307 322/628/307 323/629/308 311/630/308
f 311/630/308 323/629/308 321/600/294 309/599/294
f 309/614/76 318/77/76 320/631/76 311/632/76
f 311/632/76 320/631/76 319/75/76 310/74/76
f 312/609/76 319/75/76 320/631/76 314/622/76
f 314/622/76 320/631/76 318/77/76 313/76/76
f 324/68/70 328/613/300 329/623/303 326/626/306
f 326/626/306 329/623/303 327/69/71 325/55/55
f 19/78/77 322/628/307 310/627/307 20/79/77
f 157/260/196 158/259/196 160/266/199 159/265/199
f 163/270/201 164/269/201 146/248/76 145/247/76
f 351/633/105 388/634/105 387/635/309 352/636/309
f 352/636/309 387/635/309 389/637/310 353/638/310
f 353/638/310 389/637/310 390/639/73 354/640/73
f 354/640/73 390/639/73 391/641/311 355/642/311
f 355/642/311 391/641/311 392/643/312 356/644/312
f 356/644/312 392/643/312 393/645/275 357/646/275
f 357/646/275 393/645/275 394/647/313 358/648/313
f 358/648/313 394/647/313 395/649/314 359/650/314
f 359/650/314 395/649/314 396/651/76 360/652/76
f 360/652/76 396/651/76 397/653/315 361/654/315
f 346/655/316 345/656/317 405/657/317 406/658/318
f 361/659/315 397/660/315 398/661/319 362/662/319
f 362/663/319 398/664/319 388/634/105 351/633/105
f 354/665/320 355/666/321 371/667/322 369/668/320
f 358/669/323 359/670/324 379/671/325 377/672/326
f 362/673/327 351/674/328 364/675/328 385/676/329
f 351/674/328 352/677/330 365/678/331 364/675/328
f 355/666/321 356/679/332 373/680/333 371/667/322
f 359/670/324 360/681/334 381/682/334 379/671/325
f 528/683/335 385/684/336 364/685/337 522/686/337
f 527/687/338 383/688/339 385/684/336 528/683/335
f 526/689/340 381/690/341 383/688/339 527/687/338
f 369/691/342 371/692/270 414/693/270 412/694/343
f 373/695/344 374/696/344 415/697/344 414/698/344
f 376/699/275 375/700/275 377/701/345 378/702/345
f 374/703/346 373/704/346 375/700/275 376/699/275
f 382/705/347 380/706/107 417/707/107 419/708/348
f 372/709/107 370/710/349 413/711/350 415/712/107
f 524/713/351 367/714/352 369/715/342 525/716/353
f 523/717/354 365/718/355 367/714/352 524/713/351
f 522/686/337 364/685/337 365/718/355 523/717/354
f 361/654/356 362/663/327 385/719/329 383/720/357
f 357/721/358 358/669/323 377/672/326 375/722/358
f 353/723/359 354/665/320 369/668/320 367/724/360
f 360/681/334 361/725/356 383/726/357 381/682/334
f 356/679/332 357/721/358 375/722/358 373/680/333
f 352/677/330 353/723/359 367/724/360 365/678/331
f 339/727/270 340/728/270 387/729/270 388/730/270
f 340/728/270 341/731/270 389/732/270 387/729/270
f 341/731/270 342/733/270 390/734/270 389/732/270
f 342/733/270 343/735/270 391/736/270 390/734/270
f 343/735/270 344/737/270 392/738/270 391/736/270
f 344/737/270 345/739/270 393/740/270 392/738/270
f 345/739/270 346/741/270 394/742/270 393/740/270
f 346/741/270 347/743/270 395/744/270 394/742/270
f 347/743/270 348/745/270 396/746/270 395/744/270
f 348/745/270 349/747/270 397/748/270 396/746/270
f 349/749/270 350/750/270 398/664/270 397/653/270
f 350/751/270 339/727/270 388/730/270 398/752/270
f 407/753/361 411/754/270 408/755/362
f 350/756/363 349/757/364 409/758/365 410/759/366
f 343/760/367 342/761/368 402/762/368 403/763/367
f 347/764/369 346/655/316 406/658/318 407/765/370
f 339/766/371 350/756/363 410/759/366 400/767/371
f 340/768/372 339/766/371 400/767/371 399/769/372
f 344/770/373 343/760/367 403/763/367 404/771/373
f 348/772/374 347/764/369 407/765/370 408/773/374
f 341/774/375 340/768/372 399/769/372 401/775/375
f 345/656/317 344/770/373 404/771/373 405/657/317
f 349/757/364 348/772/374 408/773/374 409/758/365
f 342/761/368 341/774/375 401/775/375 402/762/368
f 409/776/376 411/754/270 410/777/377
f 402/778/378 411/754/270 403/779/379
f 404/780/380 411/754/270 405/781/381
f 406/782/382 411/754/270 407/753/361
f 401/783/383 411/754/270 402/778/378
f 409/776/376 408/755/362 411/754/270
f 403/779/379 411/754/270 404/780/380
f 410/777/377 411/754/270 400/784/384
f 405/781/381 411/754/270 406/782/382
f 399/785/385 411/754/270 401/783/383
f 400/784/384 411/754/270 399/785/385
f 379/786/270 381/787/341 418/788/386 416/789/270
f 516/790/387 382/791/347 419/792/348 520/793/388
f 374/794/107 372/709/107 415/795/107
f 525/716/353 369/715/342 412/796/343 529/797/389
f 380/706/107 378/798/107 417/707/107
f 371/692/270 373/799/270 414/693/270
f 378/800/390 377/801/390 416/802/390 417/803/390
f 377/804/270 379/786/270 416/805/270
f 430/806/391 431/807/392 473/808/393 472/809/394
f 460/810/395 443/811/319 432/812/105 449/813/105
f 439/814/396 438/815/397 448/816/397 496/817/398
f 459/818/399 442/819/315 443/820/319 460/821/395
f 458/822/400 441/823/76 442/824/315 459/825/399
f 443/811/401 442/824/402 502/826/403 504/827/404
f 457/828/405 440/829/314 441/823/76 458/822/400
f 456/830/406 439/831/313 440/829/314 457/828/405
f 436/832/407 435/833/408 446/834/409 447/835/410
f 455/836/275 438/837/275 439/831/313 456/830/406
f 454/838/411 437/839/312 438/837/275 455/836/275
f 453/840/412 436/841/311 437/839/312 454/838/411
f 440/842/413 439/814/396 496/817/398 498/843/414
f 452/844/415 435/845/73 436/841/311 453/840/412
f 451/846/416 434/847/310 435/845/73 452/844/415
f 432/848/417 443/849/401 504/850/404 486/851/417
f 450/852/418 433/853/309 434/847/310 451/846/416
f 433/854/419 432/848/417 486/851/417 444/855/420
f 449/813/105 432/812/105 433/853/309 450/852/418
f 435/833/408 434/856/421 445/857/422 446/834/409
f 442/858/402 441/859/423 500/860/424 502/861/403
f 438/815/397 437/862/425 493/863/426 448/816/397
f 434/856/421 433/854/419 444/855/420 445/857/422
f 441/859/423 440/842/413 498/843/414 500/860/424
f 437/862/425 436/832/407 447/835/410 493/863/426
f 421/864/427 420/865/427 449/866/427 450/867/427
f 422/868/427 421/864/427 450/867/427 451/869/427
f 423/870/427 422/868/427 451/869/427 452/871/427
f 424/872/427 423/870/427 452/871/427 453/873/427
f 425/874/427 424/872/427 453/873/427 454/875/427
f 426/876/427 425/874/427 454/875/427 455/877/427
f 427/878/427 426/876/427 455/877/427 456/879/427
f 428/880/427 427/878/427 456/879/427 457/881/427
f 429/882/427 428/880/427 457/881/427 458/883/427
f 430/884/427 429/882/427 458/883/427 459/885/427
f 431/886/427 430/887/427 459/825/427 460/810/427
f 420/865/427 431/888/427 460/889/427 449/866/427
f 423/890/428 424/891/429 466/892/430 465/893/431
f 427/894/432 428/895/433 470/896/434 469/897/435
f 431/807/392 420/898/436 462/899/436 473/808/393
f 420/898/436 421/900/437 463/901/438 462/899/436
f 424/891/429 425/902/439 467/903/440 466/892/430
f 428/895/433 429/904/441 471/905/442 470/896/434
f 421/900/437 422/906/443 464/907/444 463/901/438
f 425/902/439 426/908/445 468/909/445 467/903/440
f 429/904/441 430/806/391 472/809/394 471/905/442
f 422/906/443 423/890/428 465/893/431 464/907/444
f 426/908/445 427/894/432 469/897/435 468/909/445
f 475/910/446 474/911/447 462/912/448 463/913/449
f 476/914/450 475/910/446 463/913/449 464/915/451
f 477/916/452 476/914/450 464/915/451 465/917/453
f 478/918/454 477/916/452 465/917/453 466/919/455
f 479/920/456 478/918/454 466/919/455 467/921/457
f 480/922/458 479/920/456 467/921/457 468/923/459
f 481/924/460 480/922/458 468/923/459 469/925/461
f 482/926/462 481/924/460 469/925/461 470/927/463
f 483/928/464 482/926/462 470/927/463 471/929/465
f 484/930/466 483/928/464 471/929/465 472/931/467
f 485/932/468 484/930/466 472/931/467 473/933/469
f 474/911/447 485/932/468 473/933/469 462/912/448
f 461/934/107 474/911/447 475/910/446
f 461/934/107 475/910/446 476/914/450
f 461/934/107 476/914/450 477/916/452
f 461/934/107 477/916/452 478/918/454
f 461/934/107 478/918/454 479/920/456
f 461/934/107 479/920/456 480/922/458
f 461/934/107 480/922/458 481/924/460
f 461/934/107 481/924/460 482/926/462
f 461/934/107 482/926/462 483/928/464
f 461/934/107 483/928/464 484/930/466
f 461/934/107 484/930/466 485/932/468
f 461/934/107 485/932/468 474/911/447
f 538/935/335 503/936/336 487/937/337 531/938/337
f 537/939/338 501/940/339 503/936/336 538/935/335
f 536/941/340 499/942/341 501/940/339 537/939/338
f 490/943/342 491/944/270 507/945/270 505/946/343
f 492/947/344 493/948/344 508/949/344 507/950/344
f 448/951/275 494/952/275 495/953/345 496/954/345
f 493/955/346 492/956/346 494/952/275 448/951/275
f 500/957/347 498/958/107 510/959/107 512/960/348
f 447/961/107 446/962/349 506/963/350 508/964/107
f 534/965/351 489/966/352 490/967/342 535/968/353
f 533/969/354 488/970/355 489/966/352 534/965/351
f 531/938/337 487/937/337 488/970/355 533/969/354
f 497/971/270 499/972/341 511/973/386 509/974/270
f 543/975/387 500/976/347 512/977/348 546/978/388
f 493/979/107 447/961/107 508/980/107
f 535/968/353 490/967/342 505/981/343 532/982/389
f 498/958/107 496/983/107 510/959/107
f 491/944/270 492/984/270 507/945/270
f 496/985/390 495/986/390 509/987/390 510/988/390
f 495/989/270 497/971/270 509/990/270
f 549/991/470 552/992/471 384/993/471 386/994/470
f 552/995/471 554/996/76 382/997/76 384/998/471
f 554/996/76 556/999/472 380/1000/472 382/997/76
f 556/999/472 558/1001/473 378/702/473 380/1000/472
f 558/1001/473 560/1002/275 376/699/275 378/702/473
f 560/1002/275 562/1003/474 374/703/474 376/699/275
f 562/1003/474 564/1004/475 372/1005/475 374/703/474
f 564/1004/475 566/1006/73 370/1007/73 372/1005/475
f 566/1006/73 568/1008/476 368/1009/476 370/1007/73
f 568/1008/476 570/1010/477 366/1011/477 368/1009/476
f 570/1010/477 572/1012/105 363/1013/105 366/1011/477
f 572/1012/105 549/1014/470 386/1015/470 363/1013/105
f 542/1016/478 535/1017/478 532/1018/479 548/1019/479
f 536/1020/480 543/1021/480 546/1022/481 539/1023/481
f 547/1024/105 531/1025/105 533/1026/482 540/1027/482
f 540/1027/482 533/1026/482 534/1028/483 541/1029/483
f 541/1029/483 534/1028/483 535/1017/478 542/1016/478
f 543/1021/480 536/1020/480 537/1030/484 544/1031/484
f 544/1031/484 537/1030/484 538/1032/485 545/1033/485
f 545/1033/485 538/1032/485 531/1025/105 547/1024/105
f 515/1034/478 525/1035/478 529/1036/479 519/1037/479
f 526/1038/480 516/1039/480 520/1040/481 530/1041/481
f 521/1042/105 522/1043/105 523/1044/482 513/1045/482
f 513/1045/482 523/1044/482 524/1046/483 514/1047/483
f 514/1047/483 524/1046/483 525/1035/478 515/1034/478
f 516/1039/480 526/1038/480 527/1048/484 517/1049/484
f 517/1049/484 527/1048/484 528/1050/485 518/1051/485
f 518/1051/485 528/1050/485 522/1043/105 521/1042/105
f 386/1052/486 518/1053/487 521/1054/488 363/1055/488
f 384/1056/489 517/1057/490 518/1053/487 386/1052/486
f 382/791/347 516/790/387 517/1057/490 384/1056/489
f 368/1058/491 514/1059/492 515/1060/493 370/1061/349
f 366/1062/494 513/1063/495 514/1059/492 368/1058/491
f 363/1055/488 521/1054/488 513/1063/495 366/1062/494
f 370/1061/349 515/1060/493 519/1064/496 413/1065/350
f 381/690/341 526/689/340 530/1066/497 418/1067/386
f 499/942/341 536/941/340 539/1068/497 511/1069/386
f 504/1070/486 545/1071/487 547/1072/488 486/1073/488
f 502/1074/489 544/1075/490 545/1071/487 504/1070/486
f 500/976/347 543/975/387 544/1075/490 502/1074/489
f 445/1076/491 541/1077/492 542/1078/493 446/1079/349
f 444/1080/494 540/1081/495 541/1077/492 445/1076/491
f 486/1073/488 547/1072/488 540/1081/495 444/1080/494
f 446/1079/349 542/1078/493 548/1082/496 506/1083/350
f 597/1084/105 598/1085/105 599/1086/498 600/1087/498
f 609/1088/499 607/1089/500 664/1090/500 665/1091/499
f 619/1092/501 617/1093/502 669/1094/502 670/1095/501
f 601/1096/503 597/1084/504 659/1097/504 661/1098/503
f 612/1099/505 614/1100/506 655/1101/506 654/1102/505
f 600/1087/507 604/1103/508 650/1104/508 648/1105/507
f 605/1106/509 603/1107/510 662/1108/510 663/1109/509
f 615/1110/511 613/1111/512 667/1112/512 668/1113/511
f 599/1086/513 598/1085/514 647/1114/514 660/1115/513
f 608/1116/515 610/1117/516 653/1118/516 652/1119/515
f 618/1120/517 620/1121/518 658/1122/518 657/1123/517
f 611/1124/519 609/1088/499 665/1091/499 666/1125/519
f 602/1126/520 619/1092/501 670/1095/501 649/1127/520
f 487/1128/105 503/1129/470 550/1130/470 571/1131/105
f 551/1132/521 553/1133/522 577/1134/522 575/1135/523
f 488/1136/477 487/1128/105 571/1131/105 569/1137/477
f 570/1138/524 568/1139/525 592/1140/526 594/1141/527
f 489/1142/476 488/1136/477 569/1137/477 567/1143/476
f 559/1144/528 561/1145/529 585/1146/530 583/1147/528
f 490/1148/73 489/1142/476 567/1143/476 565/1149/73
f 556/1150/531 554/1151/532 578/1152/532 580/1153/533
f 491/1154/475 490/1148/73 565/1149/73 563/1155/475
f 567/1156/534 569/1157/535 593/1158/536 591/1159/537
f 492/956/474 491/1154/475 563/1155/475 561/1160/474
f 564/1161/538 562/1162/539 586/1163/540 588/1164/541
f 494/952/275 492/956/474 561/1160/474 559/1165/275
f 553/1133/522 555/1166/542 579/1167/543 577/1134/522
f 495/953/473 494/952/275 559/1165/275 557/1168/473
f 572/1169/544 570/1138/524 594/1141/527 596/1170/544
f 497/1171/472 495/953/473 557/1168/473 555/1172/472
f 561/1145/529 563/1173/545 587/1174/546 585/1146/530
f 499/1175/76 497/1171/472 555/1172/472 553/1176/76
f 558/1177/547 556/1150/531 580/1153/533 582/1178/548
f 501/1179/471 499/1175/76 553/1176/76 551/1180/471
f 569/1157/535 571/1181/549 595/1182/549 593/1158/536
f 503/1183/470 501/1184/471 551/1185/471 550/1186/470
f 566/1187/550 564/1161/538 588/1164/541 590/1188/550
f 595/1189/105 574/1190/551 573/1191/551 596/1192/105
f 593/1193/552 595/1189/105 596/1192/105 594/1194/552
f 591/1195/553 593/1193/552 594/1194/552 592/1196/553
f 589/1197/73 591/1195/553 592/1196/553 590/1198/73
f 587/1199/554 589/1197/73 590/1198/73 588/1200/554
f 585/1201/555 587/1199/554 588/1200/554 586/1202/555
f 583/1203/275 585/1201/555 586/1202/555 584/1204/275
f 581/1205/556 583/1203/275 584/1204/275 582/1206/556
f 579/1207/557 581/1205/556 582/1206/556 580/1208/557
f 577/1209/76 579/1207/557 580/1208/557 578/1210/76
f 575/1211/558 577/1209/76 578/1210/76 576/1212/558
f 574/1213/551 575/1214/558 576/1215/558 573/1216/551
f 562/1162/539 560/1217/559 584/1218/559 586/1163/540
f 565/1219/560 567/1156/534 591/1159/537 589/1220/560
f 554/1151/532 552/1221/561 576/1222/562 578/1152/532
f 557/1223/563 559/1144/528 583/1147/528 581/1224/564
f 568/1139/525 566/1187/550 590/1188/550 592/1140/526
f 550/1130/565 551/1180/521 575/1211/523 574/1190/566
f 571/1181/549 550/1225/565 574/1226/566 595/1182/549
f 560/1217/559 558/1177/547 582/1178/548 584/1218/559
f 563/1173/545 565/1219/560 589/1220/560 587/1174/546
f 552/995/561 549/1014/567 573/1191/568 576/1212/562
f 549/1227/567 572/1169/544 596/1170/544 573/1228/568
f 555/1166/542 557/1223/563 581/1224/564 579/1167/543
f 604/1103/508 606/1229/569 651/1230/569 650/1104/508
f 600/1087/498 599/1086/498 603/1107/570 604/1103/570
f 614/1100/506 616/1231/571 656/1232/571 655/1101/506
f 620/1121/572 619/1092/572 602/1126/573 601/1096/573
f 597/1084/504 600/1087/507 648/1105/507 659/1097/504
f 618/1120/270 617/1093/270 619/1092/572 620/1121/572
f 607/1089/500 605/1106/509 663/1109/509 664/1090/500
f 616/1231/574 615/1110/574 617/1093/270 618/1120/270
f 617/1093/502 615/1110/511 668/1113/511 669/1094/502
f 614/1100/575 613/1111/575 615/1110/574 616/1231/574
f 610/1117/516 612/1099/505 654/1102/505 653/1118/516
f 612/1099/275 611/1124/275 613/1111/575 614/1100/575
f 620/1121/518 601/1096/503 661/1098/503 658/1122/518
f 610/1117/576 609/1088/576 611/1124/275 612/1099/275
f 598/1085/514 602/1126/520 649/1127/520 647/1114/514
f 608/1116/577 607/1089/577 609/1088/576 610/1117/576
f 613/1111/512 611/1124/519 666/1125/519 667/1112/512
f 606/1229/107 605/1106/107 607/1089/577 608/1116/577
f 603/1107/510 599/1086/513 660/1115/513 662/1108/510
f 604/1103/570 603/1107/570 605/1106/107 606/1229/107
f 606/1229/569 608/1116/515 652/1119/515 651/1230/569
f 601/1096/573 602/1126/573 598/1085/105 597/1084/105
f 616/1231/571 618/1120/517 657/1123/517 656/1232/571
f 649/1233/578 646/1234/578 624/1235/579 647/1236/579
f 662/1237/580 626/1238/580 628/1239/581 663/1240/581
f 663/1240/581 628/1239/581 630/1241/582 664/1242/582
f 664/1242/582 630/1241/582 632/1243/583 665/1244/583
f 665/1244/583 632/1243/583 635/1245/584 666/1246/584
f 666/1246/584 635/1245/584 638/1247/585 667/1248/585
f 667/1248/585 638/1247/585 640/1249/586 668/1250/586
f 668/1250/586 640/1249/586 642/1251/587 669/1252/587
f 669/1252/587 642/1251/587 644/1253/588 670/1254/588
f 670/1254/588 644/1253/588 646/1234/578 649/1233/578
f 660/1255/589 623/1256/589 626/1238/580 662/1237/580
f 647/1236/579 624/1235/579 623/1256/589 660/1255/589
f 621/1257/590 622/1258/591 671/1259/591 672/1260/590
f 623/1261/592 624/1262/593 673/1263/593 674/1264/592
f 622/1258/591 625/1265/594 675/1266/594 671/1259/591
f 626/1267/595 623/1261/592 674/1264/592 676/1268/595
f 625/1265/594 627/1269/596 677/1270/596 675/1266/594
f 628/1271/597 626/1267/595 676/1268/595 678/1272/597
f 627/1269/596 629/1273/598 679/1274/598 677/1270/596
f 630/1275/599 628/1271/597 678/1272/597 680/1276/599
f 629/1273/598 631/1277/600 681/1278/600 679/1274/598
f 632/1279/601 630/1275/599 680/1276/599 682/1280/601
f 631/1277/600 633/1281/602 683/1282/602 681/1278/600
f 635/1283/603 632/1279/601 682/1280/601 684/1284/603
f 633/1281/602 636/1285/604 685/1286/604 683/1282/602
f 638/1287/605 635/1283/603 684/1284/603 686/1288/605
f 636/1285/604 639/1289/606 687/1290/606 685/1286/604
f 640/1291/607 638/1287/605 686/1288/605 688/1292/607
f 639/1289/606 641/1293/608 689/1294/608 687/1290/606
f 642/1295/609 640/1291/607 688/1292/607 690/1296/609
f 641/1293/608 643/1297/610 691/1298/610 689/1294/608
f 644/1299/611 642/1295/609 690/1296/609 692/1300/611
f 643/1297/610 645/1301/612 693/1302/612 691/1298/610
f 646/1303/613 644/1299/611 692/1300/611 694/1304/613
f 645/1301/612 621/1257/590 672/1260/590 693/1302/612
f 624/1262/593 646/1303/613 694/1304/613 673/1263/593
f 621/1305/614 659/1306/614 648/1307/615 622/1308/615
f 622/1308/615 648/1307/615 650/1309/616 625/1310/616
f 643/1311/617 658/1312/617 661/1313/618 645/1314/618
f 641/1315/619 657/1316/619 658/1312/617 643/1311/617
f 639/1317/620 656/1318/620 657/1316/619 641/1315/619
f 636/1319/621 655/1320/621 656/1318/620 639/1317/620
f 633/1321/622 654/1322/622 655/1320/621 636/1319/621
f 631/1323/623 653/1324/623 654/1322/622 633/1321/622
f 629/1325/624 652/1326/624 653/1324/623 631/1323/623
f 627/1327/625 651/1328/625 652/1326/624 629/1325/624
f 625/1310/616 650/1309/616 651/1328/625 627/1327/625
f 645/1314/618 661/1313/618 659/1306/614 621/1305/614
f 637/1329/76 672/1330/76 671/1331/76
f 634/1332/73 674/1333/73 673/1334/73
f 637/1329/76 671/1331/76 675/1335/76
f 634/1332/73 676/1336/73 674/1333/73
f 637/1329/76 675/1335/76 677/1337/76
f 634/1332/73 678/1338/73 676/1336/73
f 637/1329/76 677/1337/76 679/1339/76
f 634/1332/73 680/1340/73 678/1338/73
f 637/1329/76 679/1339/76 681/1341/76
f 634/1332/73 682/1342/73 680/1340/73
f 637/1329/76 681/1341/76 683/1343/76
f 634/1332/73 684/1344/73 682/1342/73
f 637/1329/76 683/1343/76 685/1345/76
f 634/1332/73 686/1346/73 684/1344/73
f 637/1329/76 685/1345/76 687/1347/76
f 634/1332/73 688/1348/73 686/1346/73
f 637/1329/76 687/1347/76 689/1349/76
f 634/1332/73 690/1350/73 688/1348/73
f 637/1329/76 689/1349/76 691/1351/76
f 634/1332/73 692/1352/73 690/1350/73
f 637/1329/76 691/1351/76 693/1353/76
f 634/1332/73 694/1354/73 692/1352/73
f 637/1329/76 693/1353/76 672/1330/76
f 634/1332/73 673/1334/73 694/1354/73
f 697/1355/626 700/1356/626 699/1357/627 698/1358/627
f 698/1358/627 699/1357/627 702/1359/628 701/1360/628
f 701/1360/629 702/1359/629 704/1361/630 703/1362/630
f 703/1362/630 704/1361/630 706/1363/631 705/1364/631
f 705/1364/632 706/1363/632 708/1365/633 707/1366/633
f 707/1366/633 708/1365/633 710/1367/634 709/1368/634
f 709/1368/635 710/1367/635 712/1369/636 711/1370/636
f 711/1370/636 712/1369/636 700/1356/637 697/1355/637
f 695/1371/73 697/1372/73 698/1373/73
f 696/1374/76 699/1375/76 700/1376/76
f 695/1371/73 698/1373/73 701/1377/73
f 696/1374/76 702/1378/76 699/1375/76
f 695/1371/73 701/1377/73 703/1379/73
f 696/1374/76 704/1380/76 702/1378/76
f 695/1371/73 703/1379/73 705/1381/73
f 696/1374/76 706/1382/76 704/1380/76
f 695/1371/73 705/1381/73 707/1383/73
f 696/1374/76 708/1384/76 706/1382/76
f 695/1371/73 707/1383/73 709/1385/73
f 696/1374/76 710/1386/76 708/1384/76
f 695/1371/73 709/1385/73 711/1387/73
f 696/1374/76 712/1388/76 710/1386/76
f 695/1371/73 711/1387/73 697/1372/73
f 696/1374/76 700/1376/76 712/1388/76
f 714/1389/638 726/1390/638 725/1391/638 713/1392/638
f 715/1393/638 727/1394/638 726/1390/638 714/1389/638
f 716/1395/638 728/1396/638 727/1394/638 715/1393/638
f 717/1397/638 729/1398/638 728/1396/638 716/1395/638
f 718/1399/638 730/1400/638 729/1398/638 717/1397/638
f 719/1401/638 731/1402/638 730/1400/638 718/1399/638
f 720/1403/638 732/1404/638 731/1402/638 719/1401/638
f 721/1405/638 733/1406/638 732/1404/638 720/1403/638
f 722/1407/638 734/1408/638 733/1406/638 721/1405/638
f 723/1409/638 735/1410/638 734/1408/638 722/1407/638
f 724/1411/638 736/1412/638 735/1410/638 723/1409/638
f 713/1392/638 725/1391/638 736/1412/638 724/1411/638
f 719/1413/639 718/1414/640 744/1415/640 745/1416/639
f 737/1417/641 766/1418/641 768/1419/641
f 737/1417/641 760/1420/641 762/1421/641
f 737/1417/641 774/1422/641 751/1423/641
f 737/1417/641 768/1419/641 770/1424/641
f 737/1417/641 762/1421/641 764/1425/641
f 725/1391/642 726/1390/643 753/1426/643 752/1427/642
f 737/1417/641 756/1428/641 758/1429/641
f 737/1417/641 770/1424/641 772/1430/641
f 737/1417/641 764/1425/641 766/1418/641
f 737/1417/641 758/1429/641 760/1420/641
f 737/1417/641 772/1430/641 774/1422/641
f 716/1431/644 715/1432/645 741/1433/645 742/1434/644
f 723/1435/646 722/1436/647 748/1437/647 749/1438/646
f 720/1439/648 719/1413/639 745/1416/639 746/1440/648
f 717/1441/649 716/1431/644 742/1434/644 743/1442/649
f 724/1443/650 723/1435/646 749/1438/646 750/1444/650
f 714/1445/651 713/1446/652 739/1447/652 740/1448/651
f 721/1449/653 720/1439/648 746/1440/648 747/1450/653
f 718/1414/640 717/1441/649 743/1442/649 744/1415/640
f 713/1446/652 724/1443/650 750/1444/650 739/1447/652
f 715/1432/645 714/1445/651 740/1448/651 741/1433/645
f 722/1436/647 721/1449/653 747/1450/653 748/1437/647
f 736/1412/654 725/1391/642 752/1427/642 773/1451/654
f 726/1390/643 727/1394/655 755/1452/655 753/1426/643
f 727/1394/655 728/1396/73 757/1453/73 755/1452/655
f 728/1396/73 729/1398/656 759/1454/656 757/1453/73
f 729/1398/656 730/1400/657 761/1455/657 759/1454/656
f 730/1400/657 731/1402/658 763/1456/658 761/1455/657
f 731/1402/658 732/1404/659 765/1457/659 763/1456/658
f 732/1404/659 733/1406/660 767/1458/660 765/1457/659
f 733/1406/660 734/1408/76 769/1459/76 767/1458/660
f 734/1408/76 735/1410/661 771/1460/661 769/1459/76
f 735/1410/661 736/1412/654 773/1451/654 771/1460/661
f 737/1417/641 754/1461/641 756/1428/641
f 738/1462/638 740/1463/638 739/1464/638
f 738/1462/638 741/1465/638 740/1463/638
f 738/1462/638 742/1466/638 741/1465/638
f 738/1462/638 743/1467/638 742/1466/638
f 738/1462/638 744/1468/638 743/1467/638
f 738/1462/638 745/1469/638 744/1468/638
f 738/1462/638 746/1470/638 745/1469/638
f 738/1462/638 747/1471/638 746/1470/638
f 738/1462/638 748/1472/638 747/1471/638
f 738/1462/638 749/1473/638 748/1472/638
f 738/1462/638 750/1474/638 749/1473/638
f 738/1462/638 739/1464/638 750/1474/638
f 752/1475/662 753/1476/663 754/1477/663 751/1478/662
f 753/1476/663 755/1479/664 756/1480/664 754/1477/663
f 755/1479/664 757/1481/665 758/1482/665 756/1480/664
f 757/1481/665 759/1483/666 760/1484/666 758/1482/665
f 759/1483/666 761/1485/667 762/1486/667 760/1484/666
f 761/1485/667 763/1487/668 764/1488/668 762/1486/667
f 763/1487/668 765/1489/669 766/1490/669 764/1488/668
f 765/1489/669 767/1491/670 768/1492/670 766/1490/669
f 767/1491/670 769/1493/671 770/1494/671 768/1492/670
f 769/1493/671 771/1495/672 772/1496/672 770/1494/671
f 771/1495/672 773/1497/673 774/1498/673 772/1496/672
f 773/1497/673 752/1475/662 751/1478/662 774/1498/673
f 737/1417/641 751/1423/641 754/1461/641
f 150/329/107 148/311/107 175/314/107 184/330/107
f 775/1499/275 777/1500/275 778/1501/275 776/1502/275
f 778/1501/76 777/1500/76 780/1503/76
f 775/1499/73 776/1502/73 779/1504/73
f 776/1502/107 778/1501/107 780/1503/107 779/1504/107
f 777/1505/674 775/1506/674 779/1507/674 780/1508/674
f 793/1509/76 783/1510/76 784/1511/76 796/1512/76
f 797/1513/675 794/1514/675 806/1515/675 803/1516/675
f 799/1517/676 798/1518/676 804/1519/676 801/1520/676
f 800/1521/105 795/1522/105 786/1523/105 790/1524/105
f 782/1525/270 789/1526/270 791/1527/270 785/1528/270
f 788/1529/73 798/1518/73 799/1517/73 792/1530/73
f 814/1531/107 817/1532/107 819/1533/107 810/1534/107
f 801/1520/677 804/1519/677 812/1535/677 809/1536/677
f 795/1522/678 800/1521/678 802/1537/678 807/1538/678
f 793/1509/679 796/1512/679 808/1539/679 805/1540/679
f 805/1540/680 808/1539/680 820/1541/680 816/1542/680
f 803/1516/275 806/1515/275 815/1543/275 813/1544/275
f 807/1538/105 802/1537/105 811/1545/105 818/1546/105
f 781/1547/681 782/1548/682 783/1549/683
f 784/1550/684 785/1551/685 786/1552/686
f 787/1553/687 788/1554/688 789/1555/689
f 790/1556/690 791/1557/691 792/1558/692
f 809/1559/693 810/1560/694 811/1561/695
f 812/1562/696 813/1563/697 814/1564/698
f 815/1565/699 816/1566/700 817/1567/701
f 818/1568/702 819/1569/703 820/1570/704
f 789/1555/689 782/1548/682 781/1547/681 787/1553/687
f 782/1548/682 785/1551/685 784/1550/684 783/1549/683
f 785/1551/685 791/1557/691 790/1556/690 786/1552/686
f 791/1557/691 789/1555/689 788/1554/688 792/1558/692
f 798/1571/705 788/1554/688 787/1553/687 797/1572/706
f 792/1558/692 799/1573/707 800/1574/708 790/1556/690
f 783/1549/683 793/1575/709 794/1576/710 781/1547/681
f 796/1577/711 784/1550/684 786/1552/686 795/1578/712
f 799/1573/707 801/1579/713 802/1580/714 800/1574/708
f 808/1581/715 796/1577/711 795/1578/712 807/1582/716
f 797/1572/706 803/1583/717 804/1584/718 798/1571/705
f 806/1585/719 794/1576/710 793/1575/709 805/1586/720
f 809/1559/693 812/1562/696 814/1564/698 810/1560/694
f 817/1567/701 814/1564/698 813/1563/697 815/1565/699
f 810/1560/694 819/1569/703 818/1568/702 811/1561/695
f 819/1569/703 817/1567/701 816/1566/700 820/1570/704
f 807/1582/716 818/1568/702 820/1570/704 808/1581/715
f 815/1565/699 806/1585/719 805/1586/720 816/1566/700
f 812/1562/696 804/1584/718 803/1583/717 813/1563/697
f 801/1579/713 809/1559/693 811/1561/695 802/1580/714
f 787/1587/275 781/1588/275 794/1514/275 797/1513/275
f 822/1589/721 826/1590/722 848/1591/723 857/1592/724
f 842/1593/725 843/1594/726 855/1595/727 854/1596/728
f 856/1597/729 822/1598/730 821/1599/731 855/1595/732
f 836/1600/733 833/1601/734 851/1602/735 850/1603/736
f 827/1604/737 825/1605/738 850/1603/739 851/1602/740
f 823/1606/741 821/1607/742 858/1608/743 859/1609/744
f 841/1610/573 834/1611/573 829/1612/573 838/1613/573
f 834/1614/745 841/1615/746 853/1616/747 852/1617/748
f 844/1618/749 835/1619/750 849/1620/751 856/1597/752
f 840/1621/753 837/1622/754 859/1623/755 858/1624/756
f 828/1625/757 824/1626/758 860/1627/759 845/1628/760
f 843/1629/761 842/1630/762 837/1631/762 840/1632/761
f 832/1633/763 839/1634/764 857/1635/765 848/1636/766
f 835/1637/576 844/1638/576 839/1639/576 832/1640/576
f 838/1641/767 829/1642/768 845/1643/769 860/1644/770
f 830/1645/771 831/1646/772 847/1647/773 846/1648/774
f 828/1625/757 845/1628/760 846/1649/775 827/1650/776
f 826/1651/777 849/1620/778 850/1603/739 825/1605/738
f 824/1652/779 853/1616/780 854/1596/781 823/1653/782
f 822/1589/721 857/1592/724 858/1608/743 821/1607/742
f 845/1643/769 829/1642/768 830/1645/771 846/1648/774
f 832/1633/763 848/1636/766 847/1647/773 831/1646/772
f 849/1620/751 835/1619/750 836/1600/733 850/1603/736
f 834/1614/745 852/1617/748 851/1602/735 833/1601/734
f 842/1593/725 854/1596/728 853/1616/747 841/1615/746
f 855/1595/727 843/1594/726 844/1618/749 856/1597/752
f 857/1635/765 839/1634/764 840/1621/753 858/1624/756
f 838/1641/767 860/1644/770 859/1623/755 837/1622/754
f 831/1654/783 836/1655/783 835/1637/784 832/1640/784
f 843/1629/761 840/1632/761 839/1639/785 844/1638/785
f 841/1610/786 838/1613/786 837/1631/762 842/1630/762
f 833/1656/787 830/1657/787 829/1612/788 834/1611/788
f 833/1656/787 836/1655/783 831/1654/783 830/1657/787
f 860/1627/759 824/1626/758 823/1606/741 859/1609/744
f 848/1591/723 826/1590/722 825/1658/789 847/1659/790
f 852/1617/791 828/1660/792 827/1604/737 851/1602/740
f 852/1617/791 853/1616/780 824/1652/779 828/1660/792
f 854/1596/781 855/1595/732 821/1599/731 823/1653/782
f 846/1649/775 847/1659/790 825/1658/789 827/1650/776
f 856/1597/729 849/1620/778 826/1651/777 822/1598/730
f 1363/1661/793 1366/1662/793 1365/1663/794 1364/1664/794
f 1364/1664/794 1365/1663/794 1368/1665/795 1367/1666/795
f 1367/1666/796 1368/1665/796 1370/1667/797 1369/1668/797
f 1369/1668/797 1370/1667/797 1372/1669/498 1371/1670/498
f 1371/1670/498 1372/1669/498 1374/1671/798 1373/1672/798
f 1373/1672/798 1374/1671/798 1376/1673/799 1375/1674/799
f 1375/1674/800 1376/1673/800 1378/1675/801 1377/1676/801
f 1377/1676/801 1378/1675/801 1366/1662/802 1363/1661/802
f 863/1677/498 865/1678/803 866/1679/803 864/1680/498
f 865/1678/804 867/1681/805 868/1682/805 866/1679/804
f 867/1681/805 869/1683/806 870/1684/806 868/1682/805
f 869/1683/807 871/1685/575 872/1686/575 870/1684/807
f 871/1685/575 873/1687/808 874/1688/808 872/1686/575
f 873/1687/809 875/1689/810 876/1690/810 874/1688/809
f 868/1691/811 870/1692/812 882/1693/812 881/1694/811
f 875/1689/810 877/1695/813 878/1696/813 876/1690/810
f 877/1695/814 863/1677/498 864/1680/498 878/1696/814
f 863/1677/815 877/1695/815 875/1689/815 873/1687/815 871/1685/815 869/1683/815 867/1681/815 865/1678/815
f 874/1697/816 876/1698/817 885/1699/817 884/1700/816
f 870/1692/812 872/1701/818 883/1702/818 882/1693/812
f 876/1698/817 878/1703/819 886/1704/819 885/1699/817
f 866/1705/820 868/1691/811 881/1694/811 879/1706/820
f 872/1701/818 874/1697/816 884/1700/816 883/1702/818
f 878/1703/819 864/1707/821 880/1708/821 886/1704/819
f 864/1707/821 866/1705/820 879/1706/820 880/1708/821
f 879/1709/804 881/1710/805 890/1711/822 887/1712/823
f 884/1713/809 885/1714/810 894/1715/824 893/1716/825
f 882/1717/807 883/1718/575 892/1719/826 891/1720/807
f 881/1710/805 882/1717/806 891/1720/806 890/1711/822
f 885/1714/810 886/1721/813 895/1722/827 894/1715/824
f 883/1718/575 884/1713/808 893/1716/825 892/1719/826
f 886/1721/814 880/1723/498 889/1724/828 895/1722/814
f 896/1725/829 897/1726/830 889/1727/828 887/1728/823
f 898/1729/831 896/1725/829 887/1728/823 890/1730/822
f 899/1731/832 898/1729/831 890/1730/822 891/1732/833
f 900/1733/834 899/1731/832 891/1732/833 892/1734/826
f 901/1735/835 900/1733/834 892/1734/826 893/1736/825
f 902/1737/836 901/1735/835 893/1736/825 894/1738/824
f 903/1739/837 902/1737/836 894/1738/824 895/1740/827
f 897/1726/830 903/1739/837 895/1740/827 889/1727/828
f 880/1723/498 879/1709/803 887/1712/823 889/1724/828
f 888/1741/838 897/1726/838 896/1725/838
f 888/1741/838 896/1725/838 898/1729/831
f 888/1741/838 898/1729/831 899/1731/832
f 888/1741/838 899/1731/832 900/1733/834
f 888/1741/838 900/1733/834 901/1735/838
f 888/1741/838 901/1735/838 902/1737/838
f 888/1741/838 902/1737/838 903/1739/838
f 888/1741/838 903/1739/838 897/1726/838
f 904/1742/575 906/1743/839 907/1744/839 905/1745/575
f 906/1743/840 908/1746/841 909/1747/841 907/1744/840
f 908/1746/841 910/1748/842 911/1749/842 909/1747/841
f 910/1748/843 912/1750/498 913/1751/498 911/1749/843
f 912/1750/498 914/1752/844 915/1753/844 913/1751/498
f 914/1752/845 916/1754/846 917/1755/846 915/1753/845
f 909/1756/847 911/1757/848 923/1758/848 922/1759/847
f 916/1754/846 918/1760/849 919/1761/849 917/1755/846
f 918/1760/850 904/1742/575 905/1745/575 919/1761/850
f 904/1742/851 918/1760/851 916/1754/851 914/1752/851 912/1750/851 910/1748/851 908/1746/851 906/1743/851
f 915/1762/852 917/1763/853 926/1764/853 925/1765/852
f 911/1757/848 913/1766/854 924/1767/854 923/1758/848
f 917/1763/853 919/1768/855 927/1769/855 926/1764/853
f 907/1770/856 909/1756/847 922/1759/847 920/1771/856
f 913/1766/854 915/1762/852 925/1765/852 924/1767/854
f 919/1768/855 905/1772/857 921/1773/857 927/1769/855
f 905/1772/857 907/1770/856 920/1771/856 921/1773/857
f 920/1774/840 922/1775/841 931/1776/858 928/1777/840
f 925/1778/845 926/1779/846 935/1780/859 934/1781/845
f 923/1782/843 924/1783/498 933/1784/860 932/1785/861
f 922/1775/841 923/1782/842 932/1785/861 931/1776/858
f 926/1779/846 927/1786/862 936/1787/863 935/1780/859
f 924/1783/498 925/1778/844 934/1781/844 933/1784/860
f 927/1786/850 921/1788/575 930/1789/864 936/1787/863
f 937/1790/865 938/1791/866 930/1792/864 928/1793/867
f 939/1794/868 937/1790/865 928/1793/867 931/1795/858
f 940/1796/869 939/1794/868 931/1795/858 932/1797/861
f 941/1798/870 940/1796/869 932/1797/861 933/1799/860
f 942/1800/871 941/1798/870 933/1799/860 934/1801/872
f 943/1802/873 942/1800/871 934/1801/872 935/1803/859
f 944/1804/874 943/1802/873 935/1803/859 936/1805/863
f 938/1791/866 944/1804/874 936/1805/863 930/1792/864
f 921/1788/575 920/1774/839 928/1777/867 930/1789/864
f 929/1806/875 938/1791/875 937/1790/865
f 929/1806/875 937/1790/865 939/1794/868
f 929/1806/875 939/1794/868 940/1796/875
f 929/1806/875 940/1796/875 941/1798/875
f 929/1806/875 941/1798/875 942/1800/871
f 929/1806/875 942/1800/871 943/1802/873
f 929/1806/875 943/1802/873 944/1804/875
f 929/1806/875 944/1804/875 938/1791/875
f 947/1807/202 946/1808/203 963/1809/203 962/1810/202
f 948/1811/196 1013/1812/196 1011/1813/199 947/1814/199
f 967/1815/876 968/1816/877 979/1817/877 978/1818/878
f 1015/1819/107 1018/1820/107 972/1821/107 971/1822/107
f 1018/1820/107 1020/1823/107 973/1824/107 972/1821/107
f 1020/1823/107 1021/1825/107 974/1826/107 973/1824/107
f 1024/1827/107 1025/1828/107 966/1829/107 965/1830/107
f 1021/1825/107 1024/1827/107 965/1830/107 974/1826/107
f 1009/1831/107 1012/1832/107 969/1833/107 968/1834/107
f 948/1835/206 947/1807/202 962/1810/202 961/1836/206
f 949/1837/207 948/1835/206 961/1836/206 960/1838/207
f 950/1839/208 949/1837/207 960/1838/207 959/1840/208
f 951/1841/209 950/1839/208 959/1840/208 958/1842/209
f 954/1843/210 953/1844/211 956/1845/211 955/1846/210
f 952/1847/212 951/1841/209 958/1842/209 957/1848/212
f 953/1844/211 952/1847/212 957/1848/212 956/1845/211
f 945/1849/213 954/1843/210 955/1846/210 964/1850/213
f 946/1808/203 945/1849/213 964/1850/213 963/1809/203
f 954/1851/76 1026/1852/76 1023/1853/192 953/1854/192
f 946/1855/200 1010/1856/200 1007/1857/201 945/1858/201
f 1025/1828/107 1008/1859/107 967/1860/107 966/1829/107
f 947/1814/199 1011/1861/199 1010/1862/200 946/1855/200
f 1014/1863/107 1015/1819/107 971/1822/107 970/1864/107
f 949/1865/73 1016/1866/73 1013/1812/196 948/1811/196
f 950/1867/195 1017/1868/195 1016/1866/73 949/1865/73
f 951/1869/194 1019/1870/194 1017/1868/195 950/1867/195
f 952/1871/193 1022/1872/193 1019/1870/194 951/1869/194
f 975/1873/879 976/1874/880 985/1875/107
f 965/1876/881 966/1877/882 976/1878/882 975/1879/883
f 971/1880/884 972/1881/885 983/1882/885 982/1883/884
f 968/1816/877 969/1884/886 980/1885/886 979/1817/877
f 974/1886/887 965/1876/881 975/1879/883 977/1887/888
f 972/1881/885 973/1888/889 984/1889/889 983/1882/885
f 969/1884/886 970/1890/890 981/1891/890 980/1885/886
f 966/1877/882 967/1815/876 978/1818/878 976/1878/882
f 973/1888/889 974/1886/887 977/1887/888 984/1889/889
f 970/1890/890 971/1880/884 982/1883/884 981/1891/890
f 982/1892/891 983/1893/892 985/1875/107
f 979/1894/893 980/1895/894 985/1875/107
f 977/1896/895 975/1873/879 985/1875/107
f 983/1893/892 984/1897/896 985/1875/107
f 980/1895/894 981/1898/897 985/1875/107
f 976/1874/880 978/1899/898 985/1875/107
f 984/1897/896 977/1896/895 985/1875/107
f 981/1898/897 982/1892/891 985/1875/107
f 978/1899/898 979/1894/893 985/1875/107
f 961/1900/196 998/1901/220 996/1902/219 960/1903/73
f 964/1904/201 1004/1905/201 1002/1906/200 963/1907/200
f 957/1908/193 990/1909/193 988/1910/192 956/1911/192
f 960/1903/73 996/1902/219 994/1912/204 959/1913/195
f 963/1907/200 1002/1906/200 1000/1914/218 962/1915/199
f 956/1911/192 988/1910/192 987/1916/76 955/1917/76
f 959/1913/195 994/1912/204 992/1918/194 958/1919/194
f 962/1915/199 1000/1914/218 998/1901/220 961/1900/196
f 955/1917/76 987/1916/76 1004/1905/201 964/1904/201
f 958/1919/194 992/1918/194 990/1909/193 957/1908/193
f 987/1920/899 988/1921/259 989/1922/900 986/1923/901
f 988/1921/259 990/1924/902 991/1925/261 989/1922/900
f 990/1924/902 992/1926/903 993/1927/262 991/1925/261
f 992/1926/903 994/1928/204 995/1929/263 993/1927/262
f 994/1928/204 996/1930/219 997/1931/264 995/1929/263
f 996/1930/219 998/1932/220 999/1933/904 997/1931/264
f 998/1932/220 1000/1934/218 1001/1935/266 999/1933/904
f 1000/1934/218 1002/1936/905 1003/1937/267 1001/1935/266
f 1002/1936/905 1004/1938/268 1005/1939/269 1003/1937/267
f 1004/1938/268 987/1920/899 986/1923/901 1005/1939/269
f 986/1940/901 989/1941/900 1006/1942/270
f 989/1941/900 991/1943/261 1006/1942/270
f 991/1943/261 993/1944/262 1006/1942/270
f 993/1944/262 995/1945/263 1006/1942/270
f 995/1945/263 997/1946/270 1006/1942/270
f 997/1946/270 999/1947/270 1006/1942/270
f 999/1947/270 1001/1948/266 1006/1942/270
f 1001/1948/266 1003/1949/267 1006/1942/270
f 1003/1949/267 1005/1950/269 1006/1942/270
f 1005/1950/269 986/1940/901 1006/1942/270
f 1012/1832/107 1014/1863/107 970/1864/107 969/1833/107
f 1008/1859/107 1009/1831/107 968/1834/107 967/1860/107
f 953/1854/192 1023/1853/192 1022/1872/193 952/1871/193
f 1026/1951/906 1007/1952/907 1008/1859/907 1025/1828/906
f 1010/1862/908 1011/1861/909 1012/1832/909 1009/1831/908
f 1011/1953/909 1013/1954/910 1014/1863/910 1012/1832/909
f 1016/1955/911 1017/1956/912 1018/1820/912 1015/1819/911
f 1017/1956/912 1019/1957/913 1020/1823/913 1018/1820/912
f 1022/1958/914 1023/1959/915 1024/1827/915 1021/1825/914
f 1023/1959/915 1026/1951/906 1025/1828/906 1024/1827/915
f 1007/1952/907 1010/1960/908 1009/1831/908 1008/1859/907
f 1013/1954/910 1016/1955/911 1015/1819/911 1014/1863/910
f 1019/1957/913 1022/1958/914 1021/1825/914 1020/1823/913
f 945/1858/201 1007/1857/201 1026/1852/76 954/1851/76
f 1039/1961/916 1034/1962/917 1030/1963/918
f 1029/1964/919 1033/1965/920 1032/1966/921 1028/1967/922
f 1027/1968/923 1061/1969/924 1067/1970/925 1056/1971/926
f 1030/1963/918 1034/1962/917 1033/1965/920 1029/1964/919
f 1028/1972/922 1032/1973/921 1031/1974/927 1027/1975/923
f 1039/1961/916 1038/1976/928 1034/1962/917
f 1033/1965/920 1037/1977/929 1036/1978/930 1032/1966/921
f 1044/1979/931 1064/1980/932 1063/1981/933 1040/1982/934
f 1034/1962/917 1038/1976/928 1037/1977/929 1033/1965/920
f 1032/1973/921 1036/1983/930 1035/1984/935 1031/1974/927
f 1039/1961/916 1043/1985/936 1038/1976/928
f 1037/1977/929 1042/1986/937 1041/1987/938 1036/1978/930
f 1031/1988/927 1060/1989/939 1061/1969/940 1027/1968/923
f 1038/1976/928 1043/1985/936 1042/1986/937 1037/1977/929
f 1036/1983/930 1041/1990/938 1040/1991/934 1035/1984/935
f 1039/1961/916 1047/1992/941 1043/1985/936
f 1042/1986/937 1046/1993/942 1045/1994/943 1041/1987/938
f 1056/1971/926 1067/1970/925 1066/1995/944 1052/1996/945
f 1043/1985/936 1047/1992/941 1046/1993/942 1042/1986/937
f 1041/1990/938 1045/1997/943 1044/1998/931 1040/1991/934
f 1039/1961/916 1051/1999/946 1047/1992/941
f 1046/1993/942 1050/2000/947 1049/2001/948 1045/1994/943
f 1040/1982/934 1063/1981/933 1062/2002/949 1035/2003/935
f 1047/1992/941 1051/1999/946 1050/2000/947 1046/1993/942
f 1045/1997/943 1049/2004/948 1048/2005/950 1044/1998/931
f 1039/1961/916 1055/2006/951 1051/1999/946
f 1050/2000/947 1054/2007/952 1053/2008/953 1049/2001/948
f 1052/1996/945 1066/1995/954 1065/2009/955 1048/2010/950
f 1051/1999/946 1055/2006/951 1054/2007/952 1050/2000/947
f 1049/2004/948 1053/2011/953 1052/2012/945 1048/2005/950
f 1039/1961/916 1059/2013/956 1055/2006/951
f 1054/2007/952 1058/2014/957 1057/2015/958 1053/2008/953
f 1035/2003/935 1062/2002/959 1060/1989/939 1031/1988/927
f 1055/2006/951 1059/2013/956 1058/2014/957 1054/2007/952
f 1053/2011/953 1057/2016/958 1056/2017/926 1052/2012/945
f 1039/1961/916 1030/1963/918 1059/2013/956
f 1058/2014/957 1029/1964/919 1028/1967/922 1057/2015/958
f 1048/2010/950 1065/2009/955 1064/1980/960 1044/1979/931
f 1059/2013/956 1030/1963/918 1029/1964/919 1058/2014/957
f 1057/2016/958 1028/1972/922 1027/1975/923 1056/2017/926
f 1070/2018/961 1068/2019/962 1103/2020/962 1104/2021/961
f 1075/2022/963 1076/2023/964 1099/2024/964 1098/2025/963
f 1069/2026/965 1071/2027/966 1094/2028/966 1093/2029/965
f 1073/2030/967 1074/2031/968 1097/2032/968 1096/2033/967
f 1078/2034/969 1079/2035/970 1102/2036/970 1101/2037/969
f 1071/2027/966 1072/2038/971 1095/2039/971 1094/2028/966
f 1076/2023/964 1077/2040/972 1100/2041/972 1099/2024/964
f 1068/2019/962 1069/2026/965 1093/2029/965 1103/2020/962
f 1074/2031/968 1075/2022/963 1098/2025/963 1097/2032/968
f 1079/2035/970 1070/2018/961 1104/2021/961 1102/2036/970
f 1072/2038/971 1073/2030/967 1096/2033/967 1095/2039/971
f 1077/2040/972 1078/2034/969 1101/2037/969 1100/2041/972
f 1080/2042/973 1081/2043/974 1105/2044/974 1106/2045/973
f 1081/2043/974 1082/2046/975 1107/2047/975 1105/2044/974
f 1082/2046/975 1083/2048/976 1108/2049/976 1107/2047/975
f 1083/2048/976 1084/2050/977 1109/2051/977 1108/2049/976
f 1084/2050/977 1085/2052/978 1110/2053/978 1109/2051/977
f 1085/2052/978 1086/2054/979 1111/2055/979 1110/2053/978
f 1086/2054/979 1087/2056/980 1112/2057/980 1111/2055/979
f 1087/2056/980 1089/2058/981 1113/2059/981 1112/2057/980
f 1089/2058/981 1090/2060/982 1114/2061/982 1113/2059/981
f 1090/2060/982 1091/2062/983 1115/2063/983 1114/2061/982
f 1091/2062/983 1092/2064/984 1116/2065/984 1115/2063/983
f 1092/2064/984 1080/2042/973 1106/2045/973 1116/2065/984
f 1080/2066/985 1103/2067/985 1093/2068/986 1081/2069/986
f 1081/2069/986 1093/2068/986 1094/2070/987 1082/2071/987
f 1091/2072/988 1102/2073/988 1104/2074/989 1092/2075/989
f 1090/2076/990 1101/2077/990 1102/2073/988 1091/2072/988
f 1089/2078/991 1100/2079/991 1101/2077/990 1090/2076/990
f 1087/2080/992 1099/2081/992 1100/2079/991 1089/2078/991
f 1086/2082/993 1098/2083/993 1099/2081/992 1087/2080/992
f 1085/2084/994 1097/2085/994 1098/2083/993 1086/2082/993
f 1084/2086/995 1096/2087/995 1097/2085/994 1085/2084/994
f 1083/2088/996 1095/2089/996 1096/2087/995 1084/2086/995
f 1082/2071/987 1094/2070/987 1095/2089/996 1083/2088/996
f 1092/2075/989 1104/2074/989 1103/2067/985 1080/2066/985
f 1088/2090/105 1106/2091/105 1105/2092/105
f 1088/2090/105 1105/2092/105 1107/2093/105
f 1088/2090/105 1107/2093/105 1108/2094/105
f 1088/2090/105 1108/2094/105 1109/2095/105
f 1088/2090/105 1109/2095/105 1110/2096/105
f 1088/2090/105 1110/2096/105 1111/2097/105
f 1088/2090/105 1111/2097/105 1112/2098/105
f 1088/2090/105 1112/2098/105 1113/2099/105
f 1088/2090/105 1113/2099/105 1114/2100/105
f 1088/2090/105 1114/2100/105 1115/2101/105
f 1088/2090/105 1115/2101/105 1116/2102/105
f 1088/2090/105 1116/2102/105 1106/2091/105
f 1070/2103/997 1119/2104/997 1117/2105/73 1068/2106/73
f 1071/2107/998 1120/2108/998 1121/2109/107 1072/2110/107
f 1072/2110/107 1121/2109/107 1122/2111/999 1073/2112/999
f 1073/2112/999 1122/2111/999 1123/2113/1000 1074/2114/1000
f 1074/2114/1000 1123/2113/1000 1124/2115/76 1075/2116/76
f 1075/2116/76 1124/2115/76 1125/2117/1001 1076/2118/1001
f 1076/2118/1001 1125/2117/1001 1126/2119/1002 1077/2120/1002
f 1077/2120/1002 1126/2119/1002 1127/2121/270 1078/2122/270
f 1078/2122/270 1127/2121/270 1128/2123/1003 1079/2124/1003
f 1079/2124/1003 1128/2123/1003 1119/2104/997 1070/2103/997
f 1069/2125/1004 1118/2126/1004 1120/2108/998 1071/2107/998
f 1068/2106/73 1117/2105/73 1118/2126/1004 1069/2125/1004
f 1131/2127/1005 1134/2128/1005 1133/2129/1006 1132/2130/1006
f 1132/2130/1006 1133/2129/1006 1136/2131/1007 1135/2132/1007
f 1135/2132/1008 1136/2131/1008 1138/2133/1009 1137/2134/1009
f 1137/2134/1009 1138/2133/1009 1140/2135/1010 1139/2136/1010
f 1139/2136/1011 1140/2135/1011 1142/2137/1012 1141/2138/1012
f 1141/2138/1012 1142/2137/1012 1144/2139/1013 1143/2140/1013
f 1143/2140/1014 1144/2139/1014 1146/2141/1015 1145/2142/1015
f 1145/2142/1015 1146/2141/1015 1134/2128/1016 1131/2127/1016
f 1129/2143/73 1131/2144/1017 1132/2145/1018
f 1130/2146/76 1133/2147/1019 1134/2148/1020
f 1129/2143/73 1132/2145/1018 1135/2149/1021
f 1130/2146/76 1136/2150/1022 1133/2147/1019
f 1129/2143/73 1135/2149/1021 1137/2151/1023
f 1130/2146/76 1138/2152/1024 1136/2150/1022
f 1129/2143/73 1137/2151/1023 1139/2153/1025
f 1130/2146/76 1140/2154/1026 1138/2152/1024
f 1129/2143/73 1139/2153/1025 1141/2155/1027
f 1130/2146/76 1142/2156/1028 1140/2154/1026
f 1129/2143/73 1141/2155/1027 1143/2157/1029
f 1130/2146/76 1144/2158/1030 1142/2156/1028
f 1129/2143/73 1143/2157/1029 1145/2159/1031
f 1130/2146/76 1146/2160/1032 1144/2158/1030
f 1129/2143/73 1145/2159/1031 1131/2144/1017
f 1130/2146/76 1134/2148/1020 1146/2160/1032
f 1149/2161/1005 1152/2162/1005 1151/2163/1006 1150/2164/1006
f 1150/2164/1006 1151/2163/1006 1154/2165/1007 1153/2166/1007
f 1153/2166/1008 1154/2165/1008 1156/2167/1009 1155/2168/1009
f 1155/2168/1009 1156/2167/1009 1158/2169/1010 1157/2170/1010
f 1157/2170/1011 1158/2169/1011 1160/2171/1012 1159/2172/1012
f 1159/2172/1012 1160/2171/1012 1162/2173/1013 1161/2174/1013
f 1161/2174/1014 1162/2173/1014 1164/2175/1015 1163/2176/1015
f 1163/2176/1015 1164/2175/1015 1152/2162/1016 1149/2161/1016
f 1147/2177/73 1149/2178/1017 1150/2179/1018
f 1148/2180/76 1151/2181/1019 1152/2182/1020
f 1147/2177/73 1150/2179/1018 1153/2183/1021
f 1148/2180/76 1154/2184/1022 1151/2181/1019
f 1147/2177/73 1153/2183/1021 1155/2185/1023
f 1148/2180/76 1156/2186/1024 1154/2184/1022
f 1147/2177/73 1155/2185/1023 1157/2187/1025
f 1148/2180/76 1158/2188/1026 1156/2186/1024
f 1147/2177/73 1157/2187/1025 1159/2189/1027
f 1148/2180/76 1160/2190/1028 1158/2188/1026
f 1147/2177/73 1159/2189/1027 1161/2191/1029
f 1148/2180/76 1162/2192/1030 1160/2190/1028
f 1147/2177/73 1161/2191/1029 1163/2193/1031
f 1148/2180/76 1164/2194/1032 1162/2192/1030
f 1147/2177/73 1163/2193/1031 1149/2178/1017
f 1148/2180/76 1152/2182/1020 1164/2194/1032
f 1189/2195/1033 1190/2196/1034 1204/2197/1035 1201/2198/1036
f 1192/2199/1037 1191/2200/1038 1211/2201/1039 1212/2202/1040
f 1191/2200/1038 1192/2199/1037 1194/2203/1041 1193/2204/1042
f 1193/2204/1042 1194/2203/1041 1196/2205/1043 1195/2206/1044
f 1195/2206/1044 1196/2205/1043 1198/2207/1045 1197/2208/1046
f 1197/2208/1046 1198/2207/1045 1200/2209/1047 1199/2210/1048
f 1199/2210/1048 1200/2209/1047 1190/2196/1034 1189/2195/1033
f 1201/2198/1036 1204/2197/1035 1203/2211/1049 1202/2212/1050
f 1202/2212/1050 1203/2211/1049 1206/2213/1051 1205/2214/1052
f 1205/2214/1052 1206/2213/1051 1208/2215/1053 1207/2216/1054
f 1207/2216/1054 1208/2215/1053 1210/2217/1055 1209/2218/1056
f 1209/2218/1056 1210/2217/1055 1212/2202/1040 1211/2201/1039
f 1171/2219/1057 1169/2220/1058 1193/2221/1042 1195/2222/1044
f 1181/2223/1059 1178/2224/1060 1202/2225/1050 1205/2226/1061
f 1170/2227/1062 1172/2228/1063 1196/2229/1064 1194/2230/1041
f 1179/2231/1065 1182/2232/1066 1206/2233/1051 1203/2234/1049
f 1188/2235/1067 1168/2236/1068 1192/2237/1037 1212/2238/1040
f 1165/2239/1069 1175/2240/1070 1199/2241/1048 1189/2242/1033
f 1187/2243/1071 1185/2244/1072 1209/2245/1056 1211/2246/1039
f 1167/2247/1073 1187/2243/1071 1211/2246/1039 1191/2248/1038
f 1176/2249/1074 1166/2250/1075 1190/2251/1034 1200/2252/1047
f 1186/2253/1076 1188/2235/1067 1212/2238/1040 1210/2254/1055
f 1173/2255/1077 1171/2219/1057 1195/2222/1044 1197/2256/1046
f 1183/2257/1078 1181/2223/1059 1205/2226/1061 1207/2258/1079
f 1178/2224/1060 1177/2259/1080 1201/2260/1036 1202/2225/1050
f 1172/2228/1063 1174/2261/1081 1198/2262/1082 1196/2229/1064
f 1182/2232/1066 1184/2263/1083 1208/2264/1053 1206/2233/1051
f 1169/2220/1058 1167/2247/1073 1191/2248/1038 1193/2221/1042
f 1180/2265/1084 1179/2231/1065 1203/2234/1049 1204/2266/1035
f 1166/2250/1075 1180/2265/1084 1204/2266/1035 1190/2251/1034
f 1168/2236/1068 1170/2227/1062 1194/2230/1041 1192/2237/1037
f 1177/2259/1080 1165/2239/1069 1189/2242/1033 1201/2260/1036
f 1175/2240/1070 1173/2255/1077 1197/2256/1046 1199/2241/1048
f 1185/2244/1072 1183/2257/1078 1207/2258/1079 1209/2245/1056
f 1174/2261/1081 1176/2249/1074 1200/2252/1047 1198/2262/1082
f 1184/2263/1083 1186/2253/1076 1210/2254/1055 1208/2264/1053
f 1167/2247/1073 1169/2220/1058 1213/2267/1085
f 1169/2220/1058 1171/2219/1057 1213/2267/1085
f 1171/2219/1057 1173/2255/1077 1213/2267/1085
f 1173/2255/1077 1175/2240/1070 1213/2267/1085
f 1175/2240/1070 1165/2239/1069 1213/2267/1085
f 1165/2239/1069 1177/2259/1086 1213/2267/1085
f 1177/2259/1086 1178/2224/1087 1213/2267/1085
f 1178/2224/1087 1181/2223/1088 1213/2267/1085
f 1181/2223/1088 1183/2257/1089 1213/2267/1085
f 1183/2257/1089 1185/2244/1090 1213/2267/1085
f 1185/2244/1090 1187/2243/1091 1213/2267/1085
f 1187/2243/1091 1167/2247/1073 1213/2267/1085
f 1188/2235/1092 1186/2253/1076 1214/2268/1093
f 1186/2253/1076 1184/2263/1083 1214/2268/1093
f 1184/2263/1083 1182/2232/1066 1214/2268/1093
f 1182/2232/1066 1179/2231/1065 1214/2268/1093
f 1179/2231/1065 1180/2265/1094 1214/2268/1093
f 1180/2265/1094 1166/2250/1095 1214/2268/1093
f 1166/2250/1095 1176/2249/1096 1214/2268/1093
f 1176/2249/1096 1174/2261/1096 1214/2268/1093
f 1174/2261/1096 1172/2228/1096 1214/2268/1093
f 1172/2228/1096 1170/2227/1096 1214/2268/1093
f 1170/2227/1096 1168/2236/1097 1214/2268/1093
f 1168/2236/1097 1188/2235/1092 1214/2268/1093
f 1239/2269/1098 1240/2270/1099 1254/2271/1100 1251/2272/1101
f 1242/2273/1102 1241/2274/1103 1261/2275/1104 1262/2276/1105
f 1241/2274/1103 1242/2273/1102 1244/2277/1106 1243/2278/1107
f 1243/2278/1107 1244/2277/1106 1246/2279/1108 1245/2280/1109
f 1245/2280/1109 1246/2279/1108 1248/2281/1110 1247/2282/1111
f 1247/2282/1111 1248/2281/1110 1250/2283/1112 1249/2284/1113
f 1249/2284/1113 1250/2283/1112 1240/2270/1099 1239/2269/1098
f 1251/2272/1101 1254/2271/1100 1253/2285/1114 1252/2286/1115
f 1252/2286/1115 1253/2285/1114 1256/2287/1116 1255/2288/1117
f 1255/2288/1117 1256/2287/1116 1258/2289/1118 1257/2290/1119
f 1257/2290/1119 1258/2289/1118 1260/2291/1120 1259/2292/1121
f 1259/2292/1121 1260/2291/1120 1262/2276/1105 1261/2275/1104
f 1221/2293/1122 1219/2294/1123 1243/2295/1107 1245/2296/1109
f 1231/2297/1124 1228/2298/1125 1252/2299/1115 1255/2300/1117
f 1220/2301/1126 1222/2302/1127 1246/2303/1108 1244/2304/1106
f 1229/2305/1128 1232/2306/1129 1256/2307/1116 1253/2308/1114
f 1238/2309/1130 1218/2310/1131 1242/2311/1102 1262/2312/1105
f 1215/2313/1132 1225/2314/1133 1249/2315/1113 1239/2316/1098
f 1237/2317/1134 1235/2318/1135 1259/2319/1121 1261/2320/1104
f 1217/2321/1136 1237/2317/1134 1261/2320/1104 1241/2322/1103
f 1226/2323/1137 1216/2324/1138 1240/2325/1099 1250/2326/1112
f 1236/2327/1139 1238/2309/1130 1262/2312/1105 1260/2328/1120
f 1223/2329/1140 1221/2293/1122 1245/2296/1109 1247/2330/1111
f 1233/2331/1141 1231/2297/1124 1255/2300/1117 1257/2332/1119
f 1228/2298/1125 1227/2333/1142 1251/2334/1101 1252/2299/1115
f 1222/2302/1127 1224/2335/1143 1248/2336/1110 1246/2303/1108
f 1232/2306/1129 1234/2337/1144 1258/2338/1118 1256/2307/1116
f 1219/2294/1123 1217/2321/1136 1241/2322/1103 1243/2295/1107
f 1230/2339/1145 1229/2305/1128 1253/2308/1114 1254/2340/1100
f 1216/2324/1138 1230/2339/1145 1254/2340/1100 1240/2325/1099
f 1218/2310/1131 1220/2301/1126 1244/2304/1106 1242/2311/1102
f 1227/2333/1142 1215/2313/1132 1239/2316/1098 1251/2334/1101
f 1225/2314/1133 1223/2329/1140 1247/2330/1111 1249/2315/1113
f 1235/2318/1135 1233/2331/1141 1257/2332/1119 1259/2319/1121
f 1224/2335/1143 1226/2323/1137 1250/2326/1112 1248/2336/1110
f 1234/2337/1144 1236/2327/1139 1260/2328/1120 1258/2338/1118
f 1217/2321/1146 1219/2294/1147 1263/2341/1148
f 1219/2294/1147 1221/2293/1147 1263/2341/1148
f 1221/2293/1147 1223/2329/1147 1263/2341/1148
f 1223/2329/1147 1225/2314/1147 1263/2341/1148
f 1225/2314/1147 1215/2313/1149 1263/2341/1148
f 1215/2313/1149 1227/2333/1150 1263/2341/1148
f 1227/2333/1150 1228/2298/1151 1263/2341/1148
f 1228/2298/1151 1231/2297/1152 1263/2341/1148
f 1231/2297/1152 1233/2331/1153 1263/2341/1148
f 1233/2331/1153 1235/2318/1154 1263/2341/1148
f 1235/2318/1154 1237/2317/1155 1263/2341/1148
f 1237/2317/1155 1217/2321/1146 1263/2341/1148
f 1238/2309/1156 1236/2327/1157 1264/2342/1158
f 1236/2327/1157 1234/2337/1159 1264/2342/1158
f 1234/2337/1159 1232/2306/1160 1264/2342/1158
f 1232/2306/1160 1229/2305/1161 1264/2342/1158
f 1229/2305/1161 1230/2339/1162 1264/2342/1158
f 1230/2339/1162 1216/2324/1163 1264/2342/1158
f 1216/2324/1163 1226/2323/1164 1264/2342/1158
f 1226/2323/1164 1224/2335/1164 1264/2342/1158
f 1224/2335/1164 1222/2302/1164 1264/2342/1158
f 1222/2302/1164 1220/2301/1164 1264/2342/1158
f 1220/2301/1164 1218/2310/1165 1264/2342/1158
f 1218/2310/1165 1238/2309/1156 1264/2342/1158
f 1289/2343/1166 1290/2344/1167 1304/2345/1168 1301/2346/1169
f 1292/2347/1170 1291/2348/1171 1311/2349/1172 1312/2350/1173
f 1291/2348/1171 1292/2347/1170 1294/2351/1174 1293/2352/1175
f 1293/2352/1175 1294/2351/1174 1296/2353/1176 1295/2354/1177
f 1295/2354/1177 1296/2353/1176 1298/2355/1178 1297/2356/1179
f 1297/2356/1179 1298/2355/1178 1300/2357/1180 1299/2358/1181
f 1299/2358/1181 1300/2357/1180 1290/2344/1167 1289/2343/1166
f 1301/2346/1169 1304/2345/1168 1303/2359/1182 1302/2360/1183
f 1302/2360/1183 1303/2359/1182 1306/2361/1184 1305/2362/1185
f 1305/2362/1185 1306/2361/1184 1308/2363/1186 1307/2364/1187
f 1307/2364/1187 1308/2363/1186 1310/2365/1188 1309/2366/1189
f 1309/2366/1189 1310/2365/1188 1312/2350/1173 1311/2349/1172
f 1271/2367/1190 1269/2368/1191 1293/2369/1175 1295/2370/1177
f 1281/2371/1192 1278/2372/1193 1302/2373/1183 1305/2374/1185
f 1270/2375/1194 1272/2376/1195 1296/2377/1176 1294/2378/1174
f 1279/2379/1196 1282/2380/1197 1306/2381/1184 1303/2382/1182
f 1288/2383/1198 1268/2384/1199 1292/2385/1170 1312/2386/1173
f 1265/2387/1200 1275/2388/1201 1299/2389/1181 1289/2390/1166
f 1287/2391/1202 1285/2392/1203 1309/2393/1189 1311/2394/1172
f 1267/2395/1204 1287/2391/1202 1311/2394/1172 1291/2396/1171
f 1276/2397/1205 1266/2398/1206 1290/2399/1167 1300/2400/1180
f 1286/2401/1207 1288/2383/1198 1312/2386/1173 1310/2402/1188
f 1273/2403/1208 1271/2367/1190 1295/2370/1177 1297/2404/1179
f 1283/2405/1209 1281/2371/1192 1305/2374/1185 1307/2406/1187
f 1278/2372/1193 1277/2407/1210 1301/2408/1169 1302/2373/1183
f 1272/2376/1195 1274/2409/1211 1298/2410/1178 1296/2377/1176
f 1282/2380/1197 1284/2411/1212 1308/2412/1186 1306/2381/1184
f 1269/2368/1191 1267/2395/1204 1291/2396/1171 1293/2369/1175
f 1280/2413/1213 1279/2379/1196 1303/2382/1182 1304/2414/1168
f 1266/2398/1206 1280/2413/1213 1304/2414/1168 1290/2399/1167
f 1268/2384/1199 1270/2375/1194 1294/2378/1174 1292/2385/1170
f 1277/2407/1210 1265/2387/1200 1289/2390/1166 1301/2408/1169
f 1275/2388/1201 1273/2403/1208 1297/2404/1179 1299/2389/1181
f 1285/2392/1203 1283/2405/1209 1307/2406/1187 1309/2393/1189
f 1274/2409/1211 1276/2397/1205 1300/2400/1180 1298/2410/1178
f 1284/2411/1212 1286/2401/1207 1310/2402/1188 1308/2412/1186
f 1267/2395/1214 1269/2368/1215 1313/2415/1216
f 1269/2368/1215 1271/2367/1215 1313/2415/1216
f 1271/2367/1215 1273/2403/1215 1313/2415/1216
f 1273/2403/1215 1275/2388/1215 1313/2415/1216
f 1275/2388/1215 1265/2387/1217 1313/2415/1216
f 1265/2387/1217 1277/2407/1218 1313/2415/1216
f 1277/2407/1218 1278/2372/1219 1313/2415/1216
f 1278/2372/1219 1281/2371/1220 1313/2415/1216
f 1281/2371/1220 1283/2405/1221 1313/2415/1216
f 1283/2405/1221 1285/2392/1222 1313/2415/1216
f 1285/2392/1222 1287/2391/1223 1313/2415/1216
f 1287/2391/1223 1267/2395/1214 1313/2415/1216
f 1288/2383/1224 1286/2401/1225 1314/2416/1226
f 1286/2401/1225 1284/2411/1227 1314/2416/1226
f 1284/2411/1227 1282/2380/1228 1314/2416/1226
f 1282/2380/1228 1279/2379/1229 1314/2416/1226
f 1279/2379/1229 1280/2413/1230 1314/2416/1226
f 1280/2413/1230 1266/2398/1231 1314/2416/1226
f 1266/2398/1231 1276/2397/1232 1314/2416/1226
f 1276/2397/1232 1274/2409/1232 1314/2416/1226
f 1274/2409/1232 1272/2376/1232 1314/2416/1226
f 1272/2376/1232 1270/2375/1232 1314/2416/1226
f 1270/2375/1232 1268/2384/1233 1314/2416/1226
f 1268/2384/1233 1288/2383/1224 1314/2416/1226
f 1319/90/1234 1320/2417/1234 1322/2418/1235 1321/2419/1235
f 1319/90/1234 1317/86/1236 1318/2420/1236 1320/2417/1234
f 1317/86/1236 1315/85/78 1316/2421/78 1318/2420/1236
f 26/610/299 25/67/69 1321/82/79 1322/2422/1237
f 50/603/68 23/89/84 1319/90/85 1321/2419/79
f 24/608/298 49/607/297 1322/2418/1237 1320/2417/1238
f 22/72/74 24/608/298 1320/2417/1238 1318/2420/1239
f 20/73/75 22/72/74 1318/2420/1239 1316/2421/1240
f 49/611/297 26/610/299 1322/2423/1237
f 1324/2424/1241 1328/2425/1242 1350/2426/1243 1359/2427/1244
f 1344/2428/1245 1345/2429/1246 1357/2430/1247 1356/2431/1248
f 1358/2432/1249 1324/2433/1250 1323/2434/1251 1357/2435/1252
f 1338/2436/1253 1335/2437/1254 1353/2438/1255 1352/2439/1256
f 1329/2440/1257 1327/2441/1258 1352/2442/1259 1353/2443/1260
f 1325/2444/1261 1323/2445/1262 1360/2446/1263 1361/2447/1264
f 1343/2448/1265 1336/2449/1265 1331/2450/1265 1340/2451/1265
f 1336/2452/1266 1343/2453/1267 1355/2454/1268 1354/2455/1269
f 1346/2456/1270 1337/2457/1271 1351/2458/1272 1358/2459/1273
f 1342/2460/1274 1339/2461/1275 1361/2447/1276 1360/2446/1277
f 1330/2462/1278 1326/2463/1279 1362/2464/1280 1347/2465/1281
f 1345/2466/1282 1344/2467/1283 1339/2468/1283 1342/2469/1282
f 1334/2470/1284 1341/2471/1285 1359/2427/1286 1350/2426/1287
f 1337/2472/1288 1346/2473/1288 1341/2474/1288 1334/2475/1288
f 1340/2476/1289 1331/2477/1290 1347/2465/1291 1362/2464/1292
f 1332/2478/1293 1333/2479/1294 1349/2480/1295 1348/2481/1296
f 1330/2462/1278 1347/2465/1281 1348/2481/1297 1329/2482/1298
f 1328/2483/1299 1351/2484/1300 1352/2442/1259 1327/2441/1258
f 1326/2485/1301 1355/2486/1302 1356/2487/1303 1325/2488/1304
f 1324/2424/1241 1359/2427/1244 1360/2446/1263 1323/2445/1262
f 1347/2465/1291 1331/2477/1290 1332/2478/1293 1348/2481/1296
f 1334/2470/1284 1350/2426/1287 1349/2480/1295 1333/2479/1294
f 1351/2458/1272 1337/2457/1271 1338/2436/1253 1352/2439/1256
f 1336/2452/1266 1354/2455/1269 1353/2438/1255 1335/2437/1254
f 1344/2428/1245 1356/2431/1248 1355/2454/1268 1343/2453/1267
f 1357/2430/1247 1345/2429/1246 1346/2456/1270 1358/2459/1273
f 1359/2427/1286 1341/2471/1285 1342/2460/1274 1360/2446/1277
f 1340/2476/1289 1362/2464/1292 1361/2447/1276 1339/2461/1275
f 1333/2489/1305 1338/2490/1305 1337/2472/1306 1334/2475/1306
f 1345/2466/1282 1342/2469/1282 1341/2474/1307 1346/2473/1307
f 1343/2448/1308 1340/2451/1308 1339/2468/1283 1344/2467/1283
f 1335/2491/1309 1332/2492/1309 1331/2450/1310 1336/2449/1310
f 1335/2491/1309 1338/2490/1305 1333/2489/1305 1332/2492/1309
f 1362/2464/1280 1326/2463/1279 1325/2444/1261 1361/2447/1264
f 1350/2426/1243 1328/2425/1242 1327/2493/1311 1349/2480/1312
f 1354/2494/1313 1330/2495/1314 1329/2440/1257 1353/2443/1260
f 1354/2494/1313 1355/2486/1302 1326/2485/1301 1330/2495/1314
f 1356/2487/1303 1357/2435/1252 1323/2434/1251 1325/2488/1304
f 1348/2481/1297 1349/2480/1312 1327/2493/1311 1329/2482/1298
f 1358/2432/1249 1351/2484/1300 1328/2483/1299 1324/2433/1250
f 861/2496/73 1363/2497/1315 1364/2498/1316
f 862/2499/76 1365/2500/1317 1366/2501/1318
f 861/2502/73 1364/2498/1316 1367/2503/1319
f 862/2504/76 1368/2505/1320 1365/2500/1317
f 861/2506/73 1367/2503/1319 1369/2507/1321
f 862/2508/76 1370/2509/1322 1368/2505/1320
f 861/2510/73 1369/2507/1321 1371/2511/1323
f 862/2512/76 1372/2513/1324 1370/2509/1322
f 861/2514/73 1371/2511/1323 1373/2515/1325
f 862/2516/76 1374/2517/1326 1372/2513/1324
f 861/2518/73 1373/2515/1325 1375/2519/1327
f 862/2520/76 1376/2521/1328 1374/2517/1326
f 861/2522/73 1375/2519/1327 1377/2523/1329
f 862/2524/76 1378/2525/1330 1376/2521/1328
f 861/2526/73 1377/2523/1329 1363/2497/1315
f 862/2527/76 1366/2501/1318 1378/2525/1330
