# Blender v3.4.1 OBJ File: 'November2025_PlantWarrior_Assets_Export.blend'
# www.blender.org
mtllib PlantWarrior_Shield.mtl
o PlantWarrior_Shield
v 0.000508 0.000967 0.038868
v 0.197744 -0.284633 0.037301
v 0.250510 -0.243276 0.027305
v 0.137281 -0.314901 0.045779
v 0.068923 -0.334352 0.051733
v -0.003868 -0.341675 0.053972
v -0.077250 -0.334472 0.051693
v -0.143217 -0.315671 0.045865
v -0.202724 -0.285139 0.037308
v -0.254402 -0.243816 0.027261
v -0.296446 -0.193209 0.017235
v -0.327388 -0.135163 0.008729
v -0.346128 -0.071835 0.003021
v -0.351951 -0.005640 0.000968
v -0.344544 0.060843 0.002888
v -0.324026 0.124986 0.008501
v -0.289778 0.190398 0.017625
v -0.188367 0.290374 0.038826
v -0.126165 0.323466 0.047639
v -0.061464 0.342679 0.053206
v 0.005582 0.348921 0.055085
v 0.072298 0.342091 0.052999
v 0.136066 0.322517 0.047272
v 0.196648 0.290243 0.038493
v 0.250849 0.246671 0.027968
v 0.294112 0.194093 0.017614
v 0.325918 0.133952 0.008868
v 0.351257 -0.003001 0.001068
v 0.344702 -0.070455 0.003139
v 0.325343 -0.134018 0.008825
v 0.293572 -0.192405 0.017308
v 0.144751 -0.138288 0.035331
v 0.077558 -0.182531 0.041683
v -0.002533 -0.195966 0.044239
v -0.082457 -0.182675 0.041636
v -0.147748 -0.139229 0.035336
v -0.191028 -0.078362 0.029116
v -0.203022 -0.004634 0.026751
v -0.187421 0.075096 0.029215
v -0.140952 0.139780 0.035660
v -0.074918 0.185794 0.042037
v 0.003879 0.200881 0.044671
v 0.081844 0.186493 0.041971
v 0.146146 0.141532 0.035583
v 0.190490 0.078288 0.029158
v 0.203304 0.001755 0.026721
v 0.189066 -0.077719 0.029167
v 0.198670 -0.285559 -0.011247
v 0.250432 -0.243199 -0.021261
v 0.139174 -0.316794 -0.002713
v 0.071749 -0.337178 0.003332
v -0.000192 -0.345352 0.005685
v -0.072873 -0.338849 0.003524
v -0.138342 -0.320546 -0.002208
v -0.197543 -0.290320 -0.010702
v -0.249112 -0.249106 -0.020725
v -0.291246 -0.198409 -0.030771
v -0.322474 -0.140077 -0.039337
v -0.341685 -0.076278 -0.045137
v -0.348146 -0.009444 -0.047298
v -0.341524 0.057822 -0.045489
v -0.321906 0.122865 -0.039972
v -0.288719 0.189339 -0.030918
v -0.244809 0.245229 -0.020456
v -0.189454 0.291462 -0.009715
v -0.128266 0.325568 -0.000836
v -0.064458 0.345673 0.004826
v 0.001811 0.352692 0.006813
v 0.067893 0.346496 0.004835
v 0.131194 0.327389 -0.000803
v 0.191477 0.295414 -0.009520
v 0.245566 0.251954 -0.020020
v 0.288927 0.199278 -0.030395
v 0.321032 0.138838 -0.039204
v 0.347552 0.000705 -0.047215
v 0.341782 -0.067535 -0.045251
v 0.323305 -0.131979 -0.039655
v 0.292494 -0.191326 -0.031234
v -0.079634 -0.185498 -0.006766
v -0.000418 -0.198081 -0.004235
v -0.188160 -0.081230 -0.019280
v -0.144693 -0.142285 -0.013037
v -0.186223 0.073899 -0.019321
v -0.200810 -0.006846 -0.021713
v -0.076100 0.186975 -0.006500
v -0.140940 0.139767 -0.012906
v 0.078987 0.189350 -0.006426
v 0.001698 0.203063 -0.003797
v 0.187628 0.081150 -0.019238
v 0.143083 0.144595 -0.012789
v 0.187880 -0.076533 -0.019370
v 0.201120 0.003940 -0.021747
v 0.144682 -0.138219 -0.013235
v 0.078677 -0.183650 -0.006857
v 0.000492 0.000983 -0.009697
v 0.338437 -0.331102 0.043890
v 0.349419 -0.342105 0.036862
v 0.265798 -0.386988 0.062378
v 0.278583 -0.405926 0.037903
v 0.274521 -0.400057 0.056599
v 0.182427 -0.427541 0.077990
v 0.191902 -0.449080 0.055066
v 0.188480 -0.442119 0.073271
v 0.091494 -0.451353 0.088326
v 0.097166 -0.474604 0.066463
v 0.094559 -0.466839 0.084308
v -0.007577 -0.458906 0.092163
v -0.005307 -0.481355 0.070204
v -0.007134 -0.473889 0.088051
v -0.105467 -0.450668 0.088244
v -0.106675 -0.474751 0.066546
v -0.107808 -0.466234 0.084230
v -0.275827 -0.384013 0.061829
v -0.283721 -0.397633 0.056133
v -0.345835 -0.328142 0.043316
v -0.357639 -0.347431 0.017598
v -0.355975 -0.339999 0.036397
v -0.402583 -0.259682 0.024863
v -0.417037 -0.275785 -0.002631
v -0.414561 -0.269311 0.016707
v -0.444244 -0.181002 0.009235
v -0.460809 -0.193248 -0.019811
v -0.457620 -0.187998 0.000019
v -0.469431 -0.094937 -0.001208
v -0.487504 -0.102764 -0.031349
v -0.483714 -0.098969 -0.011150
v -0.477193 -0.004752 -0.004877
v -0.496134 -0.007770 -0.035484
v -0.491878 -0.005605 -0.015096
v -0.467032 0.085979 -0.001180
v -0.486154 0.087954 -0.031548
v -0.481578 0.088387 -0.011180
v -0.438946 0.173572 0.009374
v -0.457489 0.180509 -0.020069
v -0.452775 0.179179 0.000067
v -0.393042 0.256465 0.025677
v -0.410535 0.266189 -0.002691
v -0.405904 0.263130 0.017029
v -0.254076 0.393562 0.064867
v -0.262916 0.406531 0.059128
v -0.171674 0.436015 0.080467
v -0.181459 0.457592 0.057643
v -0.177888 0.450578 0.075816
v -0.082503 0.461427 0.090733
v -0.088646 0.484822 0.069010
v -0.085838 0.476970 0.086812
v 0.009729 0.469257 0.094140
v 0.007447 0.493567 0.072869
v 0.009386 0.485176 0.090484
v 0.101224 0.459531 0.090206
v 0.102831 0.483853 0.068677
v 0.103847 0.475243 0.086318
v 0.188333 0.432778 0.079560
v 0.193681 0.456218 0.057102
v 0.193760 0.447707 0.074974
v 0.267739 0.389973 0.063819
v 0.276545 0.411678 0.039912
v 0.275710 0.403586 0.058187
v 0.339109 0.331694 0.044949
v 0.349079 0.351471 0.019571
v 0.348256 0.343814 0.038181
v 0.398703 0.260139 0.025649
v 0.412789 0.276122 -0.001805
v 0.410425 0.269701 0.017509
v 0.441681 0.178272 0.009567
v 0.458001 0.190092 -0.019503
v 0.454879 0.184998 0.000322
v 0.476243 -0.005295 -0.004682
v 0.490949 -0.004434 -0.014898
v 0.467557 -0.095610 -0.000917
v 0.486826 -0.097569 -0.031293
v 0.482177 -0.097990 -0.010914
v 0.441092 -0.182382 0.009627
v 0.459877 -0.189235 -0.019840
v 0.455067 -0.187920 0.000313
v 0.397578 -0.261979 0.025362
v 0.410328 -0.270435 0.017091
v 0.267177 -0.388366 0.010594
v 0.275562 -0.401098 0.018868
v 0.338353 -0.331018 -0.007933
v 0.353933 -0.346634 0.017623
v 0.349360 -0.342045 -0.000897
v 0.185212 -0.430326 0.026324
v 0.190582 -0.444220 0.035630
v 0.095578 -0.455437 0.036838
v 0.097640 -0.469918 0.046803
v -0.002314 -0.464169 0.041122
v -0.003169 -0.477864 0.050779
v -0.099175 -0.456959 0.037218
v -0.103079 -0.470967 0.047075
v -0.268375 -0.391465 0.011096
v -0.284508 -0.405740 0.037838
v -0.278118 -0.403240 0.019217
v -0.338224 -0.335753 -0.007375
v -0.350253 -0.345723 -0.000485
v -0.395102 -0.267163 -0.025874
v -0.408936 -0.274937 -0.020206
v -0.437175 -0.188070 -0.041622
v -0.452304 -0.193314 -0.036987
v -0.463044 -0.101325 -0.052242
v -0.478911 -0.103772 -0.048295
v -0.471731 -0.010214 -0.056121
v -0.487773 -0.009713 -0.052407
v -0.462708 0.081655 -0.052637
v -0.478329 0.085136 -0.048658
v -0.435931 0.170557 -0.042264
v -0.450512 0.176912 -0.037555
v -0.391491 0.254913 -0.026044
v -0.404723 0.261945 -0.020691
v -0.255661 0.395147 0.013103
v -0.267105 0.412413 0.040452
v -0.264106 0.407723 0.021409
v -0.174677 0.439018 0.028823
v -0.180145 0.452837 0.038193
v -0.086804 0.465727 0.039268
v -0.089072 0.480206 0.049331
v 0.004300 0.474686 0.042884
v 0.005303 0.489259 0.053167
v 0.094877 0.465879 0.039160
v 0.099073 0.480017 0.049165
v 0.181310 0.439801 0.028692
v 0.188478 0.452989 0.037959
v 0.260309 0.397402 0.013073
v 0.270122 0.409176 0.021265
v 0.331551 0.339253 -0.005641
v 0.342579 0.349500 0.001317
v 0.391266 0.267576 -0.025058
v 0.404834 0.275296 -0.019404
v 0.434677 0.185275 -0.041263
v 0.449613 0.190268 -0.036687
v 0.470905 0.000043 -0.055952
v 0.495252 -0.002296 -0.035294
v 0.486933 -0.000417 -0.052228
v 0.463335 -0.091388 -0.052400
v 0.479001 -0.094814 -0.048407
v 0.438152 -0.179442 -0.042036
v 0.452855 -0.185708 -0.037319
v 0.415097 -0.273426 -0.002661
v 0.396036 -0.260437 -0.026420
v 0.409169 -0.269276 -0.020634
v -0.286907 0.367286 0.056101
v -0.305981 0.371764 0.048184
v -0.364486 0.291982 0.033989
v -0.369282 0.319013 0.011592
v -0.368062 0.311199 0.029915
v -0.244805 0.245225 0.028110
v -0.272931 0.274104 0.019572
v -0.363650 0.291146 -0.018519
v -0.367592 0.310727 -0.008003
v -0.287832 0.368211 0.003685
v -0.314093 0.373795 0.028204
v -0.306528 0.372313 0.010291
v -0.284406 0.285981 0.003782
v -0.272930 0.274112 -0.016446
v -0.227613 -0.408718 0.071312
v -0.225778 -0.427211 0.068409
v -0.160066 -0.435310 0.082009
v -0.175365 -0.455627 0.058807
v -0.172516 -0.448062 0.077059
v -0.174322 -0.376047 0.056367
v -0.184280 -0.400907 0.060755
v -0.153287 -0.442090 0.030723
v -0.167395 -0.453186 0.039919
v -0.220367 -0.415964 0.020109
v -0.222614 -0.437249 0.051051
v -0.220391 -0.432600 0.031334
v -0.186173 -0.413391 0.045973
v -0.168272 -0.382097 0.006772
v -0.179462 -0.405720 0.023685
v 0.474071 0.018867 -0.004755
v 0.487658 0.032871 -0.013629
v 0.443271 0.172788 0.008586
v 0.464458 0.168247 -0.022220
v 0.459883 0.167998 -0.001779
v 0.311180 0.059012 0.010091
v 0.340128 0.065578 -0.002374
v 0.436315 0.179744 -0.042226
v 0.454697 0.173189 -0.038949
v 0.468414 0.024523 -0.056624
v 0.491309 0.040641 -0.033750
v 0.483346 0.037184 -0.051048
v 0.352691 0.071185 -0.023308
v 0.307242 0.062950 -0.038154
v 0.336945 0.068734 -0.037801
v 0.000000 0.000000 0.056038
v -0.090011 -0.011494 0.106191
v -0.039355 0.078126 0.108895
v 0.065704 0.059763 0.107806
v 0.079962 -0.041191 0.106864
v -0.016301 -0.085204 0.109477
v -0.080676 0.041905 0.190754
v 0.018170 0.083335 0.193331
v 0.091880 0.009625 0.190046
v 0.038641 -0.077412 0.192785
v -0.068014 -0.057453 0.191638
v 0.000000 0.000000 0.243633
v -0.023323 0.046112 0.070396
v -0.052418 -0.007244 0.069467
v -0.075990 0.039115 0.099598
v -0.062295 -0.057031 0.100454
v -0.009079 -0.050584 0.070602
v 0.038008 0.035740 0.070028
v 0.015345 0.081192 0.101964
v 0.046813 -0.024024 0.069694
v 0.085451 0.011086 0.098992
v 0.037488 -0.074363 0.101435
v -0.092747 -0.040664 0.148438
v -0.049437 -0.083974 0.150976
v -0.070138 0.070138 0.149836
v -0.100662 0.018210 0.147733
v 0.049437 0.083974 0.150976
v -0.012787 0.095239 0.151840
v 0.100662 -0.018210 0.147733
v 0.092747 0.040664 0.148438
v 0.012787 -0.095239 0.151840
v 0.070138 -0.070138 0.149836
v -0.087541 -0.008996 0.197573
v -0.036690 0.073564 0.200054
v 0.064878 0.054448 0.199012
v 0.076788 -0.039914 0.198217
v -0.017434 -0.079102 0.200545
v -0.047611 0.024822 0.229268
v -0.040590 -0.033157 0.229564
v 0.011169 0.048494 0.230153
v 0.054508 0.005155 0.229018
v 0.022525 -0.045314 0.229970
v -0.090199 0.002049 0.077397
v -0.142084 0.113452 0.234622
v -0.101308 0.007919 0.066082
v -0.158821 0.125041 0.220541
v -0.025532 0.062775 0.056120
v -0.073339 0.170100 0.217728
v -0.090426 0.182039 0.204436
v -0.125617 0.031553 0.120024
v -0.146848 0.076740 0.183042
v -0.168050 0.091347 0.164712
v -0.146634 0.045973 0.101606
v -0.078658 0.169542 0.142287
v -0.059440 0.126367 0.076805
v -0.056852 0.154331 0.159277
v -0.037817 0.111340 0.093897
v -0.066557 0.028754 0.033898
v -0.134026 0.168065 0.226542
v -0.054621 0.023775 0.052515
v -0.111622 0.152465 0.244616
v -0.081285 0.069261 0.102317
v -0.103600 0.118824 0.175366
v -0.114990 0.092527 0.074145
v -0.137638 0.142423 0.147368
v -0.150492 0.119237 0.233387
v -0.084029 0.013011 0.046364
v -0.110970 0.179500 0.215438
v -0.035853 0.069953 0.044932
v -0.079484 0.177814 0.216327
v -0.035501 0.043457 0.051307
v -0.130249 0.131485 0.242053
v -0.105488 0.046035 0.112578
v -0.127883 0.094262 0.181077
v -0.040394 0.123287 0.085504
v -0.059196 0.165860 0.150580
v -0.086594 0.114235 0.071625
v -0.107914 0.161388 0.141755
v -0.140410 0.031890 0.114726
v -0.161701 0.076952 0.177118
v -0.047642 0.047924 0.034362
v -0.151301 0.146098 0.224651
v -0.073388 0.007613 0.063983
v -0.089661 0.164630 0.232259
v -0.054780 0.092190 0.097396
v -0.075807 0.139049 0.167368
v -0.136782 0.067559 0.085672
v -0.159473 0.116083 0.154317
v -0.122094 0.166420 0.254250
v -0.138885 0.145213 0.248932
v -0.100872 0.176067 0.240125
v 0.002101 0.087114 0.080848
v 0.125099 0.127474 0.237078
v 0.008163 0.098305 0.070438
v 0.137156 0.143416 0.223867
v 0.064308 0.024906 0.054644
v 0.186287 0.066286 0.206449
v 0.198153 0.082419 0.192486
v 0.033208 0.118936 0.126220
v 0.082888 0.135010 0.189363
v 0.098062 0.155711 0.172776
v 0.048132 0.139888 0.109783
v 0.179828 0.073945 0.131796
v 0.130473 0.057546 0.071172
v 0.164972 0.052926 0.149674
v 0.115848 0.036296 0.088909
v 0.029199 0.065538 0.035457
v 0.184687 0.120768 0.220986
v 0.024326 0.053351 0.053554
v 0.168833 0.099614 0.238984
v 0.072377 0.077623 0.102998
v 0.127954 0.095636 0.173454
v 0.095591 0.111186 0.076030
v 0.151608 0.128758 0.146222
v 0.131428 0.135082 0.236248
v 0.013296 0.082270 0.049334
v 0.196294 0.100587 0.205665
v 0.071308 0.035160 0.043317
v 0.194564 0.071946 0.204208
v 0.044434 0.034699 0.051015
v 0.145442 0.116419 0.241111
v 0.048318 0.100237 0.116352
v 0.101753 0.117704 0.183901
v 0.127778 0.038956 0.079355
v 0.176574 0.055404 0.139426
v 0.117754 0.083933 0.069043
v 0.171219 0.101369 0.134883
v 0.033526 0.133208 0.122575
v 0.082960 0.149018 0.185337
v 0.048647 0.046920 0.034335
v 0.160494 0.136388 0.224373
v 0.007822 0.071311 0.066262
v 0.181384 0.080477 0.222954
v 0.096100 0.052455 0.094861
v 0.149189 0.070267 0.160928
v 0.070229 0.131458 0.091645
v 0.124057 0.148531 0.158958
v 0.184959 0.108471 0.247526
v 0.161062 0.123723 0.247171
v 0.194546 0.090238 0.229875
v -0.062318 0.063072 0.079173
v -0.011918 0.170269 0.242842
v -0.065896 0.075147 0.068580
v -0.015199 0.189708 0.230817
v 0.027430 0.061991 0.056094
v 0.080091 0.166926 0.217804
v 0.076479 0.186697 0.205922
v -0.065395 0.106465 0.124777
v -0.045243 0.149748 0.191011
v -0.049504 0.174713 0.175325
v -0.069723 0.131497 0.108559
v 0.071767 0.171944 0.143043
v 0.050321 0.129955 0.077329
v 0.076597 0.146410 0.158480
v 0.055226 0.104346 0.093300
v -0.026419 0.066680 0.035512
v 0.036143 0.203917 0.233754
v -0.021423 0.054539 0.053599
v 0.040686 0.178017 0.249391
v -0.006276 0.103842 0.105120
v 0.017337 0.151532 0.179840
v -0.013667 0.143998 0.079740
v 0.010080 0.191554 0.155404
v -0.013374 0.179726 0.242598
v -0.050033 0.067393 0.048314
v 0.060674 0.197713 0.219490
v 0.025088 0.074311 0.045233
v 0.081639 0.176344 0.216726
v 0.006323 0.055260 0.051840
v 0.010905 0.175135 0.249100
v -0.040441 0.103447 0.116548
v -0.018430 0.149837 0.187715
v 0.061854 0.114660 0.084670
v 0.083173 0.156285 0.149481
v 0.022129 0.140032 0.074693
v 0.045018 0.185544 0.146054
v -0.075653 0.116818 0.120514
v -0.055721 0.159829 0.186518
v 0.000719 0.067058 0.035351
v 0.006720 0.199530 0.234193
v -0.046374 0.055821 0.065351
v 0.065102 0.173074 0.234291
v 0.029262 0.102237 0.098371
v 0.052033 0.147867 0.168881
v -0.047082 0.140750 0.092657
v -0.024959 0.187028 0.164674
v 0.044754 0.194077 0.259954
v 0.015899 0.189951 0.256921
v 0.066547 0.187999 0.243026
v -0.065267 -0.060153 0.079072
v -0.188754 -0.010092 0.228861
v -0.077403 -0.063922 0.067940
v -0.209046 -0.013239 0.213596
v -0.063533 0.026779 0.054669
v -0.183666 0.073486 0.206363
v -0.204118 0.070499 0.190988
v -0.112264 -0.061836 0.121469
v -0.162306 -0.041348 0.181398
v -0.187948 -0.045739 0.162171
v -0.137631 -0.066501 0.102833
v -0.182842 0.067657 0.131031
v -0.134315 0.048685 0.070645
v -0.156934 0.071781 0.150464
v -0.108691 0.053094 0.089504
v -0.067699 -0.026025 0.033843
v -0.225224 0.033299 0.213767
v -0.055820 -0.020922 0.052471
v -0.198243 0.037299 0.234203
v -0.108623 -0.005950 0.100196
v -0.163664 0.016323 0.168979
v -0.148810 -0.013292 0.070435
v -0.204357 0.009487 0.138185
v -0.199142 -0.011413 0.227041
v -0.068812 -0.048985 0.047385
v -0.217246 0.055773 0.201601
v -0.075779 0.024603 0.043016
v -0.193867 0.074941 0.203798
v -0.056522 0.006188 0.050482
v -0.194800 0.010506 0.234064
v -0.108713 -0.038376 0.112383
v -0.162256 -0.016701 0.177265
v -0.118962 0.059674 0.080187
v -0.166817 0.078203 0.140517
v -0.144461 0.021389 0.065973
v -0.197332 0.042390 0.130576
v -0.122937 -0.071701 0.116790
v -0.172828 -0.051136 0.175943
v -0.068081 0.000701 0.033347
v -0.220247 0.006637 0.214832
v -0.057423 -0.045047 0.064894
v -0.191681 0.059524 0.220913
v -0.106689 0.028093 0.093886
v -0.159110 0.048646 0.159411
v -0.146266 -0.045300 0.084663
v -0.200249 -0.023185 0.148607
v -0.217029 0.040881 0.241813
v -0.211921 0.015018 0.239182
v -0.208902 0.060695 0.226962
v -0.002105 -0.087118 0.080848
v -0.125103 -0.127478 0.237078
v -0.008168 -0.098310 0.070438
v -0.137160 -0.143420 0.223867
v -0.064312 -0.024911 0.054644
v -0.186291 -0.066290 0.206448
v -0.198158 -0.082423 0.192486
v -0.033212 -0.118940 0.126221
v -0.082892 -0.135014 0.189363
v -0.098066 -0.155715 0.172776
v -0.048136 -0.139892 0.109783
v -0.179833 -0.073949 0.131796
v -0.130477 -0.057551 0.071172
v -0.164976 -0.052930 0.149673
v -0.115852 -0.036300 0.088909
v -0.029203 -0.065543 0.035457
v -0.184691 -0.120772 0.220986
v -0.024331 -0.053355 0.053554
v -0.168837 -0.099618 0.238984
v -0.072382 -0.077627 0.102998
v -0.127958 -0.095640 0.173454
v -0.095596 -0.111190 0.076030
v -0.151613 -0.128762 0.146222
v -0.131433 -0.135086 0.236248
v -0.013300 -0.082274 0.049334
v -0.196299 -0.100591 0.205665
v -0.071313 -0.035164 0.043317
v -0.194569 -0.071950 0.204207
v -0.044438 -0.034703 0.051015
v -0.145447 -0.116422 0.241111
v -0.048322 -0.100241 0.116352
v -0.101757 -0.117708 0.183901
v -0.127782 -0.038960 0.079355
v -0.176578 -0.055408 0.139425
v -0.117758 -0.083937 0.069043
v -0.171223 -0.101373 0.134883
v -0.033531 -0.133212 0.122576
v -0.082965 -0.149022 0.185337
v -0.048651 -0.046924 0.034335
v -0.160498 -0.136392 0.224373
v -0.007826 -0.071315 0.066262
v -0.181389 -0.080480 0.222954
v -0.096104 -0.052459 0.094861
v -0.149194 -0.070271 0.160928
v -0.070233 -0.131462 0.091645
v -0.124061 -0.148535 0.158958
v -0.184964 -0.108475 0.247525
v -0.161067 -0.123726 0.247171
v -0.194551 -0.090242 0.229875
v 0.062313 -0.063076 0.079174
v 0.011913 -0.170273 0.242842
v 0.065892 -0.075151 0.068580
v 0.015194 -0.189712 0.230817
v -0.027434 -0.061995 0.056094
v -0.080096 -0.166930 0.217804
v -0.076484 -0.186701 0.205922
v 0.065390 -0.106469 0.124778
v 0.045238 -0.149752 0.191012
v 0.049499 -0.174717 0.175326
v 0.069719 -0.131501 0.108560
v -0.071771 -0.171948 0.143043
v -0.050326 -0.129959 0.077329
v -0.076602 -0.146414 0.158481
v -0.055230 -0.104351 0.093300
v 0.026415 -0.066684 0.035512
v -0.036148 -0.203921 0.233754
v 0.021419 -0.054543 0.053599
v -0.040691 -0.178021 0.249391
v 0.006272 -0.103846 0.105120
v -0.017341 -0.151536 0.179840
v 0.013663 -0.144002 0.079741
v -0.010085 -0.191558 0.155405
v 0.013369 -0.179730 0.242598
v 0.050029 -0.067397 0.048314
v -0.060678 -0.197717 0.219490
v -0.025093 -0.074315 0.045233
v -0.081643 -0.176348 0.216726
v -0.006327 -0.055264 0.051840
v -0.010910 -0.175139 0.249100
v 0.040437 -0.103451 0.116548
v 0.018426 -0.149841 0.187715
v -0.061859 -0.114664 0.084670
v -0.083177 -0.156289 0.149481
v -0.022134 -0.140036 0.074694
v -0.045022 -0.185548 0.146054
v 0.075649 -0.116822 0.120514
v 0.055716 -0.159833 0.186518
v -0.000723 -0.067062 0.035351
v -0.006725 -0.199534 0.234193
v 0.046370 -0.055825 0.065351
v -0.065106 -0.173078 0.234292
v -0.029266 -0.102241 0.098371
v -0.052038 -0.147871 0.168881
v 0.047077 -0.140754 0.092657
v 0.024955 -0.187032 0.164674
v -0.044759 -0.194081 0.259954
v -0.015903 -0.189955 0.256921
v -0.066551 -0.188003 0.243026
v 0.090195 -0.002053 0.077397
v 0.142080 -0.113456 0.234622
v 0.101304 -0.007923 0.066082
v 0.158817 -0.125045 0.220541
v 0.025528 -0.062779 0.056120
v 0.073335 -0.170104 0.217729
v 0.090422 -0.182043 0.204437
v 0.125613 -0.031557 0.120025
v 0.146843 -0.076744 0.183042
v 0.168045 -0.091350 0.164712
v 0.146629 -0.045977 0.101606
v 0.078654 -0.169546 0.142287
v 0.059436 -0.126371 0.076805
v 0.056848 -0.154335 0.159278
v 0.037813 -0.111344 0.093897
v 0.066552 -0.028758 0.033898
v 0.134021 -0.168068 0.226543
v 0.054617 -0.023779 0.052515
v 0.111617 -0.152468 0.244616
v 0.081281 -0.069265 0.102317
v 0.103596 -0.118828 0.175367
v 0.114986 -0.092531 0.074145
v 0.137634 -0.142427 0.147368
v 0.150487 -0.119241 0.233388
v 0.084024 -0.013015 0.046364
v 0.110966 -0.179504 0.215438
v 0.035849 -0.069957 0.044932
v 0.079479 -0.177818 0.216328
v 0.035496 -0.043461 0.051307
v 0.130244 -0.131489 0.242053
v 0.105484 -0.046039 0.112578
v 0.127879 -0.094266 0.181077
v 0.040390 -0.123291 0.085504
v 0.059191 -0.165864 0.150580
v 0.086589 -0.114239 0.071625
v 0.107910 -0.161392 0.141755
v 0.140406 -0.031894 0.114727
v 0.161697 -0.076956 0.177118
v 0.047638 -0.047928 0.034363
v 0.151296 -0.146102 0.224651
v 0.073384 -0.007617 0.063983
v 0.089657 -0.164633 0.232259
v 0.054775 -0.092194 0.097397
v 0.075802 -0.139053 0.167369
v 0.136777 -0.067563 0.085672
v 0.159469 -0.116087 0.154317
v 0.122090 -0.166424 0.254251
v 0.138880 -0.145217 0.248933
v 0.100867 -0.176070 0.240126
v 0.065263 0.060149 0.079072
v 0.188749 0.010089 0.228862
v 0.077399 0.063918 0.067940
v 0.209041 0.013235 0.213596
v 0.063529 -0.026783 0.054670
v 0.183661 -0.073490 0.206364
v 0.204113 -0.070503 0.190988
v 0.112259 0.061832 0.121469
v 0.162302 0.041344 0.181398
v 0.187943 0.045735 0.162171
v 0.137626 0.066497 0.102833
v 0.182838 -0.067661 0.131032
v 0.134311 -0.048689 0.070645
v 0.156929 -0.071785 0.150465
v 0.108687 -0.053098 0.089505
v 0.067695 0.026020 0.033843
v 0.225219 -0.033303 0.213768
v 0.055815 0.020918 0.052471
v 0.198238 -0.037302 0.234204
v 0.108619 0.005946 0.100196
v 0.163660 -0.016327 0.168979
v 0.148805 0.013288 0.070436
v 0.204352 -0.009491 0.138185
v 0.199138 0.011410 0.227041
v 0.068808 0.048980 0.047385
v 0.217241 -0.055776 0.201601
v 0.075775 -0.024607 0.043016
v 0.193862 -0.074945 0.203798
v 0.056518 -0.006192 0.050483
v 0.194795 -0.010510 0.234064
v 0.108709 0.038372 0.112383
v 0.162252 0.016697 0.177265
v 0.118958 -0.059678 0.080187
v 0.166813 -0.078207 0.140517
v 0.144457 -0.021393 0.065973
v 0.197327 -0.042394 0.130576
v 0.122933 0.071697 0.116790
v 0.172823 0.051133 0.175943
v 0.068077 -0.000705 0.033347
v 0.220242 -0.006641 0.214832
v 0.057418 0.045043 0.064894
v 0.191676 -0.059528 0.220913
v 0.106684 -0.028097 0.093886
v 0.159105 -0.048649 0.159411
v 0.146262 0.045296 0.084663
v 0.200245 0.023181 0.148608
v 0.217025 -0.040885 0.241814
v 0.211916 -0.015022 0.239182
v 0.208897 -0.060699 0.226963
v -0.207924 -0.247750 0.136629
v -0.179748 -0.037400 0.048817
v -0.250475 -0.167007 0.047390
v -0.056846 -0.086717 0.056526
v -0.188972 -0.214522 0.106563
v -0.172380 -0.183587 0.080313
v -0.126251 -0.078028 0.072540
v -0.121952 -0.071145 0.048759
v -0.100051 -0.227080 0.064040
v -0.174619 -0.194955 0.057946
v -0.234600 -0.213285 0.087948
v -0.153012 -0.246031 0.098066
v -0.193925 -0.231252 0.088764
v -0.110845 -0.041351 0.078957
v -0.212810 -0.062130 0.033836
v -0.247715 -0.128240 0.032207
v -0.235637 -0.093131 0.026661
v -0.161714 -0.160839 0.071492
v -0.134006 -0.096984 0.067698
v -0.147601 -0.129180 0.065372
v -0.049792 -0.126968 0.044475
v -0.071140 -0.198410 0.050309
v -0.054313 -0.165318 0.042074
v -0.161004 -0.165343 0.046555
v -0.132083 -0.096340 0.042439
v -0.146313 -0.131242 0.040114
v -0.330942 0.045366 0.108162
v -0.123046 0.133439 0.056072
v -0.273115 0.128550 0.041921
v -0.105368 0.004658 0.053123
v -0.288667 0.048660 0.085955
v -0.250616 0.052137 0.065893
v -0.132967 0.066874 0.071671
v -0.123974 0.067767 0.048466
v -0.251196 -0.029766 0.041122
v -0.260093 0.049683 0.041711
v -0.309060 0.088469 0.070119
v -0.297727 0.003424 0.070053
v -0.304444 0.045501 0.064859
v -0.092577 0.072026 0.080449
v -0.161160 0.150173 0.042044
v -0.236785 0.146977 0.034274
v -0.199656 0.154715 0.033296
v -0.224452 0.055175 0.060894
v -0.153587 0.064129 0.065150
v -0.188919 0.059550 0.059243
v -0.136831 -0.021273 0.037451
v -0.210487 -0.039273 0.033335
v -0.172561 -0.036677 0.030457
v -0.226451 0.053770 0.035440
v -0.151072 0.064053 0.040029
v -0.188785 0.058780 0.033847
v -0.123733 0.293827 0.147082
v 0.057004 0.170533 0.061305
v -0.021940 0.294854 0.073839
v -0.048561 0.091408 0.056850
v -0.100068 0.263551 0.116664
v -0.078391 0.235875 0.089916
v -0.006624 0.144805 0.079219
v -0.001930 0.138817 0.055101
v -0.151885 0.198050 0.058156
v -0.085687 0.244848 0.067544
v -0.074399 0.301689 0.108205
v -0.145625 0.250361 0.098342
v -0.111026 0.277256 0.098811
v 0.018342 0.113299 0.084003
v 0.052191 0.211759 0.052205
v 0.011773 0.274369 0.058527
v 0.036741 0.247083 0.050069
v -0.062785 0.216057 0.080664
v -0.019494 0.161023 0.075078
v -0.041273 0.188681 0.073764
v -0.087168 0.105819 0.042206
v -0.139829 0.159615 0.043913
v -0.118523 0.128912 0.037193
v -0.065508 0.219170 0.055667
v -0.018901 0.160301 0.049731
v -0.042430 0.189976 0.048457
v 0.207920 0.247746 0.136629
v 0.179744 0.037396 0.048818
v 0.250471 0.167003 0.047390
v 0.056842 0.086712 0.056526
v 0.188967 0.214517 0.106563
v 0.172375 0.183583 0.080313
v 0.126246 0.078024 0.072540
v 0.121948 0.071140 0.048759
v 0.100047 0.227075 0.064039
v 0.174614 0.194951 0.057946
v 0.234595 0.213281 0.087948
v 0.153008 0.246026 0.098066
v 0.193920 0.231248 0.088764
v 0.110840 0.041347 0.078957
v 0.212806 0.062126 0.033836
v 0.247711 0.128236 0.032207
v 0.235633 0.093127 0.026661
v 0.161710 0.160834 0.071492
v 0.134002 0.096980 0.067698
v 0.147596 0.129176 0.065372
v 0.049788 0.126964 0.044475
v 0.071136 0.198406 0.050309
v 0.054309 0.165314 0.042074
v 0.160999 0.165339 0.046555
v 0.132079 0.096335 0.042439
v 0.146309 0.131238 0.040114
v 0.330937 -0.045370 0.108162
v 0.123041 -0.133444 0.056072
v 0.273110 -0.128554 0.041921
v 0.105364 -0.004662 0.053123
v 0.288662 -0.048665 0.085956
v 0.250612 -0.052141 0.065893
v 0.132962 -0.066878 0.071671
v 0.123969 -0.067771 0.048466
v 0.251191 0.029762 0.041122
v 0.260088 -0.049687 0.041711
v 0.309056 -0.088473 0.070120
v 0.297722 -0.003429 0.070054
v 0.304439 -0.045505 0.064860
v 0.092572 -0.072030 0.080449
v 0.161156 -0.150177 0.042045
v 0.236781 -0.146981 0.034275
v 0.199652 -0.154719 0.033296
v 0.224447 -0.055179 0.060895
v 0.153583 -0.064134 0.065150
v 0.188915 -0.059554 0.059243
v 0.136827 0.021269 0.037452
v 0.210483 0.039269 0.033335
v 0.172557 0.036673 0.030457
v 0.226447 -0.053774 0.035441
v 0.151068 -0.064057 0.040029
v 0.188781 -0.058785 0.033848
v 0.123728 -0.293831 0.147083
v -0.057009 -0.170538 0.061305
v 0.021936 -0.294858 0.073840
v 0.048556 -0.091413 0.056851
v 0.100063 -0.263555 0.116665
v 0.078387 -0.235879 0.089916
v 0.006620 -0.144809 0.079219
v 0.001926 -0.138821 0.055101
v 0.151880 -0.198054 0.058156
v 0.085683 -0.244852 0.067544
v 0.074395 -0.301693 0.108205
v 0.145620 -0.250366 0.098343
v 0.111021 -0.277260 0.098812
v -0.018347 -0.113303 0.084003
v -0.052195 -0.211763 0.052205
v -0.011778 -0.274374 0.058528
v -0.036745 -0.247087 0.050070
v 0.062781 -0.216062 0.080665
v 0.019490 -0.161027 0.075078
v 0.041269 -0.188685 0.073764
v 0.087164 -0.105823 0.042206
v 0.139824 -0.159619 0.043913
v 0.118519 -0.128916 0.037194
v 0.065504 -0.219175 0.055668
v 0.018897 -0.160305 0.049731
v 0.042425 -0.189981 0.048458
v -0.109877 0.007978 0.106232
v -0.080831 -0.034223 0.240074
v -0.124201 0.015336 0.116740
v -0.095391 -0.026630 0.250628
v -0.075083 0.075070 0.115548
v -0.043081 0.029913 0.247623
v -0.089177 0.082198 0.126479
v -0.057409 0.037275 0.258611
v -0.114367 -0.012119 0.150125
v -0.102925 -0.028856 0.204122
v -0.121566 -0.019142 0.217478
v -0.132886 -0.002526 0.163459
v -0.071742 0.067205 0.229295
v -0.084654 0.085412 0.176216
v -0.053496 0.057885 0.215201
v -0.066528 0.076212 0.162152
v -0.114984 0.055385 0.114534
v -0.076928 0.002636 0.271632
v -0.096218 0.045826 0.100391
v -0.057798 -0.007287 0.257395
v -0.092162 0.033635 0.153294
v -0.077912 0.013593 0.213552
v -0.121180 0.048527 0.174917
v -0.107146 0.028700 0.235227
v -0.116350 0.010503 0.106892
v -0.086125 -0.033475 0.246868
v -0.122163 0.033418 0.113212
v -0.066286 0.022869 0.267629
v -0.080375 0.079820 0.116721
v -0.046956 0.032648 0.254791
v -0.083965 0.063843 0.105510
v -0.070584 -0.024029 0.249637
v -0.104265 0.006972 0.149950
v -0.091560 -0.011444 0.207966
v -0.070277 0.086054 0.168967
v -0.057282 0.067805 0.221547
v -0.103639 0.071831 0.177480
v -0.090135 0.052617 0.234951
v -0.125106 -0.014647 0.154903
v -0.113914 -0.031093 0.208553
v -0.101640 0.072805 0.119059
v -0.088758 -0.014568 0.262947
v -0.104318 0.024286 0.099973
v -0.048282 0.013578 0.253999
v -0.076659 0.058071 0.156911
v -0.062962 0.038664 0.214337
v -0.131581 0.021068 0.169892
v -0.119069 0.002846 0.227947
v -0.060390 -0.008431 0.273369
v -0.104450 0.052432 0.093303
v -0.092310 0.068637 0.099194
v -0.072993 -0.023237 0.263998
v -0.051991 0.011717 0.268087
v -0.111243 0.031614 0.093861
v 0.062130 0.086709 0.109735
v 0.007111 0.080244 0.242589
v 0.076019 0.094346 0.120861
v 0.021479 0.087402 0.254010
v 0.105817 0.024215 0.113313
v 0.050191 0.018358 0.247409
v 0.119676 0.031882 0.123958
v 0.064535 0.025540 0.258354
v 0.045817 0.098680 0.154679
v 0.023808 0.095940 0.208132
v 0.042130 0.105200 0.222705
v 0.063891 0.108187 0.169101
v 0.099886 0.022308 0.227517
v 0.121969 0.024974 0.173241
v 0.081611 0.013002 0.213761
v 0.103945 0.015416 0.159638
v 0.107838 0.066875 0.115342
v 0.040575 0.057775 0.273355
v 0.089522 0.056739 0.101002
v 0.021519 0.048379 0.258537
v 0.077078 0.057689 0.154446
v 0.051602 0.054556 0.214987
v 0.105709 0.072709 0.176558
v 0.080674 0.069135 0.237374
v 0.067663 0.090747 0.110717
v 0.010336 0.083796 0.249704
v 0.091435 0.083794 0.116077
v 0.055021 0.039463 0.268247
v 0.112814 0.026161 0.114204
v 0.054833 0.019863 0.254534
v 0.099802 0.037444 0.104377
v 0.011716 0.066902 0.251523
v 0.058430 0.080951 0.153089
v 0.034618 0.078078 0.210875
v 0.115171 0.013329 0.165684
v 0.093086 0.010857 0.219495
v 0.118783 0.046919 0.176317
v 0.095168 0.043848 0.234764
v 0.048802 0.108407 0.160391
v 0.027084 0.105568 0.213443
v 0.117122 0.047048 0.117788
v 0.029730 0.075812 0.265704
v 0.074092 0.074213 0.102313
v 0.037025 0.030535 0.254415
v 0.092036 0.032816 0.155953
v 0.068021 0.030146 0.214156
v 0.085221 0.095008 0.174154
v 0.061805 0.091739 0.232181
v 0.021591 0.050644 0.274621
v 0.099478 0.060522 0.093830
v 0.108153 0.042161 0.097958
v 0.013488 0.068030 0.265992
v 0.037097 0.034093 0.268648
v 0.084121 0.076522 0.096181
v 0.109870 -0.007984 0.106233
v 0.080824 0.034218 0.240074
v 0.124195 -0.015342 0.116740
v 0.095384 0.026624 0.250629
v 0.075076 -0.075076 0.115549
v 0.043074 -0.029919 0.247623
v 0.089170 -0.082204 0.126479
v 0.057403 -0.037281 0.258611
v 0.114360 0.012113 0.150126
v 0.102918 0.028850 0.204122
v 0.121559 0.019136 0.217479
v 0.132879 0.002520 0.163459
v 0.071736 -0.067211 0.229296
v 0.084647 -0.085418 0.176217
v 0.053489 -0.057891 0.215201
v 0.066522 -0.076218 0.162152
v 0.114978 -0.055391 0.114534
v 0.076921 -0.002642 0.271632
v 0.096211 -0.045832 0.100391
v 0.057791 0.007281 0.257395
v 0.092155 -0.033641 0.153294
v 0.077906 -0.013599 0.213553
v 0.121173 -0.048533 0.174918
v 0.107139 -0.028706 0.235228
v 0.116343 -0.010509 0.106892
v 0.086118 0.033470 0.246868
v 0.122157 -0.033424 0.113212
v 0.066279 -0.022875 0.267629
v 0.080368 -0.079826 0.116721
v 0.046949 -0.032654 0.254791
v 0.083958 -0.063849 0.105510
v 0.070577 0.024023 0.249637
v 0.104259 -0.006978 0.149950
v 0.091553 0.011438 0.207966
v 0.070270 -0.086060 0.168968
v 0.057276 -0.067811 0.221547
v 0.103632 -0.071837 0.177480
v 0.090128 -0.052623 0.234951
v 0.125099 0.014641 0.154903
v 0.113907 0.031087 0.208553
v 0.101634 -0.072811 0.119060
v 0.088751 0.014563 0.262947
v 0.104312 -0.024292 0.099973
v 0.048275 -0.013584 0.253999
v 0.076653 -0.058077 0.156912
v 0.062956 -0.038670 0.214337
v 0.131574 -0.021074 0.169893
v 0.119062 -0.002852 0.227948
v 0.060383 0.008426 0.273369
v 0.104444 -0.052438 0.093303
v 0.092304 -0.068643 0.099195
v 0.072986 0.023231 0.263998
v 0.051984 -0.011723 0.268087
v 0.111237 -0.031620 0.093862
v 0.047773 -0.094734 0.110295
v 0.073734 -0.046055 0.240379
v 0.048213 -0.109733 0.122162
v 0.073942 -0.060824 0.251904
v -0.030806 -0.099234 0.117597
v -0.007127 -0.048274 0.248369
v -0.030600 -0.113999 0.129517
v -0.007149 -0.062811 0.259940
v 0.068605 -0.086636 0.153464
v 0.079160 -0.067148 0.205709
v 0.079507 -0.086151 0.220675
v 0.069071 -0.105757 0.168607
v -0.028203 -0.089475 0.231170
v -0.037415 -0.110307 0.178738
v -0.028151 -0.070871 0.216124
v -0.037480 -0.091586 0.163511
v 0.007081 -0.122216 0.120086
v 0.036356 -0.060435 0.273376
v 0.006654 -0.102544 0.104294
v 0.036276 -0.041111 0.258146
v 0.015062 -0.091323 0.156709
v 0.026306 -0.068166 0.215688
v 0.015425 -0.121211 0.180849
v 0.026463 -0.097848 0.239503
v 0.048716 -0.101301 0.111527
v 0.075808 -0.050360 0.247383
v 0.030718 -0.117223 0.119051
v 0.011251 -0.062339 0.269313
v -0.032525 -0.105917 0.119080
v -0.007896 -0.052513 0.255675
v -0.015902 -0.101243 0.108426
v 0.058874 -0.042899 0.250142
v 0.045856 -0.087964 0.153507
v 0.056964 -0.066677 0.209935
v -0.044973 -0.099325 0.170316
v -0.035850 -0.078637 0.222472
v -0.015240 -0.118674 0.181893
v -0.005083 -0.096436 0.238264
v 0.076381 -0.093857 0.158799
v 0.086892 -0.074558 0.210542
v -0.015579 -0.119777 0.123363
v 0.059048 -0.061285 0.264554
v 0.030223 -0.098516 0.104154
v 0.011246 -0.044123 0.254868
v -0.015429 -0.090857 0.159305
v -0.005085 -0.068805 0.215963
v 0.046388 -0.116125 0.176023
v 0.057307 -0.094649 0.232170
v 0.038797 -0.042231 0.274152
v 0.004916 -0.112918 0.097930
v -0.015923 -0.110739 0.102743
v 0.059512 -0.044821 0.264597
v 0.014884 -0.045821 0.269054
v 0.027110 -0.108144 0.098766
v -0.062138 -0.086717 0.109735
v -0.007120 -0.080252 0.242590
v -0.076027 -0.094354 0.120861
v -0.021488 -0.087410 0.254010
v -0.105825 -0.024223 0.113312
v -0.050199 -0.018365 0.247409
v -0.119685 -0.031890 0.123958
v -0.064544 -0.025547 0.258354
v -0.045825 -0.098687 0.154680
v -0.023817 -0.095948 0.208133
v -0.042139 -0.105208 0.222705
v -0.063900 -0.108195 0.169101
v -0.099895 -0.022316 0.227516
v -0.121978 -0.024982 0.173240
v -0.081620 -0.013009 0.213760
v -0.103954 -0.015424 0.159638
v -0.107847 -0.066883 0.115342
v -0.040584 -0.057782 0.273355
v -0.089530 -0.056747 0.101002
v -0.021528 -0.048387 0.258537
v -0.077087 -0.057697 0.154446
v -0.051611 -0.054563 0.214987
v -0.105718 -0.072717 0.176558
v -0.080683 -0.069142 0.237374
v -0.067672 -0.090755 0.110717
v -0.010345 -0.083803 0.249704
v -0.091443 -0.083802 0.116077
v -0.055030 -0.039470 0.268247
v -0.112823 -0.026169 0.114204
v -0.054842 -0.019871 0.254534
v -0.099810 -0.037452 0.104377
v -0.011725 -0.066910 0.251523
v -0.058439 -0.080958 0.153089
v -0.034627 -0.078085 0.210875
v -0.115179 -0.013337 0.165683
v -0.093095 -0.010865 0.219495
v -0.118792 -0.046926 0.176317
v -0.095177 -0.043856 0.234763
v -0.048810 -0.108414 0.160391
v -0.027093 -0.105576 0.213443
v -0.117130 -0.047056 0.117787
v -0.029739 -0.075820 0.265705
v -0.074100 -0.074221 0.102313
v -0.037034 -0.030542 0.254415
v -0.092045 -0.032824 0.155953
v -0.068030 -0.030154 0.214156
v -0.085230 -0.095016 0.174154
v -0.061814 -0.091746 0.232181
v -0.021600 -0.050651 0.274621
v -0.099486 -0.060530 0.093830
v -0.108162 -0.042169 0.097958
v -0.013497 -0.068038 0.265992
v -0.037106 -0.034101 0.268648
v -0.084129 -0.076530 0.096181
v -0.047782 0.094726 0.110295
v -0.073742 0.046048 0.240379
v -0.048221 0.109725 0.122161
v -0.073951 0.060816 0.251904
v 0.030798 0.099226 0.117597
v 0.007118 0.048267 0.248369
v 0.030592 0.113991 0.129517
v 0.007141 0.062804 0.259940
v -0.068614 0.086629 0.153464
v -0.079169 0.067141 0.205708
v -0.079516 0.086143 0.220675
v -0.069079 0.105749 0.168606
v 0.028194 0.089468 0.231170
v 0.037406 0.110299 0.178738
v 0.028143 0.070864 0.216123
v 0.037472 0.091578 0.163511
v -0.007090 0.122208 0.120086
v -0.036365 0.060427 0.273376
v -0.006663 0.102536 0.104294
v -0.036285 0.041103 0.258146
v -0.015070 0.091315 0.156708
v -0.026315 0.068158 0.215688
v -0.015433 0.121203 0.180848
v -0.026472 0.097840 0.239503
v -0.048724 0.101293 0.111527
v -0.075817 0.050353 0.247382
v -0.030727 0.117215 0.119050
v -0.011259 0.062331 0.269313
v 0.032516 0.105909 0.119080
v 0.007887 0.052505 0.255675
v 0.015894 0.101235 0.108426
v -0.058883 0.042892 0.250142
v -0.045865 0.087956 0.153506
v -0.056973 0.066670 0.209935
v 0.044964 0.099317 0.170315
v 0.035841 0.078629 0.222472
v 0.015232 0.118666 0.181893
v 0.005075 0.096428 0.238264
v -0.076389 0.093849 0.158799
v -0.086901 0.074550 0.210541
v 0.015570 0.119769 0.123362
v -0.059057 0.061278 0.264553
v -0.030231 0.098508 0.104153
v -0.011255 0.044115 0.254868
v 0.015420 0.090849 0.159304
v 0.005076 0.068797 0.215963
v -0.046396 0.116117 0.176022
v -0.057316 0.094642 0.232169
v -0.038806 0.042224 0.274152
v -0.004925 0.112910 0.097929
v 0.015915 0.110731 0.102742
v -0.059521 0.044814 0.264597
v -0.014893 0.045813 0.269054
v -0.027118 0.108136 0.098766
vt 0.840020 0.592767
vt 0.833772 0.539696
vt 0.839596 0.585835
vt 0.841600 0.597060
vt 0.836842 0.539696
vt 0.844211 0.592767
vt 0.843259 0.597169
vt 0.839596 0.585150
vt 0.836842 0.531367
vt 0.844211 0.584437
vt 0.844751 0.584437
vt 0.837237 0.531367
vt 0.822156 0.592767
vt 0.820690 0.539696
vt 0.816680 0.575666
vt 0.819672 0.597638
vt 0.812670 0.539696
vt 0.811204 0.592767
vt 0.813688 0.597638
vt 0.812670 0.531367
vt 0.811204 0.584437
vt 0.805938 0.584437
vt 0.808813 0.531367
vt 0.790746 0.592767
vt 0.797688 0.539696
vt 0.801821 0.517952
vt 0.790906 0.592650
vt 0.802144 0.539696
vt 0.796831 0.592769
vt 0.795883 0.592492
vt 0.801821 0.518599
vt 0.802144 0.531367
vt 0.796831 0.584440
vt 0.801085 0.584439
vt 0.805259 0.531367
vt 0.816680 0.546992
vt 0.816680 0.600063
vt 0.822156 0.600063
vt 0.820690 0.546992
vt 0.816680 0.555321
vt 0.820690 0.555321
vt 0.822156 0.608392
vt 0.816680 0.608392
vt 0.816680 0.602196
vt 0.816680 0.586571
vt 0.821160 0.586571
vt 0.824547 0.539696
vt 0.820690 0.539696
vt 0.824879 0.586571
vt 0.828101 0.539696
vt 0.831216 0.539696
vt 0.827496 0.586571
vt 0.835672 0.539696
vt 0.828275 0.586571
vt 0.837237 0.539696
vt 0.828275 0.602196
vt 0.836842 0.555321
vt 0.837237 0.555321
vt 0.827496 0.602196
vt 0.835672 0.555321
vt 0.824879 0.602196
vt 0.833772 0.555321
vt 0.831216 0.555321
vt 0.828101 0.555321
vt 0.824879 0.586571
vt 0.821160 0.586571
vt 0.824547 0.539696
vt 0.828101 0.539696
vt 0.816680 0.586571
vt 0.816680 0.539696
vt 0.812200 0.586571
vt 0.808813 0.539696
vt 0.808481 0.586571
vt 0.805259 0.539696
vt 0.808481 0.602196
vt 0.802144 0.555321
vt 0.805259 0.555321
vt 0.799588 0.555321
vt 0.805864 0.602196
vt 0.797688 0.555321
vt 0.805864 0.586571
vt 0.805085 0.586571
vt 0.796518 0.539696
vt 0.797688 0.539696
vt 0.796123 0.539696
vt 0.796518 0.539696
vt 0.805864 0.586571
vt 0.808481 0.586571
vt 0.801091 0.539696
vt 0.805259 0.539696
vt 0.812200 0.586571
vt 0.808813 0.539696
vt 0.812670 0.539696
vt 0.816680 0.539696
vt 0.816680 0.586571
vt 0.816680 0.602196
vt 0.820690 0.531367
vt 0.822156 0.584438
vt 0.827422 0.584438
vt 0.824547 0.531367
vt 0.812670 0.531367
vt 0.811204 0.584438
vt 0.816680 0.584438
vt 0.816680 0.531367
vt 0.828101 0.531367
vt 0.832275 0.584438
vt 0.836529 0.584438
vt 0.831216 0.531367
vt 0.840020 0.584437
vt 0.833772 0.531367
vt 0.841600 0.588731
vt 0.839596 0.577505
vt 0.844211 0.584437
vt 0.836842 0.531367
vt 0.839596 0.576820
vt 0.843259 0.588839
vt 0.836842 0.546992
vt 0.844211 0.600062
vt 0.842614 0.600062
vt 0.835672 0.546992
vt 0.840020 0.600062
vt 0.833772 0.546992
vt 0.836529 0.600062
vt 0.831216 0.546992
vt 0.832275 0.600062
vt 0.828101 0.546992
vt 0.828101 0.531367
vt 0.832275 0.584437
vt 0.827422 0.584437
vt 0.824547 0.531367
vt 0.822156 0.584437
vt 0.820690 0.531367
vt 0.819672 0.589308
vt 0.816680 0.567337
vt 0.801085 0.584437
vt 0.805259 0.531367
vt 0.813688 0.589308
vt 0.805259 0.546992
vt 0.801085 0.600062
vt 0.796831 0.600062
vt 0.802144 0.546992
vt 0.793340 0.600062
vt 0.799588 0.546992
vt 0.790746 0.600062
vt 0.797688 0.546992
vt 0.797688 0.531367
vt 0.790746 0.584437
vt 0.789149 0.584437
vt 0.796518 0.531367
vt 0.788609 0.584437
vt 0.796123 0.531367
vt 0.789149 0.584437
vt 0.796518 0.531367
vt 0.790746 0.584437
vt 0.797688 0.531367
vt 0.790906 0.584320
vt 0.801821 0.509623
vt 0.805938 0.584439
vt 0.808813 0.531367
vt 0.801821 0.510270
vt 0.795883 0.584162
vt 0.816680 0.593867
vt 0.816680 0.578242
vt 0.821160 0.578242
vt 0.824879 0.578242
vt 0.835672 0.531367
vt 0.827496 0.578242
vt 0.828275 0.578242
vt 0.828275 0.593867
vt 0.837237 0.546992
vt 0.827496 0.593867
vt 0.824879 0.593867
vt 0.824879 0.578242
vt 0.821160 0.578242
vt 0.816680 0.578242
vt 0.816680 0.531367
vt 0.812200 0.578242
vt 0.808481 0.578242
vt 0.808481 0.593867
vt 0.805864 0.593867
vt 0.805864 0.578242
vt 0.805085 0.578242
vt 0.805864 0.578242
vt 0.801091 0.531367
vt 0.808481 0.578242
vt 0.812200 0.578242
vt 0.816680 0.578242
vt 0.816680 0.593867
vt 0.789149 0.592767
vt 0.790746 0.592767
vt 0.842614 0.608392
vt 0.844211 0.608392
vt 0.788609 0.592767
vt 0.840020 0.608392
vt 0.789149 0.592767
vt 0.836529 0.608392
vt 0.832275 0.608392
vt 0.827422 0.592767
vt 0.832275 0.592767
vt 0.816680 0.592767
vt 0.811204 0.592768
vt 0.827422 0.592767
vt 0.822156 0.592767
vt 0.801085 0.592769
vt 0.832275 0.592767
vt 0.805938 0.592768
vt 0.836529 0.592767
vt 0.805938 0.592767
vt 0.801085 0.592767
vt 0.839596 0.579830
vt 0.796831 0.608392
vt 0.801085 0.608392
vt 0.793340 0.608392
vt 0.844751 0.592767
vt 0.790746 0.608392
vt 0.844751 0.608392
vt 0.839596 0.571238
vt 0.839596 0.579568
vt 0.839596 0.571501
vt 0.822417 0.614058
vt 0.816680 0.614058
vt 0.816680 0.617821
vt 0.822416 0.617821
vt 0.827933 0.598433
vt 0.822417 0.598433
vt 0.822416 0.602196
vt 0.827932 0.602196
vt 0.833017 0.598433
vt 0.833015 0.602196
vt 0.837473 0.598433
vt 0.837470 0.602196
vt 0.841130 0.598433
vt 0.841127 0.602196
vt 0.846086 0.598433
vt 0.845521 0.598433
vt 0.845517 0.602196
vt 0.846082 0.602196
vt 0.845521 0.614058
vt 0.846086 0.614058
vt 0.846082 0.617821
vt 0.845517 0.617821
vt 0.843848 0.614058
vt 0.843844 0.617821
vt 0.841130 0.614058
vt 0.841127 0.617821
vt 0.837473 0.614058
vt 0.837470 0.617821
vt 0.833017 0.614058
vt 0.833015 0.617821
vt 0.827933 0.598433
vt 0.833017 0.598433
vt 0.833015 0.602196
vt 0.827932 0.602196
vt 0.822417 0.598433
vt 0.822416 0.602196
vt 0.805427 0.598433
vt 0.810943 0.598433
vt 0.810944 0.602196
vt 0.805428 0.602196
vt 0.800343 0.598433
vt 0.800345 0.602196
vt 0.795887 0.614058
vt 0.800343 0.614058
vt 0.800345 0.617821
vt 0.795889 0.617821
vt 0.792230 0.614058
vt 0.792233 0.617821
vt 0.789513 0.598433
vt 0.792230 0.598433
vt 0.792233 0.602196
vt 0.789516 0.602196
vt 0.789516 0.617821
vt 0.787839 0.598433
vt 0.787843 0.602196
vt 0.787274 0.598433
vt 0.787278 0.602196
vt 0.787839 0.598433
vt 0.787843 0.602196
vt 0.789513 0.598433
vt 0.789516 0.602196
vt 0.800343 0.598433
vt 0.795887 0.598433
vt 0.795891 0.602196
vt 0.800345 0.602196
vt 0.805427 0.598433
vt 0.805428 0.602196
vt 0.810943 0.598433
vt 0.810944 0.602196
vt 0.816680 0.598433
vt 0.816680 0.602196
vt 0.816680 0.609492
vt 0.822416 0.609492
vt 0.816680 0.613256
vt 0.822417 0.613256
vt 0.822416 0.593867
vt 0.827932 0.593867
vt 0.822417 0.597631
vt 0.827933 0.597631
vt 0.833015 0.593867
vt 0.833017 0.597631
vt 0.837470 0.593867
vt 0.837473 0.597631
vt 0.841127 0.593867
vt 0.841130 0.597631
vt 0.845517 0.593867
vt 0.846082 0.593867
vt 0.845521 0.597631
vt 0.846086 0.597631
vt 0.844751 0.600062
vt 0.846082 0.609492
vt 0.845517 0.609492
vt 0.846086 0.613256
vt 0.845521 0.613256
vt 0.843844 0.609492
vt 0.843847 0.613256
vt 0.841127 0.609492
vt 0.841130 0.613256
vt 0.837470 0.609492
vt 0.837473 0.613256
vt 0.833015 0.609492
vt 0.833017 0.613256
vt 0.833015 0.593867
vt 0.827932 0.593867
vt 0.833017 0.597631
vt 0.827933 0.597631
vt 0.822416 0.593867
vt 0.822417 0.597631
vt 0.810944 0.593867
vt 0.805428 0.593867
vt 0.810943 0.597631
vt 0.805427 0.597631
vt 0.800345 0.593867
vt 0.800343 0.597631
vt 0.800345 0.609492
vt 0.795889 0.609492
vt 0.800343 0.613256
vt 0.795887 0.613256
vt 0.792233 0.609492
vt 0.792230 0.613256
vt 0.789516 0.609492
vt 0.789516 0.593867
vt 0.792233 0.593867
vt 0.792230 0.597631
vt 0.789513 0.597631
vt 0.787843 0.593867
vt 0.787839 0.597631
vt 0.787278 0.593867
vt 0.787274 0.597631
vt 0.787843 0.593867
vt 0.787839 0.597631
vt 0.789516 0.593867
vt 0.789513 0.597631
vt 0.795891 0.593867
vt 0.800345 0.593867
vt 0.795887 0.597631
vt 0.800343 0.597631
vt 0.805428 0.593867
vt 0.805427 0.597631
vt 0.810944 0.593867
vt 0.810943 0.597631
vt 0.816680 0.593867
vt 0.816680 0.597631
vt 0.814448 0.602196
vt 0.816680 0.602196
vt 0.814536 0.598433
vt 0.816680 0.598433
vt 0.818912 0.602196
vt 0.818824 0.598433
vt 0.818912 0.593867
vt 0.816680 0.593867
vt 0.818824 0.597631
vt 0.816680 0.597631
vt 0.814448 0.593867
vt 0.814536 0.597631
vt 0.844209 0.602196
vt 0.841720 0.602196
vt 0.844293 0.598433
vt 0.841720 0.598433
vt 0.843017 0.602196
vt 0.843125 0.598433
vt 0.843017 0.593867
vt 0.841720 0.593867
vt 0.843125 0.597631
vt 0.841720 0.597631
vt 0.844209 0.593867
vt 0.844293 0.597631
vt 0.794390 0.601100
vt 0.799129 0.539696
vt 0.794207 0.598433
vt 0.799129 0.535933
vt 0.790207 0.601322
vt 0.790140 0.598433
vt 0.790207 0.592992
vt 0.799129 0.531367
vt 0.790140 0.597631
vt 0.799129 0.535131
vt 0.794390 0.592770
vt 0.794207 0.597631
vt 0.193850 0.813353
vt 0.212600 0.814863
vt 0.186688 0.814863
vt 0.225750 0.818942
vt 0.231351 0.818148
vt 0.170673 0.814863
vt 0.186688 0.814863
vt 0.212600 0.814863
vt 0.235777 0.832822
vt 0.181665 0.818942
vt 0.205438 0.818148
vt 0.193850 0.832822
vt 0.154419 0.818942
vt 0.163511 0.818148
vt 0.151922 0.832822
vt 0.181665 0.818942
vt 0.163511 0.818148
vt 0.167938 0.832822
vt 0.225750 0.818942
vt 0.205438 0.818148
vt 0.219762 0.832822
vt 0.219762 0.832822
vt 0.167938 0.832822
vt 0.151922 0.832822
vt 0.193850 0.832822
vt 0.235777 0.832822
vt 0.206034 0.835305
vt 0.224189 0.835741
vt 0.201012 0.841576
vt 0.161950 0.835305
vt 0.182261 0.835741
vt 0.175099 0.841576
vt 0.161950 0.835305
vt 0.156349 0.835741
vt 0.175099 0.841576
vt 0.206034 0.835305
vt 0.182261 0.835741
vt 0.201012 0.841576
vt 0.233281 0.835305
vt 0.224189 0.835741
vt 0.217027 0.841576
vt 0.193850 0.842406
vt 0.154683 0.935879
vt 0.166951 0.971356
vt 0.167726 0.968962
vt 0.158851 0.935560
vt 0.186640 0.918887
vt 0.197905 0.927732
vt 0.202618 0.889536
vt 0.186640 0.874583
vt 0.205553 0.922087
vt 0.214428 0.888685
vt 0.205553 0.968962
vt 0.206328 0.971356
vt 0.218596 0.935879
vt 0.214428 0.935560
vt 0.205553 0.970160
vt 0.214428 0.937158
vt 0.186640 0.920485
vt 0.175374 0.929261
vt 0.170661 0.891833
vt 0.186640 0.876978
vt 0.167726 0.923285
vt 0.158851 0.890283
vt 0.186640 0.830645
vt 0.170661 0.847395
vt 0.175374 0.811589
vt 0.186640 0.792868
vt 0.197226 0.852648
vt 0.206328 0.862378
vt 0.205553 0.864435
vt 0.197905 0.858464
vt 0.186640 0.849010
vt 0.186640 0.855368
vt 0.186640 0.981387
vt 0.175374 0.974607
vt 0.176053 0.980881
vt 0.186640 0.988209
vt 0.167726 0.970160
vt 0.175374 0.976136
vt 0.186640 0.982985
vt 0.158851 0.849005
vt 0.167726 0.817560
vt 0.214428 0.894282
vt 0.218596 0.895864
vt 0.205553 0.863238
vt 0.214428 0.895880
vt 0.186640 0.828249
vt 0.202618 0.845099
vt 0.197905 0.810061
vt 0.186640 0.791271
vt 0.214428 0.847407
vt 0.205553 0.816363
vt 0.167726 0.864435
vt 0.158851 0.895880
vt 0.154683 0.895864
vt 0.166951 0.862378
vt 0.158851 0.894282
vt 0.158851 0.937158
vt 0.158851 0.888685
vt 0.170661 0.889536
vt 0.170661 0.845099
vt 0.158851 0.847407
vt 0.186640 0.890208
vt 0.186640 0.843874
vt 0.175374 0.810061
vt 0.167726 0.816363
vt 0.186640 0.806896
vt 0.214428 0.890283
vt 0.202618 0.891833
vt 0.202618 0.847395
vt 0.214428 0.849005
vt 0.186640 0.892603
vt 0.186640 0.846270
vt 0.197905 0.811589
vt 0.205553 0.817560
vt 0.186640 0.808493
vt 0.205553 0.923285
vt 0.197905 0.929261
vt 0.197905 0.974607
vt 0.197226 0.980881
vt 0.197905 0.976136
vt 0.176053 0.852648
vt 0.175374 0.858464
vt 0.186640 0.936110
vt 0.167726 0.922087
vt 0.175374 0.927732
vt 0.186640 0.934512
vt 0.154683 0.935879
vt 0.166951 0.971356
vt 0.167726 0.968962
vt 0.158851 0.935560
vt 0.186640 0.918887
vt 0.197905 0.927732
vt 0.202618 0.889536
vt 0.186640 0.874583
vt 0.205553 0.922087
vt 0.214428 0.888685
vt 0.205553 0.968962
vt 0.206328 0.971356
vt 0.218596 0.935879
vt 0.214428 0.935560
vt 0.205553 0.970160
vt 0.214428 0.937158
vt 0.186640 0.920485
vt 0.175374 0.929261
vt 0.170661 0.891833
vt 0.186640 0.876978
vt 0.167726 0.923285
vt 0.158851 0.890283
vt 0.186640 0.830645
vt 0.170661 0.847395
vt 0.175374 0.811589
vt 0.186640 0.792868
vt 0.197226 0.852648
vt 0.206328 0.862378
vt 0.205553 0.864435
vt 0.197905 0.858464
vt 0.186640 0.849010
vt 0.186640 0.855368
vt 0.186640 0.981387
vt 0.175374 0.974607
vt 0.176053 0.980881
vt 0.186640 0.988209
vt 0.167726 0.970160
vt 0.175374 0.976136
vt 0.186640 0.982985
vt 0.158851 0.849005
vt 0.167726 0.817560
vt 0.214428 0.894282
vt 0.218596 0.895864
vt 0.205553 0.863238
vt 0.214428 0.895880
vt 0.186640 0.828249
vt 0.202618 0.845099
vt 0.197905 0.810061
vt 0.186640 0.791271
vt 0.214428 0.847407
vt 0.205553 0.816363
vt 0.167726 0.864435
vt 0.158851 0.895880
vt 0.154683 0.895864
vt 0.166951 0.862378
vt 0.158851 0.894282
vt 0.158851 0.937158
vt 0.158851 0.888685
vt 0.170661 0.889536
vt 0.170661 0.845099
vt 0.158851 0.847407
vt 0.186640 0.890208
vt 0.186640 0.843874
vt 0.175374 0.810061
vt 0.167726 0.816363
vt 0.186640 0.806896
vt 0.214428 0.890283
vt 0.202618 0.891833
vt 0.202618 0.847395
vt 0.214428 0.849005
vt 0.186640 0.892603
vt 0.186640 0.846270
vt 0.197905 0.811589
vt 0.205553 0.817560
vt 0.186640 0.808493
vt 0.205553 0.923285
vt 0.197905 0.929261
vt 0.197905 0.974607
vt 0.197226 0.980881
vt 0.197905 0.976136
vt 0.176053 0.852648
vt 0.175374 0.858464
vt 0.186640 0.936110
vt 0.167726 0.922087
vt 0.175374 0.927732
vt 0.186640 0.934512
vt 0.154683 0.935879
vt 0.166951 0.971356
vt 0.167726 0.968962
vt 0.158851 0.935560
vt 0.186640 0.918887
vt 0.197905 0.927732
vt 0.202618 0.889536
vt 0.186640 0.874583
vt 0.205553 0.922087
vt 0.214428 0.888685
vt 0.205553 0.968962
vt 0.206328 0.971356
vt 0.218596 0.935879
vt 0.214428 0.935560
vt 0.205553 0.970160
vt 0.214428 0.937158
vt 0.186640 0.920485
vt 0.175374 0.929261
vt 0.170661 0.891833
vt 0.186640 0.876978
vt 0.167726 0.923285
vt 0.158851 0.890283
vt 0.186640 0.830645
vt 0.170661 0.847395
vt 0.175374 0.811589
vt 0.186640 0.792868
vt 0.197226 0.852648
vt 0.206328 0.862378
vt 0.205553 0.864435
vt 0.197905 0.858464
vt 0.186640 0.849010
vt 0.186640 0.855368
vt 0.186640 0.981387
vt 0.175374 0.974607
vt 0.176053 0.980881
vt 0.186640 0.988209
vt 0.167726 0.970160
vt 0.175374 0.976136
vt 0.186640 0.982985
vt 0.158851 0.849005
vt 0.167726 0.817560
vt 0.214428 0.894282
vt 0.218596 0.895864
vt 0.205553 0.863238
vt 0.214428 0.895880
vt 0.186640 0.828249
vt 0.202618 0.845099
vt 0.197905 0.810061
vt 0.186640 0.791271
vt 0.214428 0.847407
vt 0.205553 0.816363
vt 0.167726 0.864435
vt 0.158851 0.895880
vt 0.154683 0.895864
vt 0.166951 0.862378
vt 0.158851 0.894282
vt 0.158851 0.937158
vt 0.158851 0.888685
vt 0.170661 0.889536
vt 0.170661 0.845099
vt 0.158851 0.847407
vt 0.186640 0.890208
vt 0.186640 0.843874
vt 0.175374 0.810061
vt 0.167726 0.816363
vt 0.186640 0.806896
vt 0.214428 0.890283
vt 0.202618 0.891833
vt 0.202618 0.847395
vt 0.214428 0.849005
vt 0.186640 0.892603
vt 0.186640 0.846270
vt 0.197905 0.811589
vt 0.205553 0.817560
vt 0.186640 0.808493
vt 0.205553 0.923285
vt 0.197905 0.929261
vt 0.197905 0.974607
vt 0.197226 0.980881
vt 0.197905 0.976136
vt 0.176053 0.852648
vt 0.175374 0.858464
vt 0.186640 0.936110
vt 0.167726 0.922087
vt 0.175374 0.927732
vt 0.186640 0.934512
vt 0.154683 0.935879
vt 0.166951 0.971356
vt 0.167726 0.968962
vt 0.158851 0.935560
vt 0.186640 0.918887
vt 0.197905 0.927732
vt 0.202618 0.889536
vt 0.186640 0.874583
vt 0.205553 0.922087
vt 0.214428 0.888685
vt 0.205553 0.968962
vt 0.206328 0.971356
vt 0.218596 0.935879
vt 0.214428 0.935560
vt 0.205553 0.970160
vt 0.214428 0.937158
vt 0.186640 0.920485
vt 0.175374 0.929261
vt 0.170661 0.891833
vt 0.186640 0.876978
vt 0.167726 0.923285
vt 0.158851 0.890283
vt 0.186640 0.830645
vt 0.170661 0.847395
vt 0.175374 0.811589
vt 0.186640 0.792868
vt 0.197226 0.852648
vt 0.206328 0.862378
vt 0.205553 0.864435
vt 0.197905 0.858464
vt 0.186640 0.849010
vt 0.186640 0.855368
vt 0.186640 0.981387
vt 0.175374 0.974607
vt 0.176053 0.980881
vt 0.186640 0.988209
vt 0.167726 0.970160
vt 0.175374 0.976136
vt 0.186640 0.982985
vt 0.158851 0.849005
vt 0.167726 0.817560
vt 0.214428 0.894282
vt 0.218596 0.895864
vt 0.205553 0.863238
vt 0.214428 0.895880
vt 0.186640 0.828249
vt 0.202618 0.845099
vt 0.197905 0.810061
vt 0.186640 0.791271
vt 0.214428 0.847407
vt 0.205553 0.816363
vt 0.167726 0.864435
vt 0.158851 0.895880
vt 0.154683 0.895864
vt 0.166951 0.862378
vt 0.158851 0.894282
vt 0.158851 0.937158
vt 0.158851 0.888685
vt 0.170661 0.889536
vt 0.170661 0.845099
vt 0.158851 0.847407
vt 0.186640 0.890208
vt 0.186640 0.843874
vt 0.175374 0.810061
vt 0.167726 0.816363
vt 0.186640 0.806896
vt 0.214428 0.890283
vt 0.202618 0.891833
vt 0.202618 0.847395
vt 0.214428 0.849005
vt 0.186640 0.892603
vt 0.186640 0.846270
vt 0.197905 0.811589
vt 0.205553 0.817560
vt 0.186640 0.808493
vt 0.205553 0.923285
vt 0.197905 0.929261
vt 0.197905 0.974607
vt 0.197226 0.980881
vt 0.197905 0.976136
vt 0.176053 0.852648
vt 0.175374 0.858464
vt 0.186640 0.936110
vt 0.167726 0.922087
vt 0.175374 0.927732
vt 0.186640 0.934512
vt 0.154683 0.935879
vt 0.166951 0.971356
vt 0.167726 0.968962
vt 0.158851 0.935560
vt 0.186640 0.918887
vt 0.197905 0.927732
vt 0.202618 0.889536
vt 0.186640 0.874583
vt 0.205553 0.922087
vt 0.214428 0.888685
vt 0.205553 0.968962
vt 0.206328 0.971356
vt 0.218596 0.935879
vt 0.214428 0.935560
vt 0.205553 0.970160
vt 0.214428 0.937158
vt 0.186640 0.920485
vt 0.175374 0.929261
vt 0.170661 0.891833
vt 0.186640 0.876978
vt 0.167726 0.923285
vt 0.158851 0.890283
vt 0.186640 0.830645
vt 0.170661 0.847395
vt 0.175374 0.811589
vt 0.186640 0.792868
vt 0.197226 0.852648
vt 0.206328 0.862378
vt 0.205553 0.864435
vt 0.197905 0.858464
vt 0.186640 0.849010
vt 0.186640 0.855368
vt 0.186640 0.981387
vt 0.175374 0.974607
vt 0.176053 0.980881
vt 0.186640 0.988209
vt 0.167726 0.970160
vt 0.175374 0.976136
vt 0.186640 0.982985
vt 0.158851 0.849005
vt 0.167726 0.817560
vt 0.214428 0.894282
vt 0.218596 0.895864
vt 0.205553 0.863238
vt 0.214428 0.895880
vt 0.186640 0.828249
vt 0.202618 0.845099
vt 0.197905 0.810061
vt 0.186640 0.791271
vt 0.214428 0.847407
vt 0.205553 0.816363
vt 0.167726 0.864435
vt 0.158851 0.895880
vt 0.154683 0.895864
vt 0.166951 0.862378
vt 0.158851 0.894282
vt 0.158851 0.937158
vt 0.158851 0.888685
vt 0.170661 0.889536
vt 0.170661 0.845099
vt 0.158851 0.847407
vt 0.186640 0.890208
vt 0.186640 0.843874
vt 0.175374 0.810061
vt 0.167726 0.816363
vt 0.186640 0.806896
vt 0.214428 0.890283
vt 0.202618 0.891833
vt 0.202618 0.847395
vt 0.214428 0.849005
vt 0.186640 0.892603
vt 0.186640 0.846270
vt 0.197905 0.811589
vt 0.205553 0.817560
vt 0.186640 0.808493
vt 0.205553 0.923285
vt 0.197905 0.929261
vt 0.197905 0.974607
vt 0.197226 0.980881
vt 0.197905 0.976136
vt 0.176053 0.852648
vt 0.175374 0.858464
vt 0.186640 0.936110
vt 0.167726 0.922087
vt 0.175374 0.927732
vt 0.186640 0.934512
vt 0.154683 0.935879
vt 0.166951 0.971356
vt 0.167726 0.968962
vt 0.158851 0.935560
vt 0.186640 0.918887
vt 0.197905 0.927732
vt 0.202618 0.889536
vt 0.186640 0.874583
vt 0.205553 0.922087
vt 0.214428 0.888685
vt 0.205553 0.968962
vt 0.206328 0.971356
vt 0.218596 0.935879
vt 0.214428 0.935560
vt 0.205553 0.970160
vt 0.214428 0.937158
vt 0.186640 0.920485
vt 0.175374 0.929261
vt 0.170661 0.891833
vt 0.186640 0.876978
vt 0.167726 0.923285
vt 0.158851 0.890283
vt 0.186640 0.830645
vt 0.170661 0.847395
vt 0.175374 0.811589
vt 0.186640 0.792868
vt 0.197226 0.852648
vt 0.206328 0.862378
vt 0.205553 0.864435
vt 0.197905 0.858464
vt 0.186640 0.849010
vt 0.186640 0.855368
vt 0.186640 0.981387
vt 0.175374 0.974607
vt 0.176053 0.980881
vt 0.186640 0.988209
vt 0.167726 0.970160
vt 0.175374 0.976136
vt 0.186640 0.982985
vt 0.158851 0.849005
vt 0.167726 0.817560
vt 0.214428 0.894282
vt 0.218596 0.895864
vt 0.205553 0.863238
vt 0.214428 0.895880
vt 0.186640 0.828249
vt 0.202618 0.845099
vt 0.197905 0.810061
vt 0.186640 0.791271
vt 0.214428 0.847407
vt 0.205553 0.816363
vt 0.167726 0.864435
vt 0.158851 0.895880
vt 0.154683 0.895864
vt 0.166951 0.862378
vt 0.158851 0.894282
vt 0.158851 0.937158
vt 0.158851 0.888685
vt 0.170661 0.889536
vt 0.170661 0.845099
vt 0.158851 0.847407
vt 0.186640 0.890208
vt 0.186640 0.843874
vt 0.175374 0.810061
vt 0.167726 0.816363
vt 0.186640 0.806896
vt 0.214428 0.890283
vt 0.202618 0.891833
vt 0.202618 0.847395
vt 0.214428 0.849005
vt 0.186640 0.892603
vt 0.186640 0.846270
vt 0.197905 0.811589
vt 0.205553 0.817560
vt 0.186640 0.808493
vt 0.205553 0.923285
vt 0.197905 0.929261
vt 0.197905 0.974607
vt 0.197226 0.980881
vt 0.197905 0.976136
vt 0.176053 0.852648
vt 0.175374 0.858464
vt 0.186640 0.936110
vt 0.167726 0.922087
vt 0.175374 0.927732
vt 0.186640 0.934512
vt 0.154683 0.935879
vt 0.166951 0.971356
vt 0.167726 0.968962
vt 0.158851 0.935560
vt 0.186640 0.918887
vt 0.197905 0.927732
vt 0.202618 0.889536
vt 0.186640 0.874583
vt 0.205553 0.922087
vt 0.214428 0.888685
vt 0.205553 0.968962
vt 0.206328 0.971356
vt 0.218596 0.935879
vt 0.214428 0.935560
vt 0.205553 0.970160
vt 0.214428 0.937158
vt 0.186640 0.920485
vt 0.175374 0.929261
vt 0.170661 0.891833
vt 0.186640 0.876978
vt 0.167726 0.923285
vt 0.158851 0.890283
vt 0.186640 0.830645
vt 0.170661 0.847395
vt 0.175374 0.811589
vt 0.186640 0.792868
vt 0.197226 0.852648
vt 0.206328 0.862378
vt 0.205553 0.864435
vt 0.197905 0.858464
vt 0.186640 0.849010
vt 0.186640 0.855368
vt 0.186640 0.981387
vt 0.175374 0.974607
vt 0.176053 0.980881
vt 0.186640 0.988209
vt 0.167726 0.970160
vt 0.175374 0.976136
vt 0.186640 0.982985
vt 0.158851 0.849005
vt 0.167726 0.817560
vt 0.214428 0.894282
vt 0.218596 0.895864
vt 0.205553 0.863238
vt 0.214428 0.895880
vt 0.186640 0.828249
vt 0.202618 0.845099
vt 0.197905 0.810061
vt 0.186640 0.791271
vt 0.214428 0.847407
vt 0.205553 0.816363
vt 0.167726 0.864435
vt 0.158851 0.895880
vt 0.154683 0.895864
vt 0.166951 0.862378
vt 0.158851 0.894282
vt 0.158851 0.937158
vt 0.158851 0.888685
vt 0.170661 0.889536
vt 0.170661 0.845099
vt 0.158851 0.847407
vt 0.186640 0.890208
vt 0.186640 0.843874
vt 0.175374 0.810061
vt 0.167726 0.816363
vt 0.186640 0.806896
vt 0.214428 0.890283
vt 0.202618 0.891833
vt 0.202618 0.847395
vt 0.214428 0.849005
vt 0.186640 0.892603
vt 0.186640 0.846270
vt 0.197905 0.811589
vt 0.205553 0.817560
vt 0.186640 0.808493
vt 0.205553 0.923285
vt 0.197905 0.929261
vt 0.197905 0.974607
vt 0.197226 0.980881
vt 0.197905 0.976136
vt 0.176053 0.852648
vt 0.175374 0.858464
vt 0.186640 0.936110
vt 0.167726 0.922087
vt 0.175374 0.927732
vt 0.186640 0.934512
vt 0.154683 0.935879
vt 0.166951 0.971356
vt 0.167726 0.968962
vt 0.158851 0.935560
vt 0.186640 0.918887
vt 0.197905 0.927732
vt 0.202618 0.889536
vt 0.186640 0.874583
vt 0.205553 0.922087
vt 0.214428 0.888685
vt 0.205553 0.968962
vt 0.206328 0.971356
vt 0.218596 0.935879
vt 0.214428 0.935560
vt 0.205553 0.970160
vt 0.214428 0.937158
vt 0.186640 0.920485
vt 0.175374 0.929261
vt 0.170661 0.891833
vt 0.186640 0.876978
vt 0.167726 0.923285
vt 0.158851 0.890283
vt 0.186640 0.830645
vt 0.170661 0.847395
vt 0.175374 0.811589
vt 0.186640 0.792868
vt 0.197226 0.852648
vt 0.206328 0.862378
vt 0.205553 0.864435
vt 0.197905 0.858464
vt 0.186640 0.849010
vt 0.186640 0.855368
vt 0.186640 0.981387
vt 0.175374 0.974607
vt 0.176053 0.980881
vt 0.186640 0.988209
vt 0.167726 0.970160
vt 0.175374 0.976136
vt 0.186640 0.982985
vt 0.158851 0.849005
vt 0.167726 0.817560
vt 0.214428 0.894282
vt 0.218596 0.895864
vt 0.205553 0.863238
vt 0.214428 0.895880
vt 0.186640 0.828249
vt 0.202618 0.845099
vt 0.197905 0.810061
vt 0.186640 0.791271
vt 0.214428 0.847407
vt 0.205553 0.816363
vt 0.167726 0.864435
vt 0.158851 0.895880
vt 0.154683 0.895864
vt 0.166951 0.862378
vt 0.158851 0.894282
vt 0.158851 0.937158
vt 0.158851 0.888685
vt 0.170661 0.889536
vt 0.170661 0.845099
vt 0.158851 0.847407
vt 0.186640 0.890208
vt 0.186640 0.843874
vt 0.175374 0.810061
vt 0.167726 0.816363
vt 0.186640 0.806896
vt 0.214428 0.890283
vt 0.202618 0.891833
vt 0.202618 0.847395
vt 0.214428 0.849005
vt 0.186640 0.892603
vt 0.186640 0.846270
vt 0.197905 0.811589
vt 0.205553 0.817560
vt 0.186640 0.808493
vt 0.205553 0.923285
vt 0.197905 0.929261
vt 0.197905 0.974607
vt 0.197226 0.980881
vt 0.197905 0.976136
vt 0.176053 0.852648
vt 0.175374 0.858464
vt 0.186640 0.936110
vt 0.167726 0.922087
vt 0.175374 0.927732
vt 0.186640 0.934512
vt 0.562509 0.773456
vt 0.562509 0.787243
vt 0.585387 0.830565
vt 0.562509 0.892000
vt 0.596541 0.893096
vt 0.590950 0.903550
vt 0.562509 0.901146
vt 0.562509 0.829175
vt 0.562509 0.836926
vt 0.576278 0.887032
vt 0.590950 0.880946
vt 0.562509 0.887156
vt 0.562509 0.882134
vt 0.548740 0.887032
vt 0.562509 0.821422
vt 0.596541 0.870492
vt 0.562509 0.810875
vt 0.562509 0.821380
vt 0.531431 0.867362
vt 0.539631 0.853169
vt 0.534068 0.880946
vt 0.562509 0.874382
vt 0.562509 0.841948
vt 0.539631 0.830565
vt 0.562509 0.832451
vt 0.562509 0.818664
vt 0.562509 0.841268
vt 0.585387 0.853169
vt 0.562509 0.856083
vt 0.528627 0.870708
vt 0.562509 0.866630
vt 0.593430 0.867518
vt 0.562509 0.866588
vt 0.576278 0.909636
vt 0.562509 0.909512
vt 0.562509 0.864552
vt 0.548740 0.909636
vt 0.562509 0.864304
vt 0.562509 0.795977
vt 0.593430 0.844914
vt 0.534068 0.903550
vt 0.562509 0.855938
vt 0.562509 0.909760
vt 0.562509 0.796060
vt 0.528627 0.893312
vt 0.562509 0.846792
vt 0.562509 0.841185
vt 0.531431 0.844758
vt 0.527512 0.858842
vt 0.562509 0.854864
vt 0.562509 0.880236
vt 0.597504 0.881429
vt 0.562509 0.809656
vt 0.597504 0.858825
vt 0.527512 0.881446
vt 0.562509 0.835028
vt 0.562509 0.773456
vt 0.562509 0.787243
vt 0.585387 0.830565
vt 0.562509 0.892000
vt 0.596541 0.893096
vt 0.590950 0.903550
vt 0.562509 0.901146
vt 0.562509 0.829175
vt 0.562509 0.836926
vt 0.576278 0.887032
vt 0.590950 0.880946
vt 0.562509 0.887156
vt 0.562509 0.882134
vt 0.548740 0.887032
vt 0.562509 0.821422
vt 0.596541 0.870492
vt 0.562509 0.810875
vt 0.562509 0.821380
vt 0.531431 0.867362
vt 0.539631 0.853169
vt 0.534068 0.880946
vt 0.562509 0.874382
vt 0.562509 0.841948
vt 0.539631 0.830565
vt 0.562509 0.832451
vt 0.562509 0.818664
vt 0.562509 0.841268
vt 0.585387 0.853169
vt 0.562509 0.856083
vt 0.528627 0.870708
vt 0.562509 0.866630
vt 0.593430 0.867518
vt 0.562509 0.866588
vt 0.576278 0.909636
vt 0.562509 0.909512
vt 0.562509 0.864552
vt 0.548740 0.909636
vt 0.562509 0.864304
vt 0.562509 0.795977
vt 0.593430 0.844914
vt 0.534068 0.903550
vt 0.562509 0.855938
vt 0.562509 0.909760
vt 0.562509 0.796060
vt 0.528627 0.893312
vt 0.562509 0.846792
vt 0.562509 0.841185
vt 0.531431 0.844758
vt 0.527512 0.858842
vt 0.562509 0.854864
vt 0.562509 0.880236
vt 0.597504 0.881429
vt 0.562509 0.809656
vt 0.597504 0.858825
vt 0.527512 0.881446
vt 0.562509 0.835028
vt 0.562509 0.773456
vt 0.562509 0.787243
vt 0.585387 0.830565
vt 0.562509 0.892000
vt 0.596541 0.893096
vt 0.590950 0.903550
vt 0.562509 0.901146
vt 0.562509 0.829175
vt 0.562509 0.836926
vt 0.576278 0.887032
vt 0.590950 0.880946
vt 0.562509 0.887156
vt 0.562509 0.882134
vt 0.548740 0.887032
vt 0.562509 0.821422
vt 0.596541 0.870492
vt 0.562509 0.810875
vt 0.562509 0.821380
vt 0.531431 0.867362
vt 0.539631 0.853169
vt 0.534068 0.880946
vt 0.562509 0.874382
vt 0.562509 0.841948
vt 0.539631 0.830565
vt 0.562509 0.832451
vt 0.562509 0.818664
vt 0.562509 0.841268
vt 0.585387 0.853169
vt 0.562509 0.856083
vt 0.528627 0.870708
vt 0.562509 0.866630
vt 0.593430 0.867518
vt 0.562509 0.866588
vt 0.576278 0.909636
vt 0.562509 0.909512
vt 0.562509 0.864552
vt 0.548740 0.909636
vt 0.562509 0.864304
vt 0.562509 0.795977
vt 0.593430 0.844914
vt 0.534068 0.903550
vt 0.562509 0.855938
vt 0.562509 0.909760
vt 0.562509 0.796060
vt 0.528627 0.893312
vt 0.562509 0.846792
vt 0.562509 0.841185
vt 0.531431 0.844758
vt 0.527512 0.858842
vt 0.562509 0.854864
vt 0.562509 0.880236
vt 0.597504 0.881429
vt 0.562509 0.809656
vt 0.597504 0.858825
vt 0.527512 0.881446
vt 0.562509 0.835028
vt 0.562509 0.773456
vt 0.562509 0.787243
vt 0.585387 0.830565
vt 0.562509 0.892000
vt 0.596541 0.893096
vt 0.590950 0.903550
vt 0.562509 0.901146
vt 0.562509 0.829175
vt 0.562509 0.836926
vt 0.576278 0.887032
vt 0.590950 0.880946
vt 0.562509 0.887156
vt 0.562509 0.882134
vt 0.548740 0.887032
vt 0.562509 0.821422
vt 0.596541 0.870492
vt 0.562509 0.810875
vt 0.562509 0.821380
vt 0.531431 0.867362
vt 0.539631 0.853169
vt 0.534068 0.880946
vt 0.562509 0.874382
vt 0.562509 0.841948
vt 0.539631 0.830565
vt 0.562509 0.832451
vt 0.562509 0.818664
vt 0.562509 0.841268
vt 0.585387 0.853169
vt 0.562509 0.856083
vt 0.528627 0.870708
vt 0.562509 0.866630
vt 0.593430 0.867518
vt 0.562509 0.866588
vt 0.576278 0.909636
vt 0.562509 0.909512
vt 0.562509 0.864552
vt 0.548740 0.909636
vt 0.562509 0.864304
vt 0.562509 0.795977
vt 0.593430 0.844914
vt 0.534068 0.903550
vt 0.562509 0.855938
vt 0.562509 0.909760
vt 0.562509 0.796060
vt 0.528627 0.893312
vt 0.562509 0.846792
vt 0.562509 0.841185
vt 0.531431 0.844758
vt 0.527512 0.858842
vt 0.562509 0.854864
vt 0.562509 0.880236
vt 0.597504 0.881429
vt 0.562509 0.809656
vt 0.597504 0.858825
vt 0.527512 0.881446
vt 0.562509 0.835028
vt 0.562509 0.773456
vt 0.562509 0.787243
vt 0.585387 0.830565
vt 0.562509 0.892000
vt 0.596541 0.893096
vt 0.590950 0.903550
vt 0.562509 0.901146
vt 0.562509 0.829175
vt 0.562509 0.836926
vt 0.576278 0.887032
vt 0.590950 0.880946
vt 0.562509 0.887156
vt 0.562509 0.882134
vt 0.548740 0.887032
vt 0.562509 0.821422
vt 0.596541 0.870492
vt 0.562509 0.810875
vt 0.562509 0.821380
vt 0.531431 0.867362
vt 0.539631 0.853169
vt 0.534068 0.880946
vt 0.562509 0.874382
vt 0.562509 0.841948
vt 0.539631 0.830565
vt 0.562509 0.832451
vt 0.562509 0.818664
vt 0.562509 0.841268
vt 0.585387 0.853169
vt 0.562509 0.856083
vt 0.528627 0.870708
vt 0.562509 0.866630
vt 0.593430 0.867518
vt 0.562509 0.866588
vt 0.576278 0.909636
vt 0.562509 0.909512
vt 0.562509 0.864552
vt 0.548740 0.909636
vt 0.562509 0.864304
vt 0.562509 0.795977
vt 0.593430 0.844914
vt 0.534068 0.903550
vt 0.562509 0.855938
vt 0.562509 0.909760
vt 0.562509 0.796060
vt 0.528627 0.893312
vt 0.562509 0.846792
vt 0.562509 0.841185
vt 0.531431 0.844758
vt 0.527512 0.858842
vt 0.562509 0.854864
vt 0.562509 0.880236
vt 0.597504 0.881429
vt 0.562509 0.809656
vt 0.597504 0.858825
vt 0.527512 0.881446
vt 0.562509 0.835028
vt 0.562509 0.773456
vt 0.562509 0.787243
vt 0.585387 0.830565
vt 0.562509 0.892000
vt 0.596541 0.893096
vt 0.590950 0.903550
vt 0.562509 0.901146
vt 0.562509 0.829175
vt 0.562509 0.836926
vt 0.576278 0.887032
vt 0.590950 0.880946
vt 0.562509 0.887156
vt 0.562509 0.882134
vt 0.548740 0.887032
vt 0.562509 0.821422
vt 0.596541 0.870492
vt 0.562509 0.810875
vt 0.562509 0.821380
vt 0.531431 0.867362
vt 0.539631 0.853169
vt 0.534068 0.880946
vt 0.562509 0.874382
vt 0.562509 0.841948
vt 0.539631 0.830565
vt 0.562509 0.832451
vt 0.562509 0.818664
vt 0.562509 0.841268
vt 0.585387 0.853169
vt 0.562509 0.856083
vt 0.528627 0.870708
vt 0.562509 0.866630
vt 0.593430 0.867518
vt 0.562509 0.866588
vt 0.576278 0.909636
vt 0.562509 0.909512
vt 0.562509 0.864552
vt 0.548740 0.909636
vt 0.562509 0.864304
vt 0.562509 0.795977
vt 0.593430 0.844914
vt 0.534068 0.903550
vt 0.562509 0.855938
vt 0.562509 0.909760
vt 0.562509 0.796060
vt 0.528627 0.893312
vt 0.562509 0.846792
vt 0.562509 0.841185
vt 0.531431 0.844758
vt 0.527512 0.858842
vt 0.562509 0.854864
vt 0.562509 0.880236
vt 0.597504 0.881429
vt 0.562509 0.809656
vt 0.597504 0.858825
vt 0.527512 0.881446
vt 0.562509 0.835028
vt 0.154683 0.935879
vt 0.166951 0.971356
vt 0.167726 0.968962
vt 0.158851 0.935560
vt 0.186640 0.918887
vt 0.197905 0.927732
vt 0.202618 0.889536
vt 0.186640 0.874583
vt 0.205553 0.922087
vt 0.214428 0.888685
vt 0.205553 0.968962
vt 0.206328 0.971356
vt 0.218596 0.935879
vt 0.214428 0.935560
vt 0.205553 0.970160
vt 0.214428 0.937158
vt 0.186640 0.920485
vt 0.175374 0.929261
vt 0.170661 0.891833
vt 0.186640 0.876978
vt 0.167726 0.923285
vt 0.158851 0.890283
vt 0.186640 0.830645
vt 0.170661 0.847395
vt 0.175374 0.811589
vt 0.186640 0.792868
vt 0.186640 0.853771
vt 0.197905 0.856936
vt 0.197226 0.852648
vt 0.186640 0.849010
vt 0.205553 0.863238
vt 0.206328 0.862378
vt 0.205553 0.864435
vt 0.197905 0.858464
vt 0.186640 0.855368
vt 0.186640 0.981387
vt 0.175374 0.974607
vt 0.176053 0.980881
vt 0.186640 0.988209
vt 0.167726 0.970160
vt 0.175374 0.976136
vt 0.186640 0.982985
vt 0.158851 0.849005
vt 0.167726 0.817560
vt 0.214428 0.894282
vt 0.218596 0.895864
vt 0.214428 0.895880
vt 0.186640 0.828249
vt 0.202618 0.845099
vt 0.197905 0.810061
vt 0.186640 0.791271
vt 0.214428 0.847407
vt 0.205553 0.816363
vt 0.167726 0.864435
vt 0.158851 0.895880
vt 0.154683 0.895864
vt 0.166951 0.862378
vt 0.158851 0.894282
vt 0.167726 0.863238
vt 0.158851 0.937158
vt 0.158851 0.888685
vt 0.170661 0.889536
vt 0.170661 0.845099
vt 0.158851 0.847407
vt 0.186640 0.890208
vt 0.186640 0.843874
vt 0.175374 0.810061
vt 0.167726 0.816363
vt 0.186640 0.806896
vt 0.214428 0.890283
vt 0.202618 0.891833
vt 0.202618 0.847395
vt 0.214428 0.849005
vt 0.186640 0.892603
vt 0.186640 0.846270
vt 0.197905 0.811589
vt 0.205553 0.817560
vt 0.186640 0.808493
vt 0.205553 0.923285
vt 0.197905 0.929261
vt 0.197905 0.974607
vt 0.197226 0.980881
vt 0.197905 0.976136
vt 0.175374 0.856936
vt 0.176053 0.852648
vt 0.175374 0.858464
vt 0.186640 0.936110
vt 0.167726 0.922087
vt 0.175374 0.927732
vt 0.186640 0.934512
vt 0.154683 0.935879
vt 0.166951 0.971356
vt 0.167726 0.968962
vt 0.158851 0.935560
vt 0.186640 0.918887
vt 0.197905 0.927732
vt 0.202618 0.889536
vt 0.186640 0.874583
vt 0.205553 0.922087
vt 0.214428 0.888685
vt 0.205553 0.968962
vt 0.206328 0.971356
vt 0.218596 0.935879
vt 0.214428 0.935560
vt 0.205553 0.970160
vt 0.214428 0.937158
vt 0.186640 0.920485
vt 0.175374 0.929261
vt 0.170661 0.891833
vt 0.186640 0.876978
vt 0.167726 0.923285
vt 0.158851 0.890283
vt 0.186640 0.830645
vt 0.170661 0.847395
vt 0.175374 0.811589
vt 0.186640 0.792868
vt 0.186640 0.853771
vt 0.197905 0.856936
vt 0.197226 0.852648
vt 0.186640 0.849010
vt 0.205553 0.863238
vt 0.206328 0.862378
vt 0.205553 0.864435
vt 0.197905 0.858464
vt 0.186640 0.855368
vt 0.186640 0.981387
vt 0.175374 0.974607
vt 0.176053 0.980881
vt 0.186640 0.988209
vt 0.167726 0.970160
vt 0.175374 0.976136
vt 0.186640 0.982985
vt 0.158851 0.849005
vt 0.167726 0.817560
vt 0.214428 0.894282
vt 0.218596 0.895864
vt 0.214428 0.895880
vt 0.186640 0.828249
vt 0.202618 0.845099
vt 0.197905 0.810061
vt 0.186640 0.791271
vt 0.214428 0.847407
vt 0.205553 0.816363
vt 0.167726 0.864435
vt 0.158851 0.895880
vt 0.154683 0.895864
vt 0.166951 0.862378
vt 0.158851 0.894282
vt 0.167726 0.863238
vt 0.158851 0.937158
vt 0.158851 0.888685
vt 0.170661 0.889536
vt 0.170661 0.845099
vt 0.158851 0.847407
vt 0.186640 0.890208
vt 0.186640 0.843874
vt 0.175374 0.810061
vt 0.167726 0.816363
vt 0.186640 0.806896
vt 0.214428 0.890283
vt 0.202618 0.891833
vt 0.202618 0.847395
vt 0.214428 0.849005
vt 0.186640 0.892603
vt 0.186640 0.846270
vt 0.197905 0.811589
vt 0.205553 0.817560
vt 0.186640 0.808493
vt 0.205553 0.923285
vt 0.197905 0.929261
vt 0.197905 0.974607
vt 0.197226 0.980881
vt 0.197905 0.976136
vt 0.175374 0.856936
vt 0.176053 0.852648
vt 0.175374 0.858464
vt 0.186640 0.936110
vt 0.167726 0.922087
vt 0.175374 0.927732
vt 0.186640 0.934512
vt 0.154683 0.935879
vt 0.166951 0.971356
vt 0.167726 0.968962
vt 0.158851 0.935560
vt 0.186640 0.918887
vt 0.197905 0.927732
vt 0.202618 0.889536
vt 0.186640 0.874583
vt 0.205553 0.922087
vt 0.214428 0.888685
vt 0.205553 0.968962
vt 0.206328 0.971356
vt 0.218596 0.935879
vt 0.214428 0.935560
vt 0.205553 0.970160
vt 0.214428 0.937158
vt 0.186640 0.920485
vt 0.175374 0.929261
vt 0.170661 0.891833
vt 0.186640 0.876978
vt 0.167726 0.923285
vt 0.158851 0.890283
vt 0.186640 0.830645
vt 0.170661 0.847395
vt 0.175374 0.811589
vt 0.186640 0.792868
vt 0.186640 0.853771
vt 0.197905 0.856936
vt 0.197226 0.852648
vt 0.186640 0.849010
vt 0.205553 0.863238
vt 0.206328 0.862378
vt 0.205553 0.864435
vt 0.197905 0.858464
vt 0.186640 0.855368
vt 0.186640 0.981387
vt 0.175374 0.974607
vt 0.176053 0.980881
vt 0.186640 0.988209
vt 0.167726 0.970160
vt 0.175374 0.976136
vt 0.186640 0.982985
vt 0.158851 0.849005
vt 0.167726 0.817560
vt 0.214428 0.894282
vt 0.218596 0.895864
vt 0.214428 0.895880
vt 0.186640 0.828249
vt 0.202618 0.845099
vt 0.197905 0.810061
vt 0.186640 0.791271
vt 0.214428 0.847407
vt 0.205553 0.816363
vt 0.167726 0.864435
vt 0.158851 0.895880
vt 0.154683 0.895864
vt 0.166951 0.862378
vt 0.158851 0.894282
vt 0.167726 0.863238
vt 0.158851 0.937158
vt 0.158851 0.888685
vt 0.170661 0.889536
vt 0.170661 0.845099
vt 0.158851 0.847407
vt 0.186640 0.890208
vt 0.186640 0.843874
vt 0.175374 0.810061
vt 0.167726 0.816363
vt 0.186640 0.806896
vt 0.214428 0.890283
vt 0.202618 0.891833
vt 0.202618 0.847395
vt 0.214428 0.849005
vt 0.186640 0.892603
vt 0.186640 0.846270
vt 0.197905 0.811589
vt 0.205553 0.817560
vt 0.186640 0.808493
vt 0.205553 0.923285
vt 0.197905 0.929261
vt 0.197905 0.974607
vt 0.197226 0.980881
vt 0.197905 0.976136
vt 0.175374 0.856936
vt 0.176053 0.852648
vt 0.175374 0.858464
vt 0.186640 0.936110
vt 0.167726 0.922087
vt 0.175374 0.927732
vt 0.186640 0.934512
vt 0.154683 0.935879
vt 0.166951 0.971356
vt 0.167726 0.968962
vt 0.158851 0.935560
vt 0.186640 0.918887
vt 0.197905 0.927732
vt 0.202618 0.889536
vt 0.186640 0.874583
vt 0.205553 0.922087
vt 0.214428 0.888685
vt 0.205553 0.968962
vt 0.206328 0.971356
vt 0.218596 0.935879
vt 0.214428 0.935560
vt 0.205553 0.970160
vt 0.214428 0.937158
vt 0.186640 0.920485
vt 0.175374 0.929261
vt 0.170661 0.891833
vt 0.186640 0.876978
vt 0.167726 0.923285
vt 0.158851 0.890283
vt 0.186640 0.830645
vt 0.170661 0.847395
vt 0.175374 0.811589
vt 0.186640 0.792868
vt 0.186640 0.853771
vt 0.197905 0.856936
vt 0.197226 0.852648
vt 0.186640 0.849010
vt 0.205553 0.863238
vt 0.206328 0.862378
vt 0.205553 0.864435
vt 0.197905 0.858464
vt 0.186640 0.855368
vt 0.186640 0.981387
vt 0.175374 0.974607
vt 0.176053 0.980881
vt 0.186640 0.988209
vt 0.167726 0.970160
vt 0.175374 0.976136
vt 0.186640 0.982985
vt 0.158851 0.849005
vt 0.167726 0.817560
vt 0.214428 0.894282
vt 0.218596 0.895864
vt 0.214428 0.895880
vt 0.186640 0.828249
vt 0.202618 0.845099
vt 0.197905 0.810061
vt 0.186640 0.791271
vt 0.214428 0.847407
vt 0.205553 0.816363
vt 0.167726 0.864435
vt 0.158851 0.895880
vt 0.154683 0.895864
vt 0.166951 0.862378
vt 0.158851 0.894282
vt 0.167726 0.863238
vt 0.158851 0.937158
vt 0.158851 0.888685
vt 0.170661 0.889536
vt 0.170661 0.845099
vt 0.158851 0.847407
vt 0.186640 0.890208
vt 0.186640 0.843874
vt 0.175374 0.810061
vt 0.167726 0.816363
vt 0.186640 0.806896
vt 0.214428 0.890283
vt 0.202618 0.891833
vt 0.202618 0.847395
vt 0.214428 0.849005
vt 0.186640 0.892603
vt 0.186640 0.846270
vt 0.197905 0.811589
vt 0.205553 0.817560
vt 0.186640 0.808493
vt 0.205553 0.923285
vt 0.197905 0.929261
vt 0.197905 0.974607
vt 0.197226 0.980881
vt 0.197905 0.976136
vt 0.175374 0.856936
vt 0.176053 0.852648
vt 0.175374 0.858464
vt 0.186640 0.936110
vt 0.167726 0.922087
vt 0.175374 0.927732
vt 0.186640 0.934512
vt 0.154683 0.935879
vt 0.166951 0.971356
vt 0.167726 0.968962
vt 0.158851 0.935560
vt 0.186640 0.918887
vt 0.197905 0.927732
vt 0.202618 0.889536
vt 0.186640 0.874583
vt 0.205553 0.922087
vt 0.214428 0.888685
vt 0.205553 0.968962
vt 0.206328 0.971356
vt 0.218596 0.935879
vt 0.214428 0.935560
vt 0.205553 0.970160
vt 0.214428 0.937158
vt 0.186640 0.920485
vt 0.175374 0.929261
vt 0.170661 0.891833
vt 0.186640 0.876978
vt 0.167726 0.923285
vt 0.158851 0.890283
vt 0.186640 0.830645
vt 0.170661 0.847395
vt 0.175374 0.811589
vt 0.186640 0.792868
vt 0.186640 0.853771
vt 0.197905 0.856936
vt 0.197226 0.852648
vt 0.186640 0.849010
vt 0.205553 0.863238
vt 0.206328 0.862378
vt 0.205553 0.864435
vt 0.197905 0.858464
vt 0.186640 0.855368
vt 0.186640 0.981387
vt 0.175374 0.974607
vt 0.176053 0.980881
vt 0.186640 0.988209
vt 0.167726 0.970160
vt 0.175374 0.976136
vt 0.186640 0.982985
vt 0.158851 0.849005
vt 0.167726 0.817560
vt 0.214428 0.894282
vt 0.218596 0.895864
vt 0.214428 0.895880
vt 0.186640 0.828249
vt 0.202618 0.845099
vt 0.197905 0.810061
vt 0.186640 0.791271
vt 0.214428 0.847407
vt 0.205553 0.816363
vt 0.167726 0.864435
vt 0.158851 0.895880
vt 0.154683 0.895864
vt 0.166951 0.862378
vt 0.158851 0.894282
vt 0.167726 0.863238
vt 0.158851 0.937158
vt 0.158851 0.888685
vt 0.170661 0.889536
vt 0.170661 0.845099
vt 0.158851 0.847407
vt 0.186640 0.890208
vt 0.186640 0.843874
vt 0.175374 0.810061
vt 0.167726 0.816363
vt 0.186640 0.806896
vt 0.214428 0.890283
vt 0.202618 0.891833
vt 0.202618 0.847395
vt 0.214428 0.849005
vt 0.186640 0.892603
vt 0.186640 0.846270
vt 0.197905 0.811589
vt 0.205553 0.817560
vt 0.186640 0.808493
vt 0.205553 0.923285
vt 0.197905 0.929261
vt 0.197905 0.974607
vt 0.197226 0.980881
vt 0.197905 0.976136
vt 0.175374 0.856936
vt 0.176053 0.852648
vt 0.175374 0.858464
vt 0.186640 0.936110
vt 0.167726 0.922087
vt 0.175374 0.927732
vt 0.186640 0.934512
vt 0.154683 0.935879
vt 0.166951 0.971356
vt 0.167726 0.968962
vt 0.158851 0.935560
vt 0.186640 0.918887
vt 0.197905 0.927732
vt 0.202618 0.889536
vt 0.186640 0.874583
vt 0.205553 0.922087
vt 0.214428 0.888685
vt 0.205553 0.968962
vt 0.206328 0.971356
vt 0.218596 0.935879
vt 0.214428 0.935560
vt 0.205553 0.970160
vt 0.214428 0.937158
vt 0.186640 0.920485
vt 0.175374 0.929261
vt 0.170661 0.891833
vt 0.186640 0.876978
vt 0.167726 0.923285
vt 0.158851 0.890283
vt 0.186640 0.830645
vt 0.170661 0.847395
vt 0.175374 0.811589
vt 0.186640 0.792868
vt 0.186640 0.853771
vt 0.197905 0.856936
vt 0.197226 0.852648
vt 0.186640 0.849010
vt 0.205553 0.863238
vt 0.206328 0.862378
vt 0.205553 0.864435
vt 0.197905 0.858464
vt 0.186640 0.855368
vt 0.186640 0.981387
vt 0.175374 0.974607
vt 0.176053 0.980881
vt 0.186640 0.988209
vt 0.167726 0.970160
vt 0.175374 0.976136
vt 0.186640 0.982985
vt 0.158851 0.849005
vt 0.167726 0.817560
vt 0.214428 0.894282
vt 0.218596 0.895864
vt 0.214428 0.895880
vt 0.186640 0.828249
vt 0.202618 0.845099
vt 0.197905 0.810061
vt 0.186640 0.791271
vt 0.214428 0.847407
vt 0.205553 0.816363
vt 0.167726 0.864435
vt 0.158851 0.895880
vt 0.154683 0.895864
vt 0.166951 0.862378
vt 0.158851 0.894282
vt 0.167726 0.863238
vt 0.158851 0.937158
vt 0.158851 0.888685
vt 0.170661 0.889536
vt 0.170661 0.845099
vt 0.158851 0.847407
vt 0.186640 0.890208
vt 0.186640 0.843874
vt 0.175374 0.810061
vt 0.167726 0.816363
vt 0.186640 0.806896
vt 0.214428 0.890283
vt 0.202618 0.891833
vt 0.202618 0.847395
vt 0.214428 0.849005
vt 0.186640 0.892603
vt 0.186640 0.846270
vt 0.197905 0.811589
vt 0.205553 0.817560
vt 0.186640 0.808493
vt 0.205553 0.923285
vt 0.197905 0.929261
vt 0.197905 0.974607
vt 0.197226 0.980881
vt 0.197905 0.976136
vt 0.175374 0.856936
vt 0.176053 0.852648
vt 0.175374 0.858464
vt 0.186640 0.936110
vt 0.167726 0.922087
vt 0.175374 0.927732
vt 0.186640 0.934512
vn -0.0816 0.0286 0.9963
vn -0.0328 0.1861 0.9820
vn -0.0379 0.2403 0.9699
vn -0.2257 0.1234 0.9663
vn -0.0601 0.1549 0.9861
vn -0.1868 0.0204 0.9822
vn -0.0134 0.0168 0.9998
vn 0.0676 -0.1431 -0.9874
vn -0.0580 -0.3790 -0.9236
vn -0.0574 -0.3281 -0.9429
vn 0.0960 -0.1423 -0.9852
vn -0.2812 -0.0098 0.9596
vn -0.0857 -0.1095 0.9903
vn -0.1090 -0.1205 0.9867
vn -0.1063 0.1341 0.9853
vn -0.0595 -0.1654 0.9844
vn -0.1847 -0.0297 0.9824
vn -0.3241 -0.1507 0.9339
vn 0.0682 0.1539 -0.9857
vn -0.0600 0.3816 -0.9224
vn -0.0363 0.4099 -0.9114
vn 0.0421 0.1689 -0.9847
vn 0.3045 0.0054 0.9525
vn 0.0692 -0.0494 0.9964
vn 0.1633 -0.0243 0.9863
vn 0.3466 -0.1501 0.9259
vn 0.0993 -0.0188 0.9949
vn 0.3314 -0.0067 0.9435
vn 0.2929 0.1644 0.9419
vn -0.1155 0.0123 -0.9932
vn 0.0986 0.0001 -0.9951
vn 0.0885 -0.0893 -0.9921
vn -0.1141 -0.0380 -0.9927
vn -0.0948 -0.1389 -0.9858
vn 0.0573 -0.3198 -0.9458
vn 0.0421 -0.3714 -0.9275
vn -0.0734 -0.1527 -0.9855
vn 0.0859 0.1492 0.9851
vn 0.0667 0.1644 0.9841
vn 0.1935 0.0182 0.9809
vn 0.2435 0.0178 0.9697
vn 0.0976 0.0476 0.9941
vn 0.0559 0.0489 0.9972
vn 0.0426 0.1782 0.9831
vn -0.0002 0.0480 0.9988
vn 0.0237 0.1896 0.9816
vn 0.0000 0.1952 0.9808
vn -0.0566 0.0505 0.9971
vn -0.0504 0.1297 0.9903
vn -0.0985 0.0496 0.9939
vn -0.0861 0.1524 0.9846
vn -0.0896 0.1181 0.9890
vn -0.1173 0.0307 0.9926
vn -0.0952 0.0785 0.9924
vn -0.1190 0.0027 0.9929
vn -0.1014 0.0429 0.9939
vn -0.1031 0.0020 0.9947
vn -0.1010 -0.0387 0.9941
vn -0.1154 -0.0269 0.9930
vn -0.0944 -0.0739 0.9928
vn -0.0972 -0.0484 0.9941
vn -0.0553 -0.0512 0.9972
vn -0.0375 -0.1815 0.9827
vn 0.0009 -0.0511 0.9987
vn -0.0202 -0.1929 0.9810
vn 0.0005 -0.1969 0.9804
vn 0.0210 -0.1938 0.9808
vn 0.0570 -0.0526 0.9970
vn 0.0387 -0.1830 0.9824
vn 0.0986 -0.0505 0.9938
vn 0.0632 -0.1685 0.9837
vn 0.0834 -0.1536 0.9846
vn 0.0876 -0.1189 0.9890
vn 0.1140 -0.0275 0.9931
vn 0.1169 -0.0007 0.9931
vn 0.1012 0.0413 0.9940
vn 0.1165 0.0282 0.9928
vn 0.0948 0.0765 0.9926
vn 0.0893 0.1155 0.9893
vn 0.0002 -0.0006 1.0000
vn 0.0264 -0.4087 -0.9123
vn -0.0470 -0.1655 -0.9851
vn -0.0999 -0.1073 -0.9892
vn 0.0707 -0.2543 -0.9645
vn -0.0261 -0.1766 -0.9839
vn 0.0108 -0.4316 -0.9020
vn 0.0019 -0.4410 -0.8975
vn 0.0002 -0.1821 -0.9833
vn 0.0024 -0.4505 -0.8928
vn 0.0364 -0.1725 -0.9843
vn -0.1075 -0.4382 -0.8924
vn 0.0153 -0.2988 -0.9542
vn -0.0708 -0.2622 -0.9624
vn 0.1011 -0.1103 -0.9887
vn 0.0353 -0.4716 -0.8811
vn -0.0813 -0.1836 -0.9796
vn 0.1077 -0.0733 -0.9915
vn -0.0881 -0.0955 -0.9915
vn 0.1147 -0.0405 -0.9926
vn -0.0904 -0.0028 -0.9959
vn 0.1164 -0.0027 -0.9932
vn -0.0880 0.0896 -0.9921
vn 0.1138 0.0352 -0.9929
vn -0.0822 0.1766 -0.9809
vn 0.1063 0.0680 -0.9920
vn -0.0884 0.2507 -0.9640
vn 0.0964 0.0995 -0.9904
vn -0.0415 0.3058 -0.9512
vn 0.0836 0.1433 -0.9861
vn -0.0189 0.4338 -0.9008
vn 0.0224 0.1797 -0.9835
vn -0.0752 0.3061 -0.9490
vn -0.0012 0.4426 -0.8967
vn -0.0008 0.1835 -0.9830
vn 0.0165 0.4364 -0.8996
vn -0.0241 0.1807 -0.9832
vn 0.0339 0.4148 -0.9093
vn -0.0442 0.1706 -0.9843
vn 0.0496 0.3782 -0.9244
vn -0.0708 0.1570 -0.9851
vn 0.0625 0.3287 -0.9424
vn -0.0932 0.1437 -0.9852
vn 0.0746 0.2640 -0.9616
vn -0.0991 0.1113 -0.9888
vn 0.0968 0.1689 -0.9809
vn -0.0842 0.0478 -0.9953
vn 0.0977 0.0378 -0.9945
vn -0.1092 0.0342 -0.9934
vn 0.0815 -0.1766 -0.9809
vn -0.1068 -0.0705 -0.9918
vn 0.0633 0.1514 -0.9864
vn -0.0983 -0.0480 -0.9940
vn -0.0565 -0.0495 -0.9972
vn -0.0004 -0.0485 -0.9988
vn 0.0552 -0.1174 -0.9915
vn 0.0565 -0.0504 -0.9971
vn 0.0989 -0.0492 -0.9939
vn 0.1177 -0.0305 -0.9926
vn 0.1193 -0.0025 -0.9929
vn 0.1158 0.0273 -0.9929
vn 0.0978 0.0488 -0.9940
vn 0.0560 0.0518 -0.9971
vn -0.0003 0.0515 -0.9987
vn -0.0569 0.0525 -0.9970
vn -0.0991 0.0501 -0.9938
vn -0.1143 0.0274 -0.9931
vn -0.1172 0.0006 -0.9931
vn -0.1168 -0.0286 -0.9927
vn -0.0002 0.0006 -1.0000
vn 0.1996 -0.0253 0.9795
vn 0.1404 -0.0260 0.9898
vn -0.3162 0.0158 0.9486
vn -0.2889 0.0194 0.9572
vn 0.2513 -0.0210 0.9677
vn -0.3319 0.0107 0.9433
vn 0.2916 -0.0164 0.9564
vn -0.3362 0.0047 0.9418
vn -0.3292 -0.0012 0.9443
vn -0.3130 -0.0056 0.9497
vn 0.2829 0.0160 0.9590
vn 0.1337 0.0179 0.9909
vn 0.3290 0.0077 0.9443
vn 0.0673 0.0149 0.9976
vn 0.3115 0.0126 0.9502
vn -0.0014 0.0131 0.9999
vn -0.1331 -0.0236 0.9908
vn -0.0669 -0.0238 0.9975
vn 0.0033 -0.0242 0.9997
vn 0.0738 -0.0250 0.9970
vn -0.2500 0.0212 0.9680
vn 0.5411 -0.8401 0.0388
vn 0.6957 -0.7183 -0.0073
vn 0.6962 -0.6438 0.3177
vn 0.5435 -0.7592 0.3580
vn 0.3300 -0.1919 0.9243
vn 0.4149 -0.1602 0.8956
vn 0.3647 -0.9279 0.0776
vn 0.3658 -0.8442 0.3917
vn 0.2282 -0.2167 0.9492
vn 0.1728 -0.9795 0.1037
vn 0.1704 -0.8992 0.4031
vn 0.1148 -0.2393 0.9642
vn 0.0006 -0.9935 0.1136
vn -0.0062 -0.9153 0.4027
vn -0.0004 -0.2528 0.9675
vn -0.1755 -0.9786 0.1074
vn -0.1890 -0.8944 0.4053
vn -0.1133 -0.2352 0.9653
vn -0.7000 -0.7141 -0.0036
vn -0.5483 -0.8352 0.0428
vn -0.5654 -0.7453 0.3532
vn -0.7120 -0.6292 0.3118
vn -0.4234 -0.1587 0.8919
vn -0.3394 -0.1861 0.9221
vn -0.8245 -0.5636 -0.0514
vn -0.8294 -0.4888 0.2706
vn -0.4888 -0.1212 0.8639
vn -0.9168 -0.3885 -0.0925
vn -0.7919 -0.2285 0.5663
vn -0.9733 -0.1955 -0.1204
vn -0.8321 -0.1103 0.5436
vn -0.9914 0.0069 -0.1305
vn -0.8440 0.0112 0.5362
vn -0.9704 0.2089 -0.1213
vn -0.8277 0.1325 0.5453
vn -0.9111 0.4013 -0.0943
vn -0.7844 0.2506 0.5673
vn -0.8280 0.5578 -0.0575
vn -0.7214 0.3451 0.6004
vn -0.3861 0.9187 0.0830
vn -0.5603 0.8270 0.0471
vn -0.5591 0.7444 0.3651
vn -0.3852 0.8329 0.3974
vn -0.2320 0.2083 0.9502
vn -0.3234 0.1722 0.9304
vn -0.1946 0.9748 0.1091
vn -0.1902 0.8872 0.4204
vn -0.1176 0.2230 0.9677
vn 0.0051 0.9930 0.1177
vn 0.0143 0.9041 0.4271
vn 0.0039 0.2277 0.9737
vn 0.2041 0.9730 0.1075
vn 0.2178 0.8828 0.4161
vn 0.1255 0.2221 0.9669
vn 0.3936 0.9158 0.0800
vn 0.4098 0.8250 0.3892
vn 0.2402 0.2068 0.9484
vn 0.5641 0.8247 0.0400
vn 0.5797 0.7370 0.3474
vn 0.3425 0.1869 0.9207
vn 0.7019 0.7123 -0.0036
vn 0.7174 0.6288 0.2998
vn 0.4273 0.1641 0.8891
vn 0.8234 0.5652 -0.0502
vn 0.7264 0.3459 0.5939
vn 0.9174 0.3870 -0.0927
vn 0.7940 0.2266 0.5641
vn 0.9737 -0.1946 -0.1186
vn 0.9922 0.0005 -0.1248
vn 0.8382 0.0010 0.5454
vn 0.8282 -0.1189 0.5477
vn 0.9165 -0.3891 -0.0928
vn 0.7853 -0.2376 0.5718
vn 0.8225 -0.5662 -0.0535
vn 0.8184 -0.5035 0.2771
vn 0.4813 -0.1232 0.8679
vn 0.1511 -0.4214 -0.8942
vn 0.3276 -0.7207 -0.6110
vn 0.6168 -0.7138 -0.3319
vn 0.2181 -0.7887 -0.5748
vn 0.1038 -0.8308 -0.5469
vn 0.0044 -0.8459 -0.5334
vn -0.1006 -0.8387 -0.5352
vn -0.3281 -0.7308 -0.5986
vn -0.1544 -0.4285 -0.8902
vn -0.6123 -0.7236 -0.3186
vn -0.1859 -0.3430 -0.9208
vn -0.7307 -0.5779 -0.3636
vn -0.2100 -0.2399 -0.9478
vn -0.8211 -0.4041 -0.4031
vn -0.2249 -0.1236 -0.9665
vn -0.8780 -0.2093 -0.4304
vn -0.2293 -0.0006 -0.9733
vn -0.8974 -0.0032 -0.4412
vn -0.2232 0.1218 -0.9671
vn -0.8779 0.2030 -0.4338
vn -0.2085 0.2369 -0.9489
vn -0.8209 0.3980 -0.4095
vn -0.5274 0.4902 -0.6939
vn -0.3519 0.7201 -0.5981
vn -0.2371 0.7856 -0.5715
vn -0.1207 0.8281 -0.5475
vn -0.0012 0.8426 -0.5386
vn 0.1180 0.8295 -0.5459
vn 0.2335 0.7888 -0.5686
vn 0.3414 0.7216 -0.6023
vn 0.1595 0.4306 -0.8883
vn 0.6220 0.7196 -0.3087
vn 0.1895 0.3447 -0.9194
vn 0.7345 0.5797 -0.3529
vn 0.2192 0.2494 -0.9433
vn 0.8247 0.4028 -0.3970
vn 0.2520 -0.0125 -0.9676
vn 0.2242 -0.1200 -0.9671
vn 0.8814 -0.1900 -0.4324
vn 0.8999 0.0081 -0.4359
vn 0.2080 -0.2351 -0.9495
vn 0.8257 -0.3874 -0.4101
vn 0.1830 -0.3368 -0.9236
vn 0.7356 -0.5646 -0.3745
vn -0.6881 -0.2743 0.6718
vn -0.6551 -0.3923 0.6457
vn -0.9428 -0.3315 0.0348
vn -0.9497 -0.3070 -0.0618
vn 0.2716 0.5351 0.7999
vn 0.1342 0.6326 0.7627
vn 0.3642 0.9313 0.0020
vn 0.3664 0.9299 0.0309
vn -0.4375 0.5630 -0.7012
vn 0.0011 0.2685 -0.9633
vn 0.3122 0.8852 -0.3448
vn -0.3621 0.6012 -0.7124
vn -0.9026 -0.2027 -0.3797
vn -0.7910 0.5453 0.2775
vn -0.7906 0.6122 0.0114
vn -0.6447 0.6822 0.3448
vn -0.6324 0.7745 -0.0160
vn -0.0163 -0.1039 0.9945
vn -0.0991 0.1222 0.9875
vn 0.5245 -0.6874 0.5024
vn 0.5563 -0.7984 0.2305
vn 0.5569 -0.8108 0.1802
vn -0.3141 0.0234 0.9491
vn -0.9574 -0.1644 0.2372
vn -0.9578 -0.2725 -0.0917
vn -0.9636 -0.2617 -0.0544
vn -0.4801 -0.6655 -0.5716
vn -0.1066 -0.6243 -0.7739
vn 0.0874 -0.8740 -0.4781
vn -0.2879 -0.8689 0.4026
vn -0.2778 -0.9547 0.1065
vn -0.4832 -0.7929 0.3713
vn -0.4633 -0.8841 0.0609
vn 0.6396 0.4874 0.5944
vn 0.2069 0.6341 0.7451
vn 0.2173 0.9743 0.0600
vn 0.2149 0.9763 0.0259
vn 0.5040 -0.5843 0.6361
vn 0.6248 -0.5199 0.5825
vn 0.6426 -0.7398 -0.1993
vn 0.6446 -0.7426 -0.1817
vn 0.1520 0.0434 -0.9874
vn 0.0273 0.1287 -0.9913
vn 0.5660 -0.6447 -0.5138
vn 0.1316 0.1945 -0.9720
vn 0.1782 0.9350 -0.3067
vn 0.9438 0.2520 0.2138
vn 0.9516 0.2935 -0.0912
vn 0.8576 0.3070 -0.4126
vn 0.9864 0.0950 -0.1338
vn 0.8969 0.0984 -0.4311
vn -0.0000 -0.0000 -1.0000
vn -0.4831 -0.0758 -0.8723
vn -0.2121 0.4753 -0.8539
vn -0.8630 -0.1257 -0.4894
vn -0.5845 -0.6040 -0.5418
vn 0.3487 0.3702 -0.8610
vn 0.4298 -0.2492 -0.8678
vn -0.0834 -0.5206 -0.8497
vn -0.8964 -0.4430 -0.0122
vn -0.3632 0.8174 -0.4471
vn -0.7184 0.4176 -0.5563
vn -0.6646 0.7472 -0.0008
vn 0.6181 0.6351 -0.4632
vn 0.1426 0.8433 -0.5181
vn 0.4648 0.8853 0.0127
vn 0.7591 -0.4410 -0.4789
vn 0.8156 0.1202 -0.5659
vn 0.9802 -0.1970 -0.0210
vn -0.1513 -0.8862 -0.4378
vn 0.3450 -0.7768 -0.5268
vn 0.1165 -0.9930 0.0194
vn -0.9801 0.1975 -0.0204
vn -0.1170 0.9929 0.0198
vn 0.8965 0.4427 -0.0136
vn 0.6647 -0.7471 0.0008
vn -0.4645 -0.8855 0.0114
vn -0.7685 0.4466 0.4583
vn -0.8386 -0.0995 0.5355
vn -0.4400 0.2553 0.8609
vn 0.1698 0.8660 0.4704
vn -0.3393 0.7667 0.5451
vn 0.1035 0.4983 0.8608
vn 0.8841 0.1061 0.4551
vn 0.6110 0.5774 0.5416
vn 0.5054 0.0549 0.8611
vn 0.3582 -0.8080 0.4677
vn 0.7288 -0.4238 0.5378
vn 0.2062 -0.4653 0.8608
vn -0.6430 -0.6101 0.4630
vn -0.1622 -0.8210 0.5474
vn -0.3753 -0.3433 0.8610
vn -0.0003 -0.0002 1.0000
vn -0.9277 -0.3328 0.1689
vn -0.8932 -0.0022 0.4496
vn -0.9647 0.0777 0.2515
vn -0.9971 -0.0544 -0.0523
vn -0.6344 0.7670 0.0961
vn -0.2882 0.9575 -0.0122
vn -0.3983 0.8128 -0.4251
vn -0.6642 0.6408 -0.3849
vn 0.0331 0.9968 -0.0726
vn 0.0428 0.9250 -0.3776
vn 0.1568 0.9853 0.0674
vn 0.3325 0.9026 -0.2734
vn 0.9261 0.3567 0.1231
vn 0.7723 0.4146 0.4813
vn 0.8048 0.4314 0.4076
vn 0.9155 0.3808 0.1300
vn 0.5390 -0.4301 0.7242
vn 0.3500 -0.5564 0.7536
vn 0.6563 -0.5782 0.4848
vn 0.6432 -0.5987 0.4774
vn 0.6604 -0.6340 0.4024
vn 0.6238 -0.5881 0.5148
vn 0.6150 -0.4694 0.6336
vn 0.6320 -0.4371 0.6399
vn 0.6358 -0.3461 0.6899
vn 0.5932 -0.4031 0.6969
vn 0.6670 -0.4277 -0.6101
vn 0.5472 0.3150 -0.7754
vn 0.8701 0.1050 -0.4816
vn 0.6964 -0.3452 -0.6292
vn 0.4922 -0.7004 -0.5169
vn 0.4962 -0.6963 -0.5186
vn -0.8819 0.4347 0.1824
vn -0.8041 0.4123 0.4283
vn -0.5436 0.7803 0.3093
vn 0.1211 -0.3833 0.9156
vn -0.2596 -0.5662 0.7823
vn -0.2721 -0.5854 0.7637
vn 0.3997 -0.2442 0.8835
vn 0.5992 -0.4758 0.6439
vn 0.5996 -0.3623 0.7136
vn 0.1087 0.7147 -0.6910
vn 0.7252 0.5814 -0.3689
vn 0.9430 0.3182 -0.0976
vn -0.5581 0.3742 -0.7406
vn -0.2944 0.5712 -0.7662
vn -0.2297 0.3742 -0.8984
vn -0.4493 0.1964 -0.8715
vn -0.2071 -0.9761 -0.0657
vn -0.2998 -0.8799 0.3686
vn -0.6398 -0.7591 0.1203
vn -0.5191 -0.7594 -0.3922
vn -0.8873 -0.2686 -0.3750
vn -0.3002 -0.7725 0.5596
vn -0.2775 -0.7874 0.5504
vn -0.8719 0.3885 -0.2980
vn -0.7614 0.1157 -0.6378
vn -0.6212 -0.0217 -0.7834
vn 0.6588 -0.5831 0.4754
vn 0.6300 -0.6157 0.4732
vn 0.5918 -0.4951 0.6361
vn 0.6302 -0.4792 0.6109
vn 0.5426 -0.4511 0.7086
vn 0.5695 -0.4228 0.7049
vn 0.6380 -0.6690 0.3812
vn 0.7052 -0.2405 0.6670
vn -0.1782 0.9617 0.2083
vn 0.5900 0.0244 0.8070
vn 0.2213 -0.8765 -0.4275
vn 0.1578 -0.8991 -0.4083
vn -0.2825 0.9323 0.2260
vn 0.0308 0.8777 0.4782
vn 0.0969 0.9476 0.3043
vn -0.0503 0.9984 0.0269
vn 0.7328 0.6757 0.0798
vn 0.9406 0.3327 -0.0677
vn 0.7416 0.4782 -0.4704
vn 0.5571 0.7418 -0.3733
vn 0.9858 -0.0233 -0.1665
vn 0.8817 -0.0166 -0.4716
vn 0.9844 -0.1756 -0.0062
vn 0.8606 -0.3546 -0.3656
vn 0.3295 -0.9417 0.0685
vn 0.4160 -0.8285 0.3748
vn 0.4193 -0.8438 0.3350
vn 0.3493 -0.9342 0.0720
vn -0.3045 -0.6475 0.6986
vn -0.4284 -0.4626 0.7762
vn -0.4879 -0.7452 0.4545
vn -0.5043 -0.7273 0.4655
vn -0.5346 -0.7579 0.3739
vn -0.5024 -0.7176 0.4823
vn -0.4042 -0.6793 0.6125
vn -0.3785 -0.7042 0.6007
vn -0.3052 -0.6952 0.6508
vn -0.3537 -0.6489 0.6737
vn -0.4369 -0.6561 -0.6153
vn 0.2625 -0.5275 -0.8080
vn 0.0643 -0.8634 -0.5004
vn -0.3701 -0.6815 -0.6314
vn -0.7012 -0.4807 -0.5265
vn -0.7024 -0.4795 -0.5261
vn 0.4068 0.8903 0.2047
vn 0.3982 0.8051 0.4397
vn 0.7488 0.5921 0.2978
vn -0.2376 -0.2685 0.9335
vn -0.4457 0.1826 0.8764
vn -0.5056 0.2278 0.8321
vn -0.0920 -0.5400 0.8366
vn -0.4136 -0.6812 0.6041
vn -0.3236 -0.6694 0.6687
vn 0.6478 -0.0765 -0.7580
vn 0.5321 -0.7307 -0.4278
vn 0.2910 -0.9475 -0.1326
vn 0.3021 0.6357 -0.7104
vn 0.4921 0.3667 -0.7895
vn 0.3053 0.2978 -0.9045
vn 0.1401 0.5247 -0.8397
vn -0.9725 0.2284 -0.0466
vn -0.8641 0.2841 0.4156
vn -0.7369 0.6498 0.1867
vn -0.7543 0.5575 -0.3467
vn -0.2614 0.9193 -0.2942
vn -0.7219 0.2677 0.6382
vn -0.7396 0.2457 0.6266
vn 0.3242 0.9151 -0.2396
vn 0.0730 0.8205 -0.5670
vn -0.0523 0.6892 -0.7227
vn -0.4871 -0.7285 0.4817
vn -0.5188 -0.7080 0.4791
vn -0.4220 -0.6489 0.6332
vn -0.4004 -0.6844 0.6093
vn -0.3950 -0.5919 0.7026
vn -0.3598 -0.6124 0.7039
vn -0.5660 -0.7218 0.3982
vn -0.1481 -0.7829 0.6042
vn 0.9643 0.2106 0.1608
vn 0.1386 -0.6881 0.7123
vn -0.8749 -0.2055 -0.4386
vn -0.9008 -0.1289 -0.4147
vn -0.8669 0.4528 0.2084
vn -0.5939 0.6351 0.4940
vn -0.5936 0.7439 0.3072
vn -0.7241 0.6897 0.0089
vn 0.0652 0.9892 0.1310
vn 0.4296 0.9030 0.0015
vn 0.2220 0.8892 -0.4001
vn -0.0680 0.9422 -0.3280
vn 0.6962 0.7115 -0.0955
vn 0.6358 0.6582 -0.4031
vn 0.7928 0.6076 0.0479
vn 0.8481 0.4220 -0.3203
vn 0.8928 -0.4450 0.0699
vn 0.8526 -0.3253 0.4089
vn 0.8753 -0.3314 0.3522
vn 0.9033 -0.4223 0.0759
vn 0.1524 -0.7385 0.6568
vn -0.0629 -0.6932 0.7180
vn 0.1034 -0.8995 0.4245
vn 0.0882 -0.9010 0.4247
vn 0.0734 -0.9379 0.3390
vn 0.0719 -0.8870 0.4561
vn 0.1400 -0.7937 0.5919
vn 0.1646 -0.7898 0.5908
vn 0.2205 -0.7269 0.6504
vn 0.1623 -0.7310 0.6628
vn 0.1599 -0.7649 -0.6240
vn 0.5732 -0.1496 -0.8056
vn 0.6669 -0.5478 -0.5051
vn 0.2324 -0.7303 -0.6424
vn -0.1456 -0.8331 -0.5336
vn -0.1420 -0.8331 -0.5346
vn -0.3080 0.9217 0.2357
vn -0.2587 0.8473 0.4638
vn 0.1386 0.9326 0.3334
vn -0.0762 -0.4453 0.8921
vn -0.5067 -0.2771 0.8164
vn -0.5475 -0.2817 0.7880
vn 0.2091 -0.5357 0.8181
vn 0.1179 -0.7964 0.5932
vn 0.1811 -0.7191 0.6708
vn 0.5243 0.4631 -0.7146
vn 0.9010 -0.1021 -0.4216
vn 0.8747 -0.4650 -0.1362
vn -0.1728 0.7001 -0.6928
vn 0.1308 0.6524 -0.7465
vn 0.0480 0.4688 -0.8820
vn -0.2135 0.5033 -0.8374
vn -0.8335 -0.5475 -0.0748
vn -0.8148 -0.4440 0.3727
vn -0.9881 -0.0768 0.1335
vn -0.9074 -0.1416 -0.3957
vn -0.8079 0.4845 -0.3356
vn -0.7190 -0.3785 0.5829
vn -0.7143 -0.4088 0.5680
vn -0.3544 0.9068 -0.2283
vn -0.4669 0.6650 -0.5829
vn -0.4644 0.4771 -0.7461
vn 0.1155 -0.8943 0.4323
vn 0.0743 -0.9003 0.4288
vn 0.1162 -0.7903 0.6016
vn 0.1576 -0.8028 0.5751
vn 0.1025 -0.7248 0.6812
vn 0.1469 -0.7196 0.6787
vn 0.0491 -0.9399 0.3380
vn 0.3810 -0.7131 0.5885
vn 0.5191 0.8275 0.2141
vn 0.4977 -0.4722 0.7275
vn -0.4562 -0.7682 -0.4491
vn -0.5206 -0.7380 -0.4293
vn -0.1000 -0.9011 0.4218
vn -0.2641 -0.6436 0.7183
vn -0.7295 -0.6364 0.2507
vn -0.6459 -0.7627 -0.0317
vn -0.9967 0.0697 0.0415
vn -0.8756 0.4760 -0.0825
vn -0.8270 0.2611 -0.4979
vn -0.8971 -0.0802 -0.4345
vn -0.6490 0.7478 -0.1400
vn -0.5765 0.6864 -0.4433
vn -0.1612 0.9498 0.2680
vn -0.0011 0.9921 -0.1254
vn 0.2347 0.8917 0.3870
vn 0.3701 0.9207 0.1237
vn 0.6149 0.1696 0.7701
vn 0.5749 -0.0593 0.8161
vn 0.8436 0.1375 0.5191
vn 0.8462 0.1026 0.5230
vn 0.8899 0.1075 0.4433
vn 0.8311 0.1093 0.5452
vn 0.7379 0.1588 0.6559
vn 0.7304 0.2062 0.6511
vn 0.6741 0.2619 0.6906
vn 0.6816 0.1820 0.7087
vn 0.7818 0.1645 -0.6014
vn 0.2013 0.5956 -0.7776
vn 0.5584 0.6784 -0.4774
vn 0.7498 0.2360 -0.6182
vn 0.8457 -0.1573 -0.5099
vn 0.8457 -0.1570 -0.5100
vn -0.9239 -0.3521 0.1496
vn -0.8617 -0.3085 0.4029
vn -0.9522 0.1399 0.2717
vn 0.2655 -0.0894 0.9600
vn 0.1374 -0.5781 0.8044
vn 0.3612 0.2217 0.9057
vn 0.7365 0.1618 0.6568
vn 0.6626 0.2335 0.7116
vn -0.3695 0.5718 -0.7325
vn 0.1380 0.9166 -0.3753
vn 0.4409 0.8925 -0.0952
vn -0.6205 -0.1947 -0.7596
vn -0.5652 0.1551 -0.8102
vn -0.3836 0.0600 -0.9216
vn -0.4225 -0.2387 -0.8744
vn 0.5225 -0.8518 -0.0383
vn 0.3759 -0.8312 0.4097
vn 0.0668 -0.9828 0.1724
vn 0.1658 -0.9245 -0.3433
vn -0.4191 -0.8454 -0.3313
vn 0.2766 -0.7407 0.6123
vn -0.8581 -0.4094 -0.3100
vn -0.5860 -0.5208 -0.6207
vn -0.3971 -0.5163 -0.7587
vn 0.8416 0.1083 0.5292
vn 0.8463 0.0692 0.5282
vn 0.7341 0.1127 0.6697
vn 0.7473 0.1499 0.6473
vn 0.6747 0.1015 0.7311
vn 0.6686 0.1353 0.7312
vn 0.8936 0.0378 0.4473
vn 0.6113 0.3987 0.6836
vn -0.8061 0.5711 0.1550
vn 0.3125 0.5275 0.7900
vn 0.7718 -0.4800 -0.4170
vn 0.7374 -0.5488 -0.3938
vn 0.2825 -0.9323 0.2260
vn -0.0308 -0.8777 0.4782
vn -0.0969 -0.9476 0.3043
vn 0.0503 -0.9984 0.0269
vn -0.7328 -0.6757 0.0798
vn -0.9406 -0.3327 -0.0677
vn -0.7416 -0.4782 -0.4704
vn -0.5571 -0.7418 -0.3733
vn -0.9858 0.0233 -0.1665
vn -0.8816 0.0166 -0.4716
vn -0.9844 0.1756 -0.0062
vn -0.8606 0.3546 -0.3656
vn -0.3295 0.9417 0.0685
vn -0.4160 0.8285 0.3748
vn -0.4193 0.8438 0.3350
vn -0.3493 0.9342 0.0720
vn 0.3045 0.6475 0.6986
vn 0.4284 0.4626 0.7762
vn 0.4879 0.7452 0.4545
vn 0.5043 0.7273 0.4655
vn 0.5346 0.7579 0.3739
vn 0.5024 0.7176 0.4823
vn 0.4042 0.6793 0.6125
vn 0.3785 0.7042 0.6007
vn 0.3052 0.6952 0.6508
vn 0.3537 0.6489 0.6737
vn 0.4369 0.6561 -0.6153
vn -0.2625 0.5275 -0.8080
vn -0.0643 0.8634 -0.5004
vn 0.3701 0.6815 -0.6314
vn 0.7012 0.4807 -0.5265
vn 0.7024 0.4795 -0.5261
vn -0.4068 -0.8903 0.2047
vn -0.3982 -0.8051 0.4397
vn -0.7488 -0.5921 0.2978
vn 0.2376 0.2685 0.9335
vn 0.4457 -0.1826 0.8764
vn 0.5056 -0.2278 0.8321
vn 0.0920 0.5400 0.8366
vn 0.4136 0.6812 0.6041
vn 0.3236 0.6694 0.6687
vn -0.6478 0.0765 -0.7580
vn -0.5321 0.7307 -0.4278
vn -0.2910 0.9475 -0.1326
vn -0.3021 -0.6357 -0.7104
vn -0.4921 -0.3667 -0.7895
vn -0.3053 -0.2978 -0.9045
vn -0.1401 -0.5247 -0.8397
vn 0.9725 -0.2284 -0.0466
vn 0.8641 -0.2841 0.4156
vn 0.7369 -0.6498 0.1867
vn 0.7543 -0.5575 -0.3467
vn 0.2614 -0.9193 -0.2942
vn 0.7219 -0.2677 0.6382
vn 0.7396 -0.2457 0.6266
vn -0.3242 -0.9151 -0.2396
vn -0.0730 -0.8205 -0.5670
vn 0.0523 -0.6892 -0.7227
vn 0.4871 0.7285 0.4817
vn 0.5188 0.7080 0.4791
vn 0.4220 0.6489 0.6332
vn 0.4004 0.6844 0.6093
vn 0.3950 0.5919 0.7026
vn 0.3598 0.6124 0.7039
vn 0.5660 0.7219 0.3982
vn 0.1481 0.7829 0.6042
vn -0.9643 -0.2106 0.1608
vn -0.1386 0.6881 0.7123
vn 0.8749 0.2055 -0.4386
vn 0.9008 0.1289 -0.4147
vn 0.8669 -0.4528 0.2084
vn 0.5939 -0.6351 0.4940
vn 0.5936 -0.7439 0.3072
vn 0.7241 -0.6897 0.0089
vn -0.0652 -0.9892 0.1310
vn -0.4296 -0.9030 0.0015
vn -0.2220 -0.8892 -0.4001
vn 0.0680 -0.9422 -0.3280
vn -0.6962 -0.7115 -0.0955
vn -0.6358 -0.6582 -0.4031
vn -0.7928 -0.6076 0.0479
vn -0.8481 -0.4220 -0.3203
vn -0.8928 0.4450 0.0699
vn -0.8526 0.3253 0.4089
vn -0.8753 0.3314 0.3522
vn -0.9033 0.4223 0.0759
vn -0.1524 0.7385 0.6568
vn 0.0629 0.6932 0.7180
vn -0.1034 0.8995 0.4245
vn -0.0882 0.9010 0.4247
vn -0.0734 0.9379 0.3390
vn -0.0719 0.8870 0.4561
vn -0.1400 0.7937 0.5919
vn -0.1646 0.7898 0.5908
vn -0.2205 0.7269 0.6504
vn -0.1623 0.7310 0.6628
vn -0.1599 0.7649 -0.6240
vn -0.5732 0.1496 -0.8056
vn -0.6669 0.5478 -0.5051
vn -0.2324 0.7303 -0.6424
vn 0.1456 0.8331 -0.5336
vn 0.1420 0.8331 -0.5346
vn 0.3080 -0.9217 0.2357
vn 0.2587 -0.8473 0.4638
vn -0.1386 -0.9325 0.3334
vn 0.0762 0.4453 0.8921
vn 0.5067 0.2771 0.8164
vn 0.5475 0.2817 0.7880
vn -0.2091 0.5357 0.8181
vn -0.1179 0.7964 0.5932
vn -0.1811 0.7191 0.6708
vn -0.5243 -0.4631 -0.7146
vn -0.9010 0.1021 -0.4216
vn -0.8747 0.4650 -0.1362
vn 0.1728 -0.7001 -0.6928
vn -0.1308 -0.6524 -0.7465
vn -0.0480 -0.4688 -0.8820
vn 0.2135 -0.5033 -0.8374
vn 0.8335 0.5475 -0.0748
vn 0.8148 0.4440 0.3727
vn 0.9881 0.0768 0.1335
vn 0.9074 0.1416 -0.3957
vn 0.8079 -0.4845 -0.3356
vn 0.7190 0.3785 0.5829
vn 0.7143 0.4088 0.5680
vn 0.3544 -0.9068 -0.2283
vn 0.4669 -0.6650 -0.5829
vn 0.4644 -0.4771 -0.7461
vn -0.1155 0.8943 0.4323
vn -0.0743 0.9003 0.4288
vn -0.1162 0.7903 0.6016
vn -0.1576 0.8028 0.5751
vn -0.1025 0.7248 0.6812
vn -0.1469 0.7196 0.6787
vn -0.0491 0.9399 0.3380
vn -0.3810 0.7131 0.5885
vn -0.5191 -0.8275 0.2141
vn -0.4977 0.4722 0.7275
vn 0.4562 0.7682 -0.4491
vn 0.5206 0.7380 -0.4293
vn 0.9277 0.3328 0.1689
vn 0.8932 0.0022 0.4496
vn 0.9647 -0.0777 0.2515
vn 0.9971 0.0544 -0.0523
vn 0.6344 -0.7670 0.0961
vn 0.2882 -0.9575 -0.0122
vn 0.3983 -0.8128 -0.4251
vn 0.6642 -0.6408 -0.3849
vn -0.0331 -0.9968 -0.0726
vn -0.0428 -0.9250 -0.3776
vn -0.1568 -0.9853 0.0674
vn -0.3325 -0.9026 -0.2734
vn -0.9261 -0.3567 0.1231
vn -0.7723 -0.4146 0.4813
vn -0.8048 -0.4314 0.4076
vn -0.9155 -0.3808 0.1300
vn -0.5390 0.4301 0.7242
vn -0.3500 0.5564 0.7536
vn -0.6563 0.5782 0.4848
vn -0.6432 0.5987 0.4774
vn -0.6604 0.6340 0.4024
vn -0.6238 0.5881 0.5148
vn -0.6150 0.4694 0.6336
vn -0.6320 0.4371 0.6399
vn -0.6358 0.3461 0.6899
vn -0.5932 0.4031 0.6969
vn -0.6670 0.4277 -0.6101
vn -0.5472 -0.3150 -0.7755
vn -0.8701 -0.1050 -0.4816
vn -0.6964 0.3452 -0.6292
vn -0.4922 0.7004 -0.5169
vn -0.4962 0.6963 -0.5186
vn 0.8819 -0.4347 0.1824
vn 0.8041 -0.4123 0.4283
vn 0.5436 -0.7803 0.3093
vn -0.1211 0.3833 0.9156
vn 0.2596 0.5662 0.7823
vn 0.2721 0.5854 0.7637
vn -0.3997 0.2442 0.8835
vn -0.5992 0.4758 0.6439
vn -0.5996 0.3623 0.7136
vn -0.1087 -0.7147 -0.6910
vn -0.7252 -0.5814 -0.3689
vn -0.9430 -0.3182 -0.0976
vn 0.5582 -0.3742 -0.7406
vn 0.2944 -0.5712 -0.7662
vn 0.2297 -0.3742 -0.8984
vn 0.4493 -0.1964 -0.8715
vn 0.2071 0.9761 -0.0657
vn 0.2998 0.8799 0.3686
vn 0.6398 0.7591 0.1203
vn 0.5191 0.7594 -0.3922
vn 0.8873 0.2686 -0.3750
vn 0.3002 0.7725 0.5596
vn 0.2775 0.7875 0.5504
vn 0.8719 -0.3885 -0.2980
vn 0.7614 -0.1157 -0.6378
vn 0.6212 0.0217 -0.7834
vn -0.6588 0.5831 0.4754
vn -0.6300 0.6158 0.4732
vn -0.5918 0.4951 0.6361
vn -0.6302 0.4792 0.6109
vn -0.5426 0.4511 0.7086
vn -0.5695 0.4228 0.7049
vn -0.6380 0.6690 0.3812
vn -0.7052 0.2405 0.6670
vn 0.1782 -0.9617 0.2083
vn -0.5900 -0.0244 0.8070
vn -0.2213 0.8765 -0.4276
vn -0.1578 0.8991 -0.4084
vn 0.1000 0.9011 0.4218
vn 0.2641 0.6436 0.7183
vn 0.7295 0.6364 0.2507
vn 0.6459 0.7627 -0.0317
vn 0.9967 -0.0697 0.0415
vn 0.8756 -0.4760 -0.0825
vn 0.8270 -0.2611 -0.4979
vn 0.8971 0.0802 -0.4345
vn 0.6490 -0.7478 -0.1400
vn 0.5765 -0.6864 -0.4433
vn 0.1612 -0.9498 0.2680
vn 0.0011 -0.9921 -0.1254
vn -0.2347 -0.8917 0.3870
vn -0.3701 -0.9207 0.1237
vn -0.6149 -0.1696 0.7701
vn -0.5749 0.0593 0.8161
vn -0.8436 -0.1375 0.5191
vn -0.8462 -0.1026 0.5230
vn -0.8899 -0.1075 0.4433
vn -0.8311 -0.1093 0.5452
vn -0.7379 -0.1588 0.6559
vn -0.7304 -0.2062 0.6511
vn -0.6741 -0.2619 0.6906
vn -0.6816 -0.1820 0.7087
vn -0.7818 -0.1646 -0.6014
vn -0.2013 -0.5956 -0.7776
vn -0.5584 -0.6784 -0.4774
vn -0.7498 -0.2360 -0.6182
vn -0.8457 0.1573 -0.5099
vn -0.8457 0.1570 -0.5100
vn 0.9239 0.3521 0.1496
vn 0.8617 0.3085 0.4029
vn 0.9522 -0.1399 0.2717
vn -0.2655 0.0894 0.9600
vn -0.1374 0.5781 0.8044
vn -0.3612 -0.2217 0.9057
vn -0.7365 -0.1618 0.6568
vn -0.6626 -0.2335 0.7116
vn 0.3695 -0.5718 -0.7325
vn -0.1380 -0.9166 -0.3753
vn -0.4409 -0.8925 -0.0952
vn 0.6205 0.1947 -0.7596
vn 0.5652 -0.1551 -0.8102
vn 0.3836 -0.0600 -0.9216
vn 0.4225 0.2387 -0.8744
vn -0.5225 0.8518 -0.0383
vn -0.3759 0.8312 0.4097
vn -0.0668 0.9828 0.1724
vn -0.1658 0.9245 -0.3433
vn 0.4191 0.8454 -0.3313
vn -0.2766 0.7407 0.6123
vn 0.8581 0.4094 -0.3100
vn 0.5860 0.5208 -0.6207
vn 0.3972 0.5163 -0.7587
vn -0.8416 -0.1083 0.5292
vn -0.8463 -0.0692 0.5282
vn -0.7341 -0.1127 0.6697
vn -0.7473 -0.1499 0.6473
vn -0.6747 -0.1015 0.7311
vn -0.6686 -0.1353 0.7312
vn -0.8936 -0.0378 0.4473
vn -0.6113 -0.3987 0.6836
vn 0.8061 -0.5711 0.1550
vn -0.3125 -0.5275 0.7900
vn -0.7718 0.4800 -0.4170
vn -0.7374 0.5488 -0.3938
vn 0.1886 -0.2456 0.9508
vn 0.1799 -0.2607 0.9485
vn 0.1767 -0.2662 0.9476
vn -0.0617 -0.2730 -0.9600
vn -0.0575 -0.2571 -0.9647
vn -0.1106 -0.4534 -0.8844
vn -0.1257 -0.5079 -0.8522
vn 0.3774 0.2771 0.8836
vn 0.4811 0.3798 0.7901
vn 0.4651 0.3756 0.8016
vn 0.3512 0.2411 0.9047
vn -0.2439 0.7235 0.6458
vn -0.2289 0.6803 0.6963
vn -0.2237 0.6651 0.7125
vn 0.2863 0.1340 0.9487
vn 0.2817 0.1224 0.9517
vn 0.2649 0.4205 -0.8678
vn 0.1674 0.1537 -0.9738
vn 0.1634 0.1275 -0.9783
vn 0.2257 0.3400 -0.9129
vn -0.2512 0.4845 0.8379
vn -0.2433 0.5236 0.8165
vn 0.5210 0.3899 0.7593
vn -0.4097 -0.0200 0.9120
vn -0.4071 -0.0120 0.9133
vn -0.4004 0.0078 0.9163
vn 0.2408 0.6452 -0.7251
vn 0.1720 0.3622 -0.9161
vn 0.1930 0.4441 -0.8749
vn -0.2864 0.3288 0.8999
vn -0.2831 0.3410 0.8964
vn 0.0814 0.1316 -0.9880
vn 0.0936 0.1563 -0.9833
vn -0.1910 -0.7388 -0.6463
vn -0.2060 -0.7903 -0.5770
vn -0.3642 -0.8425 -0.3969
vn -0.2401 -0.7159 -0.6556
vn -0.2740 -0.7549 -0.5958
vn 0.1924 -0.1956 0.9616
vn 0.1974 -0.1746 0.9647
vn -0.0632 -0.4637 -0.8837
vn -0.0903 -0.5069 -0.8572
vn -0.2373 -0.8949 -0.3779
vn 0.3493 0.5996 -0.7200
vn 0.0402 -0.2672 -0.9628
vn 0.0338 -0.2817 -0.9589
vn -0.3927 0.0223 0.9194
vn -0.3859 0.0389 0.9217
vn -0.3349 0.1838 0.9242
vn -0.3373 0.1770 0.9246
vn -0.0003 -0.0745 -0.9972
vn -0.0011 -0.0770 -0.9970
vn 0.2405 -0.0136 0.9705
vn 0.2408 -0.0125 0.9705
vn 0.1099 -0.0779 -0.9909
vn 0.1119 -0.0717 -0.9911
vn -0.1570 -0.3455 0.9252
vn -0.1810 -0.3464 0.9205
vn -0.1895 -0.3467 0.9186
vn -0.1258 0.0031 -0.9920
vn -0.1130 0.0062 -0.9936
vn -0.2997 -0.0407 -0.9532
vn -0.3592 -0.0563 -0.9316
vn 0.2767 -0.2909 0.9159
vn 0.4230 -0.3398 0.8400
vn 0.4112 -0.3265 0.8511
vn 0.2357 -0.2843 0.9293
vn 0.3715 0.5012 0.7815
vn 0.3419 0.4517 0.8240
vn 0.3337 0.4380 0.8347
vn 0.1215 -0.2702 0.9551
vn 0.1139 -0.2702 0.9560
vn 0.5138 0.0780 -0.8544
vn 0.2650 0.0547 -0.9627
vn 0.2479 0.0489 -0.9676
vn 0.4409 0.0792 -0.8941
vn 0.1684 0.3432 0.9240
vn 0.1991 0.3577 0.9124
vn 0.4538 -0.3750 0.8083
vn -0.2612 0.2441 0.9339
vn -0.2548 0.2469 0.9349
vn -0.2363 0.2549 0.9376
vn 0.6949 0.1530 -0.7026
vn 0.4458 0.0885 -0.8907
vn 0.5174 0.1068 -0.8491
vn 0.0312 0.2842 0.9583
vn 0.0394 0.2871 0.9571
vn 0.2323 0.0617 -0.9707
vn 0.2559 0.0624 -0.9647
vn -0.6247 -0.1301 -0.7700
vn -0.6958 -0.1517 -0.7021
vn -0.8526 -0.0277 -0.5218
vn -0.6402 -0.0354 -0.7674
vn -0.6950 -0.0339 -0.7182
vn -0.1428 -0.3293 0.9334
vn -0.1258 -0.3237 0.9377
vn -0.3067 -0.0335 -0.9512
vn -0.3547 -0.0346 -0.9343
vn -0.8360 -0.1967 -0.5122
vn 0.7070 0.0715 -0.7036
vn -0.0972 -0.0203 -0.9951
vn -0.1100 -0.0218 -0.9937
vn -0.2298 0.2399 0.9432
vn -0.2180 0.2396 0.9461
vn -0.0942 0.2562 0.9620
vn -0.1002 0.2551 0.9617
vn 0.0477 0.0389 -0.9981
vn 0.0444 0.0383 -0.9983
vn 0.0013 -0.2908 0.9568
vn 0.0049 -0.2899 0.9570
vn 0.0751 0.0077 -0.9971
vn 0.0788 0.0084 -0.9969
vn -0.3375 -0.1258 0.9329
vn -0.3633 -0.1008 0.9262
vn -0.3736 -0.0907 0.9231
vn -0.0652 0.2724 -0.9600
vn -0.0567 0.2611 -0.9636
vn -0.1854 0.4113 -0.8924
vn -0.2269 0.4539 -0.8617
vn -0.0920 -0.5426 0.8349
vn -0.0525 -0.6883 0.7235
vn -0.0487 -0.6702 0.7406
vn -0.1093 -0.5019 0.8580
vn 0.6232 -0.2555 0.7392
vn 0.5797 -0.2558 0.7736
vn 0.5665 -0.2557 0.7834
vn -0.1576 -0.3886 0.9078
vn -0.1617 -0.3798 0.9108
vn 0.2678 -0.3439 -0.9000
vn 0.1065 -0.0935 -0.9899
vn 0.0929 -0.0783 -0.9926
vn 0.2258 -0.2658 -0.9372
vn 0.4301 -0.1610 0.8883
vn 0.4573 -0.1836 0.8702
vn -0.0617 -0.7310 0.6796
vn 0.1437 0.2645 0.9536
vn 0.1474 0.2658 0.9527
vn 0.1584 0.2697 0.9498
vn 0.4602 -0.4802 -0.7468
vn 0.2816 -0.2661 -0.9219
vn 0.3387 -0.3337 -0.8797
vn 0.3273 -0.0540 0.9434
vn 0.3354 -0.0651 0.9398
vn 0.1581 -0.0643 -0.9853
vn 0.1721 -0.0932 -0.9807
vn -0.4092 0.6222 -0.6675
vn -0.4609 0.6621 -0.5909
vn -0.4384 0.8083 -0.3929
vn -0.3669 0.6731 -0.6421
vn -0.3854 0.7078 -0.5920
vn -0.3412 -0.1361 0.9301
vn -0.3266 -0.1545 0.9324
vn -0.2367 0.4264 -0.8730
vn -0.2569 0.4647 -0.8474
vn -0.5599 0.7272 -0.3970
vn 0.3742 -0.5491 -0.7473
vn -0.1382 0.2450 -0.9596
vn -0.1460 0.2588 -0.9548
vn 0.1620 0.2120 0.9638
vn 0.1676 0.1993 0.9655
vn 0.2441 0.0710 0.9672
vn 0.2437 0.0716 0.9672
vn 0.0505 0.1123 -0.9924
vn 0.0465 0.1180 -0.9919
vn -0.2366 -0.2718 0.9328
vn -0.2331 -0.2763 0.9324
vn -0.0320 0.0834 -0.9960
vn -0.0314 0.0825 -0.9961
vn -0.1886 0.2456 0.9508
vn -0.1799 0.2607 0.9485
vn -0.1767 0.2662 0.9476
vn 0.0617 0.2730 -0.9600
vn 0.0575 0.2571 -0.9647
vn 0.1106 0.4534 -0.8844
vn 0.1257 0.5079 -0.8522
vn -0.3774 -0.2771 0.8836
vn -0.4811 -0.3798 0.7901
vn -0.4651 -0.3756 0.8016
vn -0.3512 -0.2411 0.9047
vn 0.2439 -0.7235 0.6458
vn 0.2289 -0.6803 0.6963
vn 0.2237 -0.6651 0.7125
vn -0.2863 -0.1340 0.9487
vn -0.2817 -0.1224 0.9517
vn -0.2649 -0.4205 -0.8678
vn -0.1674 -0.1537 -0.9738
vn -0.1634 -0.1275 -0.9783
vn -0.2257 -0.3400 -0.9129
vn 0.2512 -0.4845 0.8379
vn 0.2433 -0.5236 0.8165
vn -0.5210 -0.3899 0.7593
vn 0.4097 0.0200 0.9120
vn 0.4071 0.0120 0.9133
vn 0.4004 -0.0078 0.9163
vn -0.2408 -0.6452 -0.7251
vn -0.1720 -0.3622 -0.9161
vn -0.1930 -0.4442 -0.8749
vn 0.2864 -0.3288 0.8999
vn 0.2831 -0.3410 0.8964
vn -0.0814 -0.1316 -0.9880
vn -0.0936 -0.1563 -0.9833
vn 0.1910 0.7388 -0.6463
vn 0.2060 0.7903 -0.5770
vn 0.3642 0.8425 -0.3969
vn 0.2401 0.7159 -0.6556
vn 0.2740 0.7549 -0.5958
vn -0.1924 0.1956 0.9616
vn -0.1974 0.1746 0.9647
vn 0.0632 0.4637 -0.8837
vn 0.0903 0.5069 -0.8572
vn 0.2373 0.8949 -0.3779
vn -0.3493 -0.5996 -0.7200
vn -0.0402 0.2672 -0.9628
vn -0.0338 0.2817 -0.9589
vn 0.3927 -0.0223 0.9194
vn 0.3859 -0.0389 0.9217
vn 0.3349 -0.1838 0.9242
vn 0.3373 -0.1770 0.9246
vn 0.0003 0.0745 -0.9972
vn 0.0011 0.0770 -0.9970
vn -0.2405 0.0136 0.9705
vn -0.2408 0.0125 0.9705
vn -0.1099 0.0779 -0.9909
vn -0.1119 0.0717 -0.9911
vn 0.1570 0.3455 0.9252
vn 0.1810 0.3464 0.9205
vn 0.1895 0.3467 0.9186
vn 0.1258 -0.0031 -0.9920
vn 0.1130 -0.0062 -0.9936
vn 0.2997 0.0407 -0.9532
vn 0.3592 0.0563 -0.9316
vn -0.2767 0.2909 0.9159
vn -0.4230 0.3398 0.8400
vn -0.4112 0.3265 0.8511
vn -0.2357 0.2843 0.9293
vn -0.3715 -0.5012 0.7815
vn -0.3419 -0.4517 0.8240
vn -0.3337 -0.4380 0.8347
vn -0.1215 0.2702 0.9551
vn -0.1139 0.2702 0.9560
vn -0.5138 -0.0780 -0.8544
vn -0.2650 -0.0547 -0.9627
vn -0.2479 -0.0489 -0.9676
vn -0.4409 -0.0792 -0.8941
vn -0.1684 -0.3432 0.9240
vn -0.1991 -0.3577 0.9124
vn -0.4538 0.3750 0.8083
vn 0.2612 -0.2441 0.9339
vn 0.2548 -0.2469 0.9349
vn 0.2363 -0.2549 0.9376
vn -0.6949 -0.1530 -0.7026
vn -0.4458 -0.0885 -0.8907
vn -0.5174 -0.1068 -0.8491
vn -0.0312 -0.2842 0.9583
vn -0.0394 -0.2871 0.9571
vn -0.2323 -0.0617 -0.9707
vn -0.2559 -0.0624 -0.9647
vn 0.6247 0.1301 -0.7700
vn 0.6958 0.1517 -0.7021
vn 0.8526 0.0277 -0.5218
vn 0.6402 0.0354 -0.7674
vn 0.6950 0.0339 -0.7182
vn 0.1428 0.3293 0.9334
vn 0.1258 0.3237 0.9377
vn 0.3067 0.0335 -0.9512
vn 0.3547 0.0346 -0.9343
vn 0.8360 0.1967 -0.5122
vn -0.7070 -0.0715 -0.7036
vn 0.0972 0.0203 -0.9951
vn 0.1100 0.0218 -0.9937
vn 0.2298 -0.2399 0.9432
vn 0.2180 -0.2396 0.9461
vn 0.0942 -0.2562 0.9620
vn 0.1002 -0.2551 0.9617
vn -0.0477 -0.0390 -0.9981
vn -0.0444 -0.0383 -0.9983
vn -0.0013 0.2908 0.9568
vn -0.0049 0.2899 0.9570
vn -0.0751 -0.0077 -0.9971
vn -0.0788 -0.0084 -0.9969
vn 0.3375 0.1258 0.9329
vn 0.3633 0.1008 0.9262
vn 0.3736 0.0907 0.9231
vn 0.0652 -0.2724 -0.9600
vn 0.0567 -0.2611 -0.9636
vn 0.1855 -0.4113 -0.8924
vn 0.2269 -0.4539 -0.8617
vn 0.0920 0.5426 0.8349
vn 0.0525 0.6883 0.7235
vn 0.0487 0.6702 0.7406
vn 0.1093 0.5019 0.8580
vn -0.6232 0.2555 0.7391
vn -0.5797 0.2558 0.7736
vn -0.5665 0.2557 0.7834
vn 0.1576 0.3886 0.9078
vn 0.1617 0.3798 0.9108
vn -0.2678 0.3439 -0.9000
vn -0.1065 0.0935 -0.9899
vn -0.0929 0.0783 -0.9926
vn -0.2258 0.2658 -0.9372
vn -0.4301 0.1610 0.8883
vn -0.4573 0.1836 0.8702
vn 0.0617 0.7310 0.6796
vn -0.1437 -0.2645 0.9536
vn -0.1474 -0.2658 0.9527
vn -0.1584 -0.2697 0.9498
vn -0.4602 0.4802 -0.7468
vn -0.2816 0.2661 -0.9219
vn -0.3387 0.3337 -0.8797
vn -0.3273 0.0540 0.9434
vn -0.3354 0.0651 0.9398
vn -0.1581 0.0643 -0.9853
vn -0.1721 0.0932 -0.9807
vn 0.4092 -0.6222 -0.6675
vn 0.4609 -0.6621 -0.5909
vn 0.4384 -0.8083 -0.3929
vn 0.3669 -0.6731 -0.6421
vn 0.3854 -0.7078 -0.5920
vn 0.3412 0.1361 0.9301
vn 0.3266 0.1545 0.9324
vn 0.2367 -0.4264 -0.8730
vn 0.2569 -0.4647 -0.8474
vn 0.5599 -0.7272 -0.3970
vn -0.3742 0.5491 -0.7473
vn 0.1382 -0.2450 -0.9596
vn 0.1460 -0.2588 -0.9548
vn -0.1620 -0.2120 0.9638
vn -0.1676 -0.1993 0.9655
vn -0.2441 -0.0710 0.9671
vn -0.2437 -0.0716 0.9672
vn -0.0505 -0.1123 -0.9924
vn -0.0465 -0.1180 -0.9919
vn 0.2366 0.2718 0.9328
vn 0.2331 0.2763 0.9324
vn 0.0320 -0.0834 -0.9960
vn 0.0314 -0.0825 -0.9961
vn -0.7419 -0.6516 0.1583
vn -0.4530 -0.7076 0.5424
vn -0.6148 -0.5361 0.5784
vn -0.8691 -0.3898 0.3045
vn -0.3653 0.0987 0.9257
vn -0.1090 0.4220 0.9000
vn -0.5366 0.6088 0.5844
vn -0.7524 0.3601 0.5516
vn 0.1458 0.6154 0.7746
vn -0.0836 0.8351 0.5436
vn 0.7550 0.3700 0.5414
vn 0.6170 0.7391 0.2701
vn 0.9520 0.2111 0.2215
vn 0.9103 0.4135 0.0185
vn 0.8603 -0.4871 -0.1502
vn 0.7510 -0.6427 -0.1513
vn 0.8216 -0.3846 -0.4207
vn 0.8046 -0.4025 -0.4366
vn 0.7783 -0.3592 -0.5149
vn 0.8124 -0.4163 -0.4082
vn 0.8652 -0.4354 -0.2488
vn 0.8844 -0.4088 -0.2252
vn 0.9111 -0.3887 -0.1375
vn 0.8801 -0.4461 -0.1627
vn -0.8355 0.4845 -0.2592
vn -0.6151 0.7545 -0.2291
vn -0.5429 0.7273 -0.4198
vn -0.7602 0.4601 -0.4586
vn -0.3069 0.9400 -0.1489
vn -0.2225 0.9277 -0.2996
vn 0.5784 0.0465 -0.8144
vn 0.7089 0.5224 -0.4739
vn 0.6958 0.5111 -0.5047
vn 0.5770 0.1814 -0.7963
vn 0.5517 -0.1639 -0.8178
vn 0.5502 -0.1671 -0.8182
vn -0.5594 -0.2538 0.7891
vn -0.2953 -0.4544 0.8404
vn -0.1088 -0.0680 0.9917
vn 0.6679 -0.7281 0.1540
vn 0.2966 -0.9503 0.0951
vn 0.2217 -0.9744 0.0387
vn 0.8396 -0.5258 0.1365
vn 0.8617 -0.4441 -0.2454
vn 0.8987 -0.4203 -0.1250
vn -0.2605 0.9486 0.1798
vn 0.0531 0.9959 0.0739
vn 0.8719 0.4738 -0.1238
vn 0.8408 0.5201 -0.1503
vn -0.8736 0.4629 0.1505
vn -0.6840 0.7038 0.1918
vn -0.0642 -0.7053 -0.7060
vn -0.0597 -0.9138 -0.4019
vn 0.0023 -0.9326 -0.3609
vn -0.0646 -0.7062 -0.7051
vn -0.8611 -0.1928 -0.4704
vn -0.8580 -0.4770 -0.1906
vn -0.9708 -0.2339 -0.0527
vn -0.9296 -0.1454 -0.3386
vn 0.0462 -0.9758 -0.2139
vn 0.0456 -0.9762 -0.2120
vn -0.8812 0.0706 0.4674
vn -0.9782 0.1915 0.0807
vn -0.9302 0.1722 -0.3243
vn 0.8152 -0.3943 -0.4244
vn 0.7892 -0.4208 -0.4473
vn 0.8477 -0.4646 -0.2561
vn 0.8629 -0.4299 -0.2659
vn 0.8489 -0.4993 -0.1736
vn 0.8647 -0.4753 -0.1624
vn 0.7415 -0.3905 -0.5456
vn 0.9384 -0.3243 -0.1191
vn 0.1886 0.2755 0.9426
vn 0.9346 -0.2856 0.2121
vn -0.8519 0.1462 -0.5029
vn 0.3998 -0.2823 -0.8720
vn 0.2139 -0.3815 -0.8993
vn -0.1434 0.9704 0.1945
vn -0.3333 0.7604 0.5574
vn -0.1337 0.7911 0.5969
vn 0.1147 0.9364 0.3317
vn 0.2659 0.2351 0.9349
vn 0.4059 -0.1515 0.9013
vn 0.7875 0.1705 0.5922
vn 0.6677 0.4871 0.5630
vn 0.4450 -0.4737 0.7600
vn 0.7603 -0.3723 0.5324
vn -0.0597 -0.8630 0.5017
vn 0.2987 -0.9239 0.2391
vn -0.2933 -0.9363 0.1931
vn -0.1226 -0.9925 0.0027
vn -0.8038 -0.5718 -0.1643
vn -0.9061 -0.3918 -0.1596
vn -0.7090 -0.5521 -0.4388
vn -0.7202 -0.5319 -0.4454
vn -0.6597 -0.5265 -0.5362
vn -0.7274 -0.5282 -0.4381
vn -0.7853 -0.5633 -0.2568
vn -0.7680 -0.5923 -0.2438
vn -0.7673 -0.6225 -0.1541
vn -0.8068 -0.5658 -0.1702
vn 0.8047 0.5381 -0.2508
vn 0.9445 0.2069 -0.2551
vn 0.8781 0.1670 -0.4485
vn 0.7437 0.4928 -0.4516
vn 0.9629 -0.1895 -0.1919
vn 0.9020 -0.2471 -0.3540
vn -0.2775 -0.4959 -0.8229
vn 0.0462 -0.8667 -0.4967
vn 0.0417 -0.8446 -0.5337
vn -0.1871 -0.5526 -0.8121
vn -0.4409 -0.3566 -0.8237
vn -0.4434 -0.3504 -0.8250
vn 0.0700 0.5964 0.7996
vn -0.2293 0.4799 0.8468
vn -0.0181 0.1286 0.9915
vn -0.9407 -0.3075 0.1431
vn -0.9775 0.1839 0.1038
vn -0.9508 0.3085 0.0278
vn -0.8256 -0.5516 0.1189
vn -0.7863 -0.5542 -0.2731
vn -0.7885 -0.5974 -0.1466
vn 0.9548 -0.2548 0.1534
vn 0.8180 -0.5745 0.0293
vn -0.0550 -0.9881 -0.1439
vn -0.0119 -0.9857 -0.1682
vn 0.8095 0.5645 0.1615
vn 0.9425 0.2783 0.1852
vn -0.5572 0.4762 -0.6802
vn -0.7262 0.5614 -0.3969
vn -0.7816 0.5094 -0.3600
vn -0.5521 0.4694 -0.6891
vn 0.2538 0.8768 -0.4083
vn 0.0435 0.9903 -0.1317
vn 0.2839 0.9589 -0.0051
vn 0.3302 0.9011 -0.2810
vn -0.8421 0.4893 -0.2267
vn -0.8426 0.4939 -0.2146
vn 0.4826 0.7308 0.4827
vn 0.6237 0.7739 0.1101
vn 0.5815 0.7623 -0.2841
vn -0.7267 -0.5506 -0.4107
vn -0.7339 -0.5121 -0.4464
vn -0.8041 -0.5378 -0.2534
vn -0.7830 -0.5676 -0.2546
vn -0.8374 -0.5190 -0.1714
vn -0.8232 -0.5459 -0.1559
vn -0.6850 -0.4886 -0.5405
vn -0.7011 -0.6994 -0.1393
vn 0.1213 -0.3391 0.9329
vn -0.6540 -0.7328 0.1880
vn 0.5194 0.7182 -0.4632
vn -0.4570 -0.1649 -0.8740
vn -0.4392 0.0840 -0.8945
vn 0.7419 0.6516 0.1583
vn 0.4530 0.7076 0.5424
vn 0.6148 0.5361 0.5784
vn 0.8691 0.3898 0.3045
vn 0.3653 -0.0987 0.9257
vn 0.1090 -0.4220 0.9000
vn 0.5366 -0.6088 0.5844
vn 0.7524 -0.3601 0.5516
vn -0.1458 -0.6154 0.7746
vn 0.0836 -0.8351 0.5436
vn -0.7550 -0.3700 0.5414
vn -0.6170 -0.7391 0.2701
vn -0.9520 -0.2111 0.2215
vn -0.9103 -0.4135 0.0185
vn -0.8603 0.4871 -0.1502
vn -0.7510 0.6427 -0.1514
vn -0.8216 0.3846 -0.4207
vn -0.8046 0.4025 -0.4366
vn -0.7783 0.3592 -0.5149
vn -0.8124 0.4163 -0.4083
vn -0.8652 0.4354 -0.2488
vn -0.8844 0.4088 -0.2252
vn -0.9111 0.3887 -0.1375
vn -0.8801 0.4461 -0.1627
vn 0.8355 -0.4845 -0.2592
vn 0.6151 -0.7545 -0.2290
vn 0.5429 -0.7273 -0.4198
vn 0.7602 -0.4601 -0.4586
vn 0.3069 -0.9400 -0.1489
vn 0.2225 -0.9277 -0.2996
vn -0.5784 -0.0465 -0.8144
vn -0.7089 -0.5224 -0.4739
vn -0.6958 -0.5111 -0.5047
vn -0.5770 -0.1814 -0.7963
vn -0.5517 0.1639 -0.8178
vn -0.5502 0.1671 -0.8182
vn 0.5594 0.2538 0.7891
vn 0.2953 0.4544 0.8404
vn 0.1088 0.0680 0.9917
vn -0.6679 0.7281 0.1540
vn -0.2966 0.9503 0.0951
vn -0.2217 0.9744 0.0387
vn -0.8396 0.5258 0.1365
vn -0.8617 0.4441 -0.2454
vn -0.8987 0.4203 -0.1250
vn 0.2605 -0.9486 0.1798
vn -0.0531 -0.9959 0.0739
vn -0.8719 -0.4738 -0.1238
vn -0.8408 -0.5201 -0.1503
vn 0.8736 -0.4629 0.1505
vn 0.6840 -0.7038 0.1918
vn 0.0643 0.7053 -0.7060
vn 0.0597 0.9138 -0.4019
vn -0.0023 0.9326 -0.3609
vn 0.0646 0.7062 -0.7051
vn 0.8611 0.1928 -0.4704
vn 0.8580 0.4770 -0.1906
vn 0.9708 0.2339 -0.0527
vn 0.9296 0.1454 -0.3386
vn -0.0462 0.9758 -0.2139
vn -0.0456 0.9762 -0.2120
vn 0.8812 -0.0706 0.4674
vn 0.9782 -0.1915 0.0807
vn 0.9302 -0.1722 -0.3243
vn -0.8152 0.3943 -0.4244
vn -0.7892 0.4208 -0.4473
vn -0.8477 0.4646 -0.2561
vn -0.8629 0.4299 -0.2659
vn -0.8489 0.4993 -0.1736
vn -0.8647 0.4753 -0.1624
vn -0.7415 0.3905 -0.5456
vn -0.9384 0.3243 -0.1191
vn -0.1887 -0.2755 0.9426
vn -0.9346 0.2856 0.2121
vn 0.8519 -0.1462 -0.5029
vn -0.3998 0.2823 -0.8720
vn -0.2139 0.3815 -0.8993
vn 0.9122 -0.3759 0.1633
vn 0.8382 -0.0544 0.5426
vn 0.7554 -0.2695 0.5973
vn 0.7498 -0.5792 0.3201
vn 0.0961 -0.3438 0.9341
vn -0.2951 -0.2682 0.9171
vn -0.2348 -0.7626 0.6028
vn 0.0752 -0.8215 0.5652
vn -0.5903 -0.1431 0.7944
vn -0.6767 -0.4739 0.5634
vn -0.6569 0.1285 0.7430
vn -0.8755 -0.2111 0.4348
vn -0.7639 0.6450 -0.0215
vn -0.5541 0.8043 0.2148
vn -0.6107 0.7698 0.1856
vn -0.5051 0.8367 -0.2119
vn -0.0445 0.9847 -0.1688
vn 0.1229 0.9785 -0.1656
vn -0.1028 0.8979 -0.4280
vn -0.0737 0.8950 -0.4400
vn -0.1111 0.8502 -0.5147
vn -0.0779 0.9035 -0.4214
vn -0.0700 0.9602 -0.2703
vn -0.1052 0.9623 -0.2507
vn -0.1294 0.9770 -0.1694
vn -0.0646 0.9794 -0.1913
vn 0.0252 -0.9783 -0.2057
vn -0.2965 -0.9343 -0.1980
vn -0.3048 -0.8702 -0.3872
vn 0.0130 -0.9153 -0.4026
vn -0.6222 -0.7695 -0.1440
vn -0.6420 -0.7045 -0.3025
vn -0.3017 0.4417 -0.8449
vn -0.7769 0.3698 -0.5096
vn -0.7490 0.3550 -0.5595
vn -0.3983 0.3859 -0.8321
vn -0.1117 0.5216 -0.8458
vn -0.1076 0.5214 -0.8465
vn 0.4864 -0.3476 0.8016
vn 0.5352 -0.0033 0.8447
vn 0.1333 -0.0226 0.9908
vn 0.2264 0.9662 0.1229
vn 0.6128 0.7874 0.0667
vn 0.6946 0.7194 -0.0042
vn -0.0048 0.9945 0.1042
vn -0.0701 0.9597 -0.2722
vn -0.1006 0.9822 -0.1583
vn -0.6715 -0.7164 0.1897
vn -0.8772 -0.4767 0.0567
vn -0.8062 0.5692 -0.1617
vn -0.5480 0.7964 -0.2559
vn 0.0537 -0.9810 0.1862
vn -0.2305 -0.9483 0.2180
vn 0.6315 0.2440 -0.7360
vn 0.8066 0.3862 -0.4474
vn 0.7839 0.4712 -0.4043
vn 0.6386 0.2458 -0.7292
vn 0.5712 -0.7051 -0.4202
vn 0.8034 -0.5711 -0.1684
vn 0.6531 -0.7570 -0.0203
vn 0.5612 -0.7754 -0.2895
vn 0.7934 0.5490 -0.2628
vn 0.7975 0.5485 -0.2513
vn 0.3674 -0.7955 0.4819
vn 0.3125 -0.9422 0.1207
vn 0.3111 -0.9130 -0.2638
vn -0.0445 0.8929 -0.4481
vn -0.0352 0.9612 -0.2735
vn -0.0080 0.9802 -0.1979
vn -0.0330 0.9822 -0.1851
vn -0.0443 0.8426 -0.5367
vn -0.1882 0.9724 -0.1382
vn -0.3085 0.0859 0.9473
vn -0.2216 0.9592 0.1756
vn 0.3008 -0.8460 -0.4403
vn 0.0512 0.4381 -0.8974
vn 0.2326 0.3101 -0.9218
vn 0.1434 -0.9704 0.1945
vn 0.3333 -0.7604 0.5574
vn 0.1337 -0.7911 0.5969
vn -0.1147 -0.9364 0.3317
vn -0.2659 -0.2351 0.9349
vn -0.4059 0.1515 0.9013
vn -0.7875 -0.1705 0.5922
vn -0.6677 -0.4871 0.5630
vn -0.4450 0.4737 0.7600
vn -0.7603 0.3723 0.5324
vn 0.0597 0.8630 0.5017
vn -0.2987 0.9239 0.2391
vn 0.2933 0.9363 0.1931
vn 0.1226 0.9925 0.0027
vn 0.8038 0.5718 -0.1643
vn 0.9061 0.3918 -0.1596
vn 0.7090 0.5521 -0.4388
vn 0.7202 0.5318 -0.4454
vn 0.6597 0.5265 -0.5362
vn 0.7274 0.5282 -0.4381
vn 0.7853 0.5633 -0.2568
vn 0.7680 0.5923 -0.2438
vn 0.7673 0.6225 -0.1541
vn 0.8068 0.5658 -0.1702
vn -0.8047 -0.5381 -0.2508
vn -0.9445 -0.2069 -0.2551
vn -0.8780 -0.1670 -0.4485
vn -0.7437 -0.4928 -0.4517
vn -0.9629 0.1895 -0.1919
vn -0.9020 0.2471 -0.3540
vn 0.2775 0.4959 -0.8229
vn -0.0462 0.8667 -0.4967
vn -0.0417 0.8446 -0.5337
vn 0.1871 0.5526 -0.8121
vn 0.4409 0.3566 -0.8237
vn 0.4434 0.3504 -0.8250
vn -0.0700 -0.5964 0.7996
vn 0.2293 -0.4799 0.8468
vn 0.0181 -0.1286 0.9915
vn 0.9407 0.3075 0.1431
vn 0.9775 -0.1839 0.1038
vn 0.9508 -0.3085 0.0278
vn 0.8256 0.5516 0.1189
vn 0.7863 0.5542 -0.2731
vn 0.7885 0.5974 -0.1466
vn -0.9548 0.2548 0.1534
vn -0.8180 0.5745 0.0293
vn 0.0550 0.9881 -0.1439
vn 0.0119 0.9857 -0.1682
vn -0.8095 -0.5645 0.1615
vn -0.9425 -0.2783 0.1852
vn 0.5572 -0.4762 -0.6802
vn 0.7262 -0.5614 -0.3969
vn 0.7816 -0.5094 -0.3600
vn 0.5521 -0.4694 -0.6891
vn -0.2538 -0.8768 -0.4083
vn -0.0435 -0.9903 -0.1317
vn -0.2839 -0.9588 -0.0051
vn -0.3302 -0.9011 -0.2809
vn 0.8421 -0.4893 -0.2267
vn 0.8426 -0.4939 -0.2146
vn -0.4826 -0.7308 0.4827
vn -0.6237 -0.7739 0.1101
vn -0.5815 -0.7623 -0.2841
vn 0.7267 0.5506 -0.4107
vn 0.7339 0.5121 -0.4464
vn 0.8041 0.5378 -0.2534
vn 0.7830 0.5676 -0.2546
vn 0.8374 0.5190 -0.1714
vn 0.8232 0.5459 -0.1559
vn 0.6850 0.4886 -0.5405
vn 0.7011 0.6993 -0.1393
vn -0.1213 0.3391 0.9329
vn 0.6540 0.7328 0.1880
vn -0.5194 -0.7182 -0.4632
vn 0.4570 0.1649 -0.8740
vn 0.4392 -0.0840 -0.8945
vn -0.9122 0.3759 0.1633
vn -0.8382 0.0544 0.5426
vn -0.7554 0.2695 0.5973
vn -0.7498 0.5792 0.3200
vn -0.0961 0.3438 0.9341
vn 0.2951 0.2682 0.9171
vn 0.2348 0.7626 0.6027
vn -0.0752 0.8215 0.5652
vn 0.5903 0.1431 0.7944
vn 0.6767 0.4739 0.5634
vn 0.6569 -0.1285 0.7430
vn 0.8755 0.2111 0.4348
vn 0.7639 -0.6450 -0.0215
vn 0.5541 -0.8043 0.2148
vn 0.6107 -0.7698 0.1856
vn 0.5051 -0.8367 -0.2118
vn 0.0445 -0.9847 -0.1688
vn -0.1229 -0.9785 -0.1656
vn 0.1028 -0.8979 -0.4280
vn 0.0737 -0.8950 -0.4400
vn 0.1111 -0.8502 -0.5147
vn 0.0779 -0.9035 -0.4214
vn 0.0700 -0.9602 -0.2703
vn 0.1052 -0.9623 -0.2507
vn 0.1294 -0.9770 -0.1694
vn 0.0646 -0.9794 -0.1913
vn -0.0252 0.9783 -0.2057
vn 0.2965 0.9343 -0.1980
vn 0.3048 0.8702 -0.3872
vn -0.0130 0.9153 -0.4026
vn 0.6222 0.7695 -0.1440
vn 0.6420 0.7045 -0.3025
vn 0.3017 -0.4417 -0.8449
vn 0.7769 -0.3698 -0.5096
vn 0.7490 -0.3550 -0.5594
vn 0.3983 -0.3859 -0.8321
vn 0.1117 -0.5216 -0.8458
vn 0.1077 -0.5214 -0.8465
vn -0.4864 0.3476 0.8016
vn -0.5352 0.0033 0.8447
vn -0.1333 0.0226 0.9908
vn -0.2264 -0.9662 0.1229
vn -0.6128 -0.7874 0.0667
vn -0.6946 -0.7194 -0.0042
vn 0.0048 -0.9945 0.1042
vn 0.0701 -0.9597 -0.2722
vn 0.1006 -0.9822 -0.1583
vn 0.6715 0.7164 0.1897
vn 0.8772 0.4767 0.0567
vn 0.8062 -0.5692 -0.1617
vn 0.5480 -0.7964 -0.2559
vn -0.0537 0.9810 0.1862
vn 0.2305 0.9483 0.2180
vn -0.6315 -0.2441 -0.7360
vn -0.8066 -0.3862 -0.4474
vn -0.7839 -0.4712 -0.4043
vn -0.6386 -0.2458 -0.7292
vn -0.5712 0.7051 -0.4202
vn -0.8034 0.5711 -0.1684
vn -0.6531 0.7570 -0.0203
vn -0.5612 0.7754 -0.2895
vn -0.7934 -0.5490 -0.2628
vn -0.7975 -0.5485 -0.2513
vn -0.3674 0.7955 0.4819
vn -0.3125 0.9422 0.1207
vn -0.3111 0.9130 -0.2638
vn 0.0446 -0.8929 -0.4481
vn 0.0352 -0.9612 -0.2735
vn 0.0080 -0.9802 -0.1979
vn 0.0330 -0.9822 -0.1851
vn 0.0443 -0.8426 -0.5366
vn 0.1882 -0.9724 -0.1382
vn 0.3085 -0.0859 0.9473
vn 0.2216 -0.9592 0.1756
vn -0.3008 0.8460 -0.4403
vn -0.0512 -0.4381 -0.8974
vn -0.2326 -0.3101 -0.9218
usemtl plantcreatures
s 1
f 110/1/1 7/2/2 260/3/3 257/4/4
f 9/5/5 113/6/6 255/7/7 260/8/3
f 55/9/8 191/10/9 194/11/10 56/12/11
f 136/13/12 17/14/13 246/15/14 243/16/15
f 18/17/16 139/18/17 241/19/18 246/15/14
f 65/20/19 210/21/20 213/22/21 66/23/22
f 165/24/23 27/25/24 275/26/25 272/27/26
f 28/28/27 168/29/28 270/30/29 275/31/25
f 75/32/30 231/33/31 234/34/32 76/35/33
f 49/36/34 180/37/35 178/38/36 48/39/37
f 3/40/38 2/41/39 98/42/40 96/43/41
f 32/44/42 2/41/39 3/40/38
f 32/45/42 33/46/43 4/47/44 2/48/39
f 33/46/43 34/49/45 5/50/46 4/47/44
f 34/49/45 6/51/47 5/50/46
f 34/49/45 7/2/2 6/51/47
f 34/49/45 35/52/48 8/53/49 7/2/2
f 35/52/48 36/54/50 9/5/5 8/53/49
f 36/54/50 10/55/51 9/5/5
f 36/56/50 11/57/52 10/58/51
f 36/56/50 37/59/53 12/60/54 11/57/52
f 37/59/53 38/61/55 13/62/56 12/60/54
f 38/61/55 14/63/57 13/62/56
f 38/61/55 15/64/58 14/63/57
f 38/65/55 39/66/59 16/67/60 15/68/58
f 39/66/59 40/69/61 17/14/13 16/67/60
f 40/69/61 246/70/14 17/14/13
f 40/69/61 18/17/16 246/70/14
f 40/69/61 41/71/62 19/72/63 18/17/16
f 41/71/62 42/73/64 20/74/65 19/72/63
f 42/75/64 21/76/66 20/77/65
f 42/75/64 22/78/67 21/76/66
f 42/75/64 43/79/68 23/80/69 22/78/67
f 43/81/68 44/82/70 24/83/71 23/84/69
f 44/82/70 25/85/72 24/83/71
f 44/82/70 26/86/73 25/85/72
f 44/82/70 45/87/74 27/25/24 26/86/73
f 45/87/74 46/88/75 275/89/25 27/25/24
f 46/88/75 28/28/27 275/89/25
f 46/88/75 29/90/76 28/28/27
f 46/88/75 47/91/77 30/92/78 29/90/76
f 47/91/77 32/45/42 31/93/79 30/92/78
f 32/45/42 3/94/38 31/93/79
f 1/95/80 33/46/43 32/45/42
f 1/95/80 34/49/45 33/46/43
f 1/95/80 35/52/48 34/49/45
f 1/95/80 36/54/50 35/52/48
f 1/96/80 37/59/53 36/56/50
f 1/96/80 38/61/55 37/59/53
f 1/95/80 39/66/59 38/65/55
f 1/95/80 40/69/61 39/66/59
f 1/95/80 41/71/62 40/69/61
f 1/95/80 42/73/64 41/71/62
f 1/96/80 43/79/68 42/75/64
f 1/95/80 44/82/70 43/81/68
f 1/95/80 45/87/74 44/82/70
f 1/95/80 46/88/75 45/87/74
f 1/95/80 47/91/77 46/88/75
f 1/95/80 32/45/42 47/91/77
f 48/97/37 178/98/36 183/99/81 50/100/82
f 78/101/83 239/102/84 180/103/35 49/104/34
f 51/105/85 185/106/86 187/107/87 52/108/88
f 52/108/88 187/107/87 189/109/89 53/110/90
f 53/110/90 189/109/89 262/111/91 268/112/92
f 56/12/11 194/11/10 196/113/93 57/114/94
f 268/115/92 264/116/95 191/10/9 55/9/8
f 57/117/94 196/118/93 198/119/96 58/120/97
f 58/120/97 198/119/96 200/121/98 59/122/99
f 59/122/99 200/121/98 202/123/100 60/124/101
f 60/124/101 202/123/100 204/125/102 61/126/103
f 61/127/103 204/128/102 206/129/104 62/130/105
f 62/130/105 206/129/104 208/131/106 63/132/107
f 63/132/107 208/131/106 248/133/108 64/134/109
f 66/23/22 213/22/21 215/135/110 67/136/111
f 64/134/109 250/137/112 210/21/20 65/20/19
f 67/138/111 215/139/110 217/140/113 68/141/114
f 68/141/114 217/140/113 219/142/115 69/143/116
f 69/143/116 219/142/115 221/144/117 70/145/118
f 70/146/118 221/147/117 223/148/119 71/149/120
f 71/149/120 223/148/119 225/150/121 72/151/122
f 72/151/122 225/150/121 227/152/123 73/153/124
f 73/153/124 227/152/123 229/154/125 74/155/126
f 74/155/126 229/154/125 277/156/127 283/157/128
f 76/35/33 234/34/32 236/158/129 77/159/130
f 283/160/128 279/161/131 231/33/31 75/32/30
f 77/159/130 236/158/129 239/102/84 78/101/83
f 50/100/82 183/99/81 185/106/86 51/105/85
f 93/162/132 49/36/34 48/39/37
f 93/163/132 48/97/37 50/100/82 94/164/133
f 94/164/133 50/100/82 51/105/85 80/165/134
f 80/165/134 51/105/85 52/108/88
f 80/165/134 52/108/88 53/110/90
f 80/165/134 53/110/90 54/166/135 79/167/136
f 79/167/136 54/166/135 55/9/8 82/168/137
f 82/168/137 55/9/8 56/12/11
f 82/169/137 56/170/11 57/117/94
f 82/169/137 57/117/94 58/120/97 81/171/138
f 81/171/138 58/120/97 59/122/99 84/172/139
f 84/172/139 59/122/99 60/124/101
f 84/172/139 60/124/101 61/126/103
f 84/173/139 61/127/103 62/130/105 83/174/140
f 83/174/140 62/130/105 63/132/107 86/175/141
f 86/175/141 63/132/107 64/176/109
f 86/175/141 64/176/109 65/20/19
f 86/175/141 65/20/19 66/23/22 85/177/142
f 85/177/142 66/23/22 67/136/111 88/178/143
f 88/179/143 67/138/111 68/141/114
f 88/179/143 68/141/114 69/143/116
f 88/179/143 69/143/116 70/145/118 87/180/144
f 87/181/144 70/146/118 71/149/120 90/182/145
f 90/182/145 71/149/120 72/151/122
f 90/182/145 72/151/122 73/153/124
f 90/182/145 73/153/124 74/155/126 89/183/146
f 89/183/146 74/155/126 283/184/128 92/185/147
f 92/185/147 283/184/128 75/32/30
f 92/185/147 75/32/30 76/35/33
f 92/185/147 76/35/33 77/159/130 91/186/148
f 91/186/148 77/159/130 78/101/83 93/163/132
f 93/163/132 78/101/83 49/104/34
f 95/187/149 93/163/132 94/164/133
f 95/187/149 94/164/133 80/165/134
f 95/187/149 80/165/134 79/167/136
f 95/187/149 79/167/136 82/168/137
f 95/188/149 82/169/137 81/171/138
f 95/188/149 81/171/138 84/172/139
f 95/187/149 84/173/139 83/174/140
f 95/187/149 83/174/140 86/175/141
f 95/187/149 86/175/141 85/177/142
f 95/187/149 85/177/142 88/178/143
f 95/188/149 88/179/143 87/180/144
f 95/187/149 87/181/144 90/182/145
f 95/187/149 90/182/145 89/183/146
f 95/187/149 89/183/146 92/185/147
f 95/187/149 92/185/147 91/186/148
f 95/187/149 91/186/148 93/163/132
f 23/84/69 24/83/71 156/189/150 153/190/151
f 11/57/52 12/60/54 121/191/152 118/192/153
f 24/83/71 25/85/72 159/193/154 156/189/150
f 12/60/54 13/62/56 124/194/155 121/191/152
f 25/85/72 26/86/73 162/195/156 159/193/154
f 13/62/56 14/63/57 127/196/157 124/194/155
f 26/86/73 27/25/24 165/24/23 162/195/156
f 14/63/57 15/64/58 130/197/158 127/196/157
f 15/68/58 16/67/60 133/198/159 130/199/158
f 31/93/79 3/94/38 96/200/41 176/201/160
f 16/67/60 17/14/13 136/13/12 133/198/159
f 2/48/39 4/47/44 101/202/161 98/203/40
f 28/28/27 29/90/76 170/204/162 168/29/28
f 4/47/44 5/50/46 104/205/163 101/202/161
f 29/90/76 30/92/78 173/206/164 170/204/162
f 5/50/46 6/51/47 107/207/165 104/205/163
f 30/92/78 31/93/79 176/201/160 173/206/164
f 18/17/16 19/72/63 141/208/166 139/18/17
f 6/51/47 7/2/2 110/1/1 107/207/165
f 19/72/63 20/74/65 144/209/167 141/208/166
f 8/53/49 9/5/5 260/210/3
f 20/77/65 21/76/66 147/211/168 144/212/167
f 21/76/66 22/78/67 150/213/169 147/211/168
f 9/5/5 10/55/51 115/214/170 113/6/6
f 22/78/67 23/80/69 153/215/151 150/213/169
f 10/58/51 11/57/52 118/192/153 115/216/170
f 54/166/135 53/110/90 268/217/92
f 7/2/2 8/53/49 260/218/3
f 54/166/135 268/219/92 55/9/8
f 99/220/171 181/221/172 97/222/173 100/223/174
f 100/223/175 97/222/176 96/43/41 98/42/40
f 102/224/177 99/225/171 100/226/174 103/227/178
f 103/227/179 100/226/175 98/203/40 101/202/161
f 105/228/180 102/224/177 103/227/178 106/229/181
f 106/229/182 103/227/179 101/202/161 104/205/163
f 108/230/183 105/228/180 106/229/181 109/231/184
f 109/231/185 106/229/182 104/205/163 107/207/165
f 111/232/186 108/230/183 109/231/184 112/233/187
f 112/233/188 109/231/185 107/207/165 110/1/1
f 116/234/189 192/235/190 114/236/191 117/237/192
f 117/237/193 114/236/194 113/6/6 115/214/170
f 119/238/195 116/239/189 117/240/192 120/241/196
f 120/241/197 117/240/193 115/216/170 118/192/153
f 122/242/198 119/238/195 120/241/196 123/243/199
f 123/243/199 120/241/197 118/192/153 121/191/152
f 125/244/200 122/242/198 123/243/199 126/245/201
f 126/245/201 123/243/199 121/191/152 124/194/155
f 128/246/202 125/244/200 126/245/201 129/247/203
f 129/247/203 126/245/201 124/194/155 127/196/157
f 131/248/204 128/246/202 129/247/203 132/249/205
f 132/249/205 129/247/203 127/196/157 130/197/158
f 134/250/206 131/251/204 132/252/205 135/253/207
f 135/253/207 132/252/205 130/199/158 133/198/159
f 137/254/208 134/250/206 135/253/207 138/255/209
f 138/255/209 135/253/207 133/198/159 136/13/12
f 142/256/210 211/257/211 140/258/212 143/259/213
f 143/259/214 140/258/215 139/18/17 141/208/166
f 145/260/216 142/256/210 143/259/213 146/261/217
f 146/261/218 143/259/214 141/208/166 144/209/167
f 148/262/219 145/263/216 146/264/217 149/265/220
f 149/265/221 146/264/218 144/212/167 147/211/168
f 151/266/222 148/262/219 149/265/220 152/267/223
f 152/267/224 149/265/221 147/211/168 150/213/169
f 154/268/225 151/269/222 152/270/223 155/271/226
f 155/272/227 152/267/224 150/213/169 153/215/151
f 157/273/228 154/268/225 155/271/226 158/274/229
f 158/274/230 155/271/227 153/190/151 156/189/150
f 160/275/231 157/273/228 158/274/229 161/276/232
f 161/276/233 158/274/230 156/189/150 159/193/154
f 163/277/234 160/275/231 161/276/232 164/278/235
f 164/278/235 161/276/233 159/193/154 162/195/156
f 166/279/236 163/277/234 164/278/235 167/280/237
f 167/280/237 164/278/235 162/195/156 165/24/23
f 171/281/238 232/282/239 169/283/240 172/284/241
f 172/284/241 169/283/240 168/29/28 170/204/162
f 174/285/242 171/281/238 172/284/241 175/286/243
f 175/286/243 172/284/241 170/204/162 173/206/164
f 238/287/244 174/285/242 175/286/243 177/288/245
f 177/288/246 175/286/243 173/206/164 176/201/160
f 181/289/172 238/287/244 177/288/245 97/290/173
f 97/290/176 177/288/246 176/201/160 96/200/41
f 178/38/36 180/37/35 182/291/247 179/292/248
f 179/292/248 182/291/249 181/293/172 99/294/171
f 183/99/81 178/98/36 179/295/248 184/296/250
f 184/296/250 179/295/248 99/297/171 102/298/177
f 185/106/86 183/99/81 184/296/250 186/299/251
f 186/299/251 184/296/250 102/298/177 105/300/180
f 187/107/87 185/106/86 186/299/251 188/301/252
f 188/301/252 186/299/251 105/300/180 108/302/183
f 189/109/89 187/107/87 188/301/252 190/303/253
f 190/303/253 188/301/252 108/302/183 111/304/186
f 194/11/10 191/10/9 193/305/254 195/306/255
f 195/306/256 193/305/254 192/307/190 116/308/189
f 196/118/93 194/309/10 195/310/255 197/311/257
f 197/311/258 195/310/256 116/312/189 119/313/195
f 198/119/96 196/118/93 197/311/257 199/314/259
f 199/314/260 197/311/258 119/313/195 122/315/198
f 200/121/98 198/119/96 199/314/259 201/316/261
f 201/316/262 199/314/260 122/315/198 125/317/200
f 202/123/100 200/121/98 201/316/261 203/318/263
f 203/318/264 201/316/262 125/317/200 128/319/202
f 204/125/102 202/123/100 203/318/263 205/320/265
f 205/320/266 203/318/264 128/319/202 131/321/204
f 206/129/104 204/128/102 205/322/265 207/323/267
f 207/323/268 205/322/266 131/324/204 134/325/206
f 208/131/106 206/129/104 207/323/267 209/326/269
f 209/326/269 207/323/268 134/325/206 137/327/208
f 213/22/21 210/21/20 212/328/270 214/329/271
f 214/329/271 212/328/270 211/330/211 142/331/210
f 215/135/110 213/22/21 214/329/271 216/332/272
f 216/332/272 214/329/271 142/331/210 145/333/216
f 217/140/113 215/139/110 216/334/272 218/335/273
f 218/335/273 216/334/272 145/336/216 148/337/219
f 219/142/115 217/140/113 218/335/273 220/338/274
f 220/338/274 218/335/273 148/337/219 151/339/222
f 221/144/117 219/142/115 220/338/274 222/340/275
f 222/341/275 220/342/274 151/343/222 154/344/225
f 223/148/119 221/147/117 222/341/275 224/345/276
f 224/345/276 222/341/275 154/344/225 157/346/228
f 225/150/121 223/148/119 224/345/276 226/347/277
f 226/347/278 224/345/276 157/346/228 160/348/231
f 227/152/123 225/150/121 226/347/277 228/349/279
f 228/349/280 226/347/278 160/348/231 163/350/234
f 229/154/125 227/152/123 228/349/279 230/351/281
f 230/351/282 228/349/280 163/350/234 166/352/236
f 234/34/32 231/33/31 233/353/283 235/354/284
f 235/354/285 233/353/286 232/355/239 171/356/238
f 236/158/129 234/34/32 235/354/284 237/357/287
f 237/357/288 235/354/285 171/356/238 174/358/242
f 239/102/84 236/158/129 237/357/287 240/359/289
f 240/359/290 237/357/288 174/358/242 238/360/244
f 180/103/35 239/102/84 240/359/289 182/361/247
f 182/361/249 240/359/290 238/360/244 181/362/172
f 246/15/14 241/19/18 242/363/291 247/364/292
f 247/364/292 242/363/291 251/365/293 253/366/294
f 243/16/15 246/15/14 247/364/295 245/367/296
f 245/367/296 247/364/295 253/366/297 244/368/298
f 64/134/109 248/133/108 249/369/299 254/370/300
f 254/370/301 249/369/301 244/371/298 253/372/297
f 250/137/112 64/134/109 254/370/300 252/373/302
f 252/373/303 254/370/303 253/372/294 251/374/293
f 136/13/12 243/16/15 245/367/296 138/255/209
f 138/255/209 245/367/304 244/368/305 137/254/208
f 248/133/108 208/131/106 209/326/269 249/369/299
f 249/369/299 209/326/269 137/327/208 244/371/305
f 241/19/18 139/18/17 140/258/215 242/363/291
f 242/363/306 140/258/212 211/257/211 251/365/307
f 210/21/20 250/137/112 252/373/302 212/328/270
f 212/328/270 252/373/302 251/374/307 211/330/211
f 260/8/3 255/7/7 256/375/308 261/376/309
f 261/376/310 256/375/310 265/377/311 267/378/312
f 257/4/4 260/3/3 261/376/309 259/379/313
f 259/379/314 261/376/314 267/378/315 258/380/316
f 268/112/92 262/111/91 263/381/317 269/382/318
f 269/382/318 263/381/317 258/383/316 267/384/315
f 264/116/95 268/115/92 269/382/318 266/385/319
f 266/385/319 269/382/318 267/384/312 265/386/311
f 110/1/1 257/4/4 259/379/313 112/233/188
f 112/233/187 259/379/320 258/380/321 111/232/186
f 262/111/91 189/109/89 190/303/253 263/381/317
f 263/381/317 190/303/253 111/304/186 258/383/321
f 255/7/7 113/6/6 114/236/194 256/375/308
f 256/375/322 114/236/191 192/235/190 265/377/323
f 191/10/9 264/116/95 266/385/319 193/305/254
f 193/305/254 266/385/319 265/386/323 192/307/190
f 275/31/25 270/30/29 271/387/324 276/388/325
f 276/388/325 271/387/324 280/389/326 282/390/327
f 272/27/26 275/26/25 276/388/328 274/391/329
f 274/391/329 276/388/328 282/390/330 273/392/331
f 283/157/128 277/156/127 278/393/332 284/394/333
f 284/394/334 278/393/334 273/395/331 282/396/330
f 279/161/131 283/160/128 284/394/333 281/397/335
f 281/397/336 284/394/336 282/396/327 280/398/326
f 165/24/23 272/27/26 274/391/329 167/280/237
f 167/280/237 274/391/337 273/392/338 166/279/236
f 277/156/127 229/154/125 230/351/281 278/393/332
f 278/393/339 230/351/282 166/352/236 273/395/338
f 270/30/29 168/29/28 169/283/240 271/387/324
f 271/387/324 169/283/240 232/282/239 280/389/340
f 231/33/31 279/161/131 281/397/335 233/353/283
f 233/353/286 281/397/341 280/398/340 232/355/239
f 285/399/342 298/400/343 297/401/344
f 286/402/345 298/400/343 300/403/346
f 285/399/342 297/401/344 302/404/347
f 285/399/342 302/404/347 304/405/348
f 285/399/342 304/405/348 301/406/349
f 286/402/345 300/403/346 307/407/350
f 287/408/351 299/409/352 309/410/353
f 288/411/354 303/412/355 311/413/356
f 289/414/357 305/415/358 313/416/359
f 290/417/360 306/418/361 315/419/362
f 286/402/345 307/407/350 310/420/363
f 287/408/351 309/410/353 312/421/364
f 288/411/354 311/413/356 314/422/365
f 289/414/357 313/416/359 316/423/366
f 290/417/360 315/419/362 308/424/367
f 291/425/368 317/426/369 322/427/370
f 292/428/371 318/429/372 324/430/373
f 293/431/374 319/432/375 325/433/376
f 294/434/377 320/435/378 326/436/379
f 295/437/380 321/438/381 323/439/382
f 323/439/382 326/436/379 296/440/383
f 323/439/382 321/438/381 326/436/379
f 321/438/381 294/434/377 326/436/379
f 326/436/379 325/433/376 296/440/383
f 326/436/379 320/435/378 325/433/376
f 320/435/378 293/431/374 325/433/376
f 325/433/376 324/430/373 296/440/383
f 325/433/376 319/432/375 324/430/373
f 319/432/375 292/428/371 324/430/373
f 324/430/373 322/427/370 296/440/383
f 324/430/373 318/429/372 322/427/370
f 318/429/372 291/425/368 322/427/370
f 322/427/370 323/439/382 296/440/383
f 322/427/370 317/426/369 323/439/382
f 317/426/369 295/437/380 323/439/382
f 308/424/367 321/438/381 295/437/380
f 308/424/367 315/419/362 321/438/381
f 315/419/362 294/434/377 321/438/381
f 316/423/366 320/435/378 294/434/377
f 316/423/366 313/416/359 320/435/378
f 313/416/359 293/431/374 320/435/378
f 314/422/365 319/432/375 293/431/374
f 314/422/365 311/413/356 319/432/375
f 311/413/356 292/428/371 319/432/375
f 312/421/364 318/429/372 292/428/371
f 312/421/364 309/410/353 318/429/372
f 309/410/353 291/425/368 318/429/372
f 310/420/363 317/426/369 291/425/368
f 310/420/363 307/407/350 317/426/369
f 307/407/350 295/437/380 317/426/369
f 315/419/362 316/423/366 294/434/377
f 315/419/362 306/418/361 316/423/366
f 306/418/361 289/414/357 316/423/366
f 313/416/359 314/422/365 293/431/374
f 313/416/359 305/415/358 314/422/365
f 305/415/358 288/411/354 314/422/365
f 311/413/356 312/421/364 292/428/371
f 311/413/356 303/412/355 312/421/364
f 303/412/355 287/408/351 312/421/364
f 309/410/353 310/420/363 291/425/368
f 309/410/353 299/409/352 310/420/363
f 299/409/352 286/402/345 310/420/363
f 307/407/350 308/424/367 295/437/380
f 307/407/350 300/403/346 308/424/367
f 300/403/346 290/417/360 308/424/367
f 301/406/349 306/418/361 290/417/360
f 301/406/349 304/405/348 306/418/361
f 304/405/348 289/414/357 306/418/361
f 304/405/348 305/415/358 289/414/357
f 304/405/348 302/404/347 305/415/358
f 302/404/347 288/411/354 305/415/358
f 302/404/347 303/412/355 288/411/354
f 302/404/347 297/401/344 303/412/355
f 297/401/344 287/408/351 303/412/355
f 300/403/346 301/406/349 290/417/360
f 300/403/346 298/400/343 301/406/349
f 298/400/343 285/399/342 301/406/349
f 297/401/344 299/409/352 287/408/351
f 297/401/344 298/400/343 299/409/352
f 298/400/343 286/402/345 299/409/352
f 364/441/384 350/442/385 330/443/386 336/444/387
f 343/445/388 352/446/389 362/447/390 349/448/391
f 362/447/390 352/446/389 333/449/392 338/450/393
f 333/451/392 354/452/394 360/453/395 338/454/393
f 360/453/396 354/452/397 332/455/398 340/456/399
f 345/457/400 356/458/401 358/459/402 347/460/403
f 358/459/402 356/458/401 328/461/404 335/462/405
f 346/463/406 357/464/407 367/465/408 344/466/409
f 365/467/410 353/468/411 331/469/412 355/470/413
f 342/471/414 365/467/410 355/470/413 344/472/415
f 343/473/388 366/474/416 374/475/417 373/476/418
f 366/474/416 330/443/386 350/442/385 374/475/417
f 374/475/419 350/442/420 328/477/421 356/478/401
f 373/476/422 374/475/419 356/478/401 345/479/400
f 367/465/408 357/464/407 334/480/423 327/481/424
f 347/460/403 358/459/402 357/464/407 346/463/406
f 357/464/407 358/459/402 335/462/405 334/480/423
f 339/482/425 359/483/426 353/484/411
f 353/468/411 359/483/426 341/485/427 331/469/412
f 338/454/393 360/453/395 359/483/426 339/482/425
f 359/483/426 360/453/396 340/456/399 341/485/427
f 348/486/428 361/487/429 365/488/430 342/489/431
f 365/488/430 361/487/429 339/490/425 353/491/411
f 349/448/391 362/447/390 361/487/429 348/486/428
f 361/487/429 362/447/390 338/450/393 339/490/425
f 327/492/432 334/493/433 363/494/434 329/495/435
f 329/495/435 363/494/434 337/496/436
f 334/493/433 335/497/437 364/441/438 363/494/434
f 363/494/434 364/441/384 336/444/387 337/496/436
f 336/498/387 372/499/439 371/500/440 337/501/436
f 371/500/440 372/499/439 349/502/391 348/503/428
f 337/501/436 371/500/440 351/504/441 329/505/435
f 351/504/441 371/500/440 348/503/428 342/506/431
f 340/507/442 370/508/443 369/509/444 341/510/445
f 369/509/444 370/508/443 347/511/403 346/512/406
f 341/510/445 369/509/444 355/513/446 331/514/447
f 355/513/446 369/509/444 346/512/406 344/515/409
f 332/516/448 368/517/449 370/508/443 340/507/442
f 333/451/392 352/518/389 375/519/450 354/452/394
f 352/518/389 343/473/388 373/476/418 375/519/450
f 375/519/451 373/476/422 345/479/400 368/520/449
f 354/452/397 375/519/451 368/520/449 332/455/398
f 351/521/452 342/471/414 344/472/415 367/522/453
f 329/495/435 351/521/452 367/522/453 327/492/432
f 370/508/443 368/517/449 345/523/400 347/511/403
f 330/524/386 366/525/416 372/499/439 336/498/387
f 372/499/439 366/525/416 343/526/388 349/502/391
f 335/497/437 328/477/421 350/442/420 364/441/438
f 413/527/454 399/528/455 379/529/456 385/530/457
f 392/531/458 401/532/459 411/533/460 398/534/461
f 411/533/460 401/532/459 382/535/462 387/536/463
f 382/537/462 403/538/464 409/539/465 387/540/463
f 409/539/466 403/538/467 381/541/468 389/542/469
f 394/543/470 405/544/471 407/545/472 396/546/473
f 407/545/472 405/544/471 377/547/474 384/548/475
f 395/549/476 406/550/477 416/551/478 393/552/479
f 414/553/480 402/554/481 380/555/482 404/556/483
f 391/557/484 414/553/480 404/556/483 393/558/485
f 392/559/458 415/560/486 423/561/487 422/562/488
f 415/560/486 379/529/456 399/528/455 423/561/487
f 423/561/489 399/528/490 377/563/491 405/564/471
f 422/562/492 423/561/489 405/564/471 394/565/470
f 416/551/478 406/550/477 383/566/493 376/567/494
f 396/546/473 407/545/472 406/550/477 395/549/476
f 406/550/477 407/545/472 384/548/475 383/566/493
f 388/568/495 408/569/496 402/570/481
f 402/554/481 408/569/496 390/571/497 380/555/482
f 387/540/463 409/539/465 408/569/496 388/568/495
f 408/569/496 409/539/466 389/542/469 390/571/497
f 397/572/498 410/573/499 414/574/500 391/575/501
f 414/574/500 410/573/499 388/576/495 402/577/481
f 398/534/461 411/533/460 410/573/499 397/572/498
f 410/573/499 411/533/460 387/536/463 388/576/495
f 376/578/502 383/579/503 412/580/504 378/581/505
f 378/581/505 412/580/504 386/582/506
f 383/579/503 384/583/507 413/527/508 412/580/504
f 412/580/504 413/527/454 385/530/457 386/582/506
f 385/584/457 421/585/509 420/586/510 386/587/506
f 420/586/510 421/585/509 398/588/461 397/589/498
f 386/587/506 420/586/510 400/590/511 378/591/505
f 400/590/511 420/586/510 397/589/498 391/592/501
f 389/593/512 419/594/513 418/595/514 390/596/515
f 418/595/514 419/594/513 396/597/473 395/598/476
f 390/596/515 418/595/514 404/599/516 380/600/517
f 404/599/516 418/595/514 395/598/476 393/601/479
f 381/602/518 417/603/519 419/594/513 389/593/512
f 382/537/462 401/604/459 424/605/520 403/538/464
f 401/604/459 392/559/458 422/562/488 424/605/520
f 424/605/521 422/562/492 394/565/470 417/606/519
f 403/538/467 424/605/521 417/606/519 381/541/468
f 400/607/522 391/557/484 393/558/485 416/608/523
f 378/581/505 400/607/522 416/608/523 376/578/502
f 419/594/513 417/603/519 394/609/470 396/597/473
f 379/610/456 415/611/486 421/585/509 385/584/457
f 421/585/509 415/611/486 392/612/458 398/588/461
f 384/583/507 377/563/491 399/528/490 413/527/508
f 462/613/524 448/614/525 428/615/526 434/616/527
f 441/617/528 450/618/529 460/619/530 447/620/531
f 460/619/530 450/618/529 431/621/532 436/622/533
f 431/623/532 452/624/534 458/625/535 436/626/533
f 458/625/536 452/624/537 430/627/538 438/628/539
f 443/629/540 454/630/541 456/631/542 445/632/543
f 456/631/542 454/630/541 426/633/544 433/634/545
f 444/635/546 455/636/547 465/637/548 442/638/549
f 463/639/550 451/640/551 429/641/552 453/642/553
f 440/643/554 463/639/550 453/642/553 442/644/555
f 441/645/528 464/646/556 472/647/557 471/648/558
f 464/646/556 428/615/526 448/614/525 472/647/557
f 472/647/559 448/614/560 426/649/561 454/650/541
f 471/648/562 472/647/559 454/650/541 443/651/540
f 465/637/548 455/636/547 432/652/563 425/653/564
f 445/632/543 456/631/542 455/636/547 444/635/546
f 455/636/547 456/631/542 433/634/545 432/652/563
f 437/654/565 457/655/566 451/656/551
f 451/640/551 457/655/566 439/657/567 429/641/552
f 436/626/533 458/625/535 457/655/566 437/654/565
f 457/655/566 458/625/536 438/628/539 439/657/567
f 446/658/568 459/659/569 463/660/570 440/661/571
f 463/660/570 459/659/569 437/662/565 451/663/551
f 447/620/531 460/619/530 459/659/569 446/658/568
f 459/659/569 460/619/530 436/622/533 437/662/565
f 425/664/572 432/665/573 461/666/574 427/667/575
f 427/667/575 461/666/574 435/668/576
f 432/665/573 433/669/577 462/613/578 461/666/574
f 461/666/574 462/613/524 434/616/527 435/668/576
f 434/670/527 470/671/579 469/672/580 435/673/576
f 469/672/580 470/671/579 447/674/531 446/675/568
f 435/673/576 469/672/580 449/676/581 427/677/575
f 449/676/581 469/672/580 446/675/568 440/678/571
f 438/679/582 468/680/583 467/681/584 439/682/585
f 467/681/584 468/680/583 445/683/543 444/684/546
f 439/682/585 467/681/584 453/685/586 429/686/587
f 453/685/586 467/681/584 444/684/546 442/687/549
f 430/688/588 466/689/589 468/680/583 438/679/582
f 431/623/532 450/690/529 473/691/590 452/624/534
f 450/690/529 441/645/528 471/648/558 473/691/590
f 473/691/591 471/648/562 443/651/540 466/692/589
f 452/624/537 473/691/591 466/692/589 430/627/538
f 449/693/592 440/643/554 442/644/555 465/694/593
f 427/667/575 449/693/592 465/694/593 425/664/572
f 468/680/583 466/689/589 443/695/540 445/683/543
f 428/696/526 464/697/556 470/671/579 434/670/527
f 470/671/579 464/697/556 441/698/528 447/674/531
f 433/669/577 426/649/561 448/614/560 462/613/578
f 511/699/594 497/700/595 477/701/596 483/702/597
f 490/703/598 499/704/599 509/705/600 496/706/601
f 509/705/600 499/704/599 480/707/602 485/708/603
f 480/709/602 501/710/604 507/711/605 485/712/603
f 507/711/605 501/710/604 479/713/606 487/714/607
f 492/715/608 503/716/609 505/717/610 494/718/611
f 505/717/610 503/716/609 475/719/612 482/720/613
f 493/721/614 504/722/615 514/723/616 491/724/617
f 512/725/618 500/726/619 478/727/620 502/728/621
f 489/729/622 512/725/618 502/728/621 491/730/623
f 490/731/598 513/732/624 521/733/625 520/734/626
f 513/732/624 477/701/596 497/700/595 521/733/625
f 521/733/627 497/700/595 475/735/628 503/736/609
f 520/734/629 521/733/627 503/736/609 492/737/608
f 514/723/616 504/722/615 481/738/630 474/739/631
f 494/718/611 505/717/610 504/722/615 493/721/614
f 504/722/615 505/717/610 482/720/613 481/738/630
f 486/740/632 506/741/633 500/742/619
f 500/726/619 506/741/633 488/743/634 478/727/620
f 485/712/603 507/711/605 506/741/633 486/740/632
f 506/741/633 507/711/605 487/714/607 488/743/634
f 495/744/635 508/745/636 512/746/637 489/747/638
f 512/746/637 508/745/636 486/748/632 500/749/619
f 496/706/601 509/705/600 508/745/636 495/744/635
f 508/745/636 509/705/600 485/708/603 486/748/632
f 474/750/639 481/751/640 510/752/641 476/753/642
f 476/753/642 510/752/641 484/754/643
f 481/751/640 482/755/644 511/699/594 510/752/641
f 510/752/641 511/699/594 483/702/597 484/754/643
f 483/756/597 519/757/645 518/758/646 484/759/643
f 518/758/646 519/757/645 496/760/601 495/761/635
f 484/759/643 518/758/646 498/762/647 476/763/642
f 498/762/647 518/758/646 495/761/635 489/764/638
f 487/765/648 517/766/649 516/767/650 488/768/651
f 516/767/650 517/766/649 494/769/611 493/770/614
f 488/768/651 516/767/650 502/771/652 478/772/653
f 502/771/652 516/767/650 493/770/614 491/773/617
f 479/774/654 515/775/655 517/766/649 487/765/648
f 480/709/602 499/776/599 522/777/656 501/710/604
f 499/776/599 490/731/598 520/734/626 522/777/656
f 522/777/657 520/734/629 492/737/608 515/778/655
f 501/710/604 522/777/657 515/778/655 479/713/606
f 498/779/658 489/729/622 491/730/623 514/780/659
f 476/753/642 498/779/658 514/780/659 474/750/639
f 517/766/649 515/775/655 492/781/608 494/769/611
f 477/782/596 513/783/624 519/757/645 483/756/597
f 519/757/645 513/783/624 490/784/598 496/760/601
f 482/755/644 475/735/628 497/700/595 511/699/594
f 560/785/660 546/786/661 526/787/662 532/788/663
f 539/789/664 548/790/665 558/791/666 545/792/667
f 558/791/666 548/790/665 529/793/668 534/794/669
f 529/795/668 550/796/670 556/797/671 534/798/669
f 556/797/672 550/796/673 528/799/674 536/800/675
f 541/801/676 552/802/677 554/803/678 543/804/679
f 554/803/678 552/802/677 524/805/680 531/806/681
f 542/807/682 553/808/683 563/809/684 540/810/685
f 561/811/686 549/812/687 527/813/688 551/814/689
f 538/815/690 561/811/686 551/814/689 540/816/691
f 539/817/664 562/818/692 570/819/693 569/820/694
f 562/818/692 526/787/662 546/786/661 570/819/693
f 570/819/695 546/786/696 524/821/697 552/822/677
f 569/820/698 570/819/695 552/822/677 541/823/676
f 563/809/684 553/808/683 530/824/699 523/825/700
f 543/804/679 554/803/678 553/808/683 542/807/682
f 553/808/683 554/803/678 531/806/681 530/824/699
f 535/826/701 555/827/702 549/828/687
f 549/812/687 555/827/702 537/829/703 527/813/688
f 534/798/669 556/797/671 555/827/702 535/826/701
f 555/827/702 556/797/672 536/800/675 537/829/703
f 544/830/704 557/831/705 561/832/706 538/833/707
f 561/832/706 557/831/705 535/834/701 549/835/687
f 545/792/667 558/791/666 557/831/705 544/830/704
f 557/831/705 558/791/666 534/794/669 535/834/701
f 523/836/708 530/837/709 559/838/710 525/839/711
f 525/839/711 559/838/710 533/840/712
f 530/837/709 531/841/713 560/785/714 559/838/710
f 559/838/710 560/785/660 532/788/663 533/840/712
f 532/842/663 568/843/715 567/844/716 533/845/712
f 567/844/716 568/843/715 545/846/667 544/847/704
f 533/845/712 567/844/716 547/848/717 525/849/711
f 547/848/717 567/844/716 544/847/704 538/850/707
f 536/851/718 566/852/719 565/853/720 537/854/721
f 565/853/720 566/852/719 543/855/679 542/856/682
f 537/854/721 565/853/720 551/857/722 527/858/723
f 551/857/722 565/853/720 542/856/682 540/859/685
f 528/860/724 564/861/725 566/852/719 536/851/718
f 529/795/668 548/862/665 571/863/726 550/796/670
f 548/862/665 539/817/664 569/820/694 571/863/726
f 571/863/727 569/820/698 541/823/676 564/864/725
f 550/796/673 571/863/727 564/864/725 528/799/674
f 547/865/728 538/815/690 540/816/691 563/866/729
f 525/839/711 547/865/728 563/866/729 523/836/708
f 566/852/719 564/861/725 541/867/676 543/855/679
f 526/868/662 562/869/692 568/843/715 532/842/663
f 568/843/715 562/869/692 539/870/664 545/846/667
f 531/841/713 524/821/697 546/786/696 560/785/714
f 609/871/730 595/872/731 575/873/732 581/874/733
f 588/875/734 597/876/735 607/877/736 594/878/737
f 607/877/736 597/876/735 578/879/738 583/880/739
f 578/881/738 599/882/740 605/883/741 583/884/739
f 605/883/742 599/882/743 577/885/744 585/886/745
f 590/887/746 601/888/747 603/889/748 592/890/749
f 603/889/748 601/888/747 573/891/750 580/892/751
f 591/893/752 602/894/753 612/895/754 589/896/755
f 610/897/756 598/898/757 576/899/758 600/900/759
f 587/901/760 610/897/756 600/900/759 589/902/761
f 588/903/734 611/904/762 619/905/763 618/906/764
f 611/904/762 575/873/732 595/872/731 619/905/763
f 619/905/765 595/872/766 573/907/767 601/908/747
f 618/906/768 619/905/765 601/908/747 590/909/746
f 612/895/754 602/894/753 579/910/769 572/911/770
f 592/890/749 603/889/748 602/894/753 591/893/752
f 602/894/753 603/889/748 580/892/751 579/910/769
f 584/912/771 604/913/772 598/914/757
f 598/898/757 604/913/772 586/915/773 576/899/758
f 583/884/739 605/883/741 604/913/772 584/912/771
f 604/913/772 605/883/742 585/886/745 586/915/773
f 593/916/774 606/917/775 610/918/776 587/919/777
f 610/918/776 606/917/775 584/920/771 598/921/757
f 594/878/737 607/877/736 606/917/775 593/916/774
f 606/917/775 607/877/736 583/880/739 584/920/771
f 572/922/778 579/923/779 608/924/780 574/925/781
f 574/925/781 608/924/780 582/926/782
f 579/923/779 580/927/783 609/871/784 608/924/780
f 608/924/780 609/871/730 581/874/733 582/926/782
f 581/928/733 617/929/785 616/930/786 582/931/782
f 616/930/786 617/929/785 594/932/737 593/933/774
f 582/931/782 616/930/786 596/934/787 574/935/781
f 596/934/787 616/930/786 593/933/774 587/936/777
f 585/937/788 615/938/789 614/939/790 586/940/791
f 614/939/790 615/938/789 592/941/749 591/942/752
f 586/940/791 614/939/790 600/943/792 576/944/793
f 600/943/792 614/939/790 591/942/752 589/945/755
f 577/946/794 613/947/795 615/938/789 585/937/788
f 578/881/738 597/948/735 620/949/796 599/882/740
f 597/948/735 588/903/734 618/906/764 620/949/796
f 620/949/797 618/906/768 590/909/746 613/950/795
f 599/882/743 620/949/797 613/950/795 577/885/744
f 596/951/798 587/901/760 589/902/761 612/952/799
f 574/925/781 596/951/798 612/952/799 572/922/778
f 615/938/789 613/947/795 590/953/746 592/941/749
f 575/954/732 611/955/762 617/929/785 581/928/733
f 617/929/785 611/955/762 588/956/734 594/932/737
f 580/927/783 573/907/767 595/872/766 609/871/784
f 658/957/800 644/958/801 624/959/802 630/960/803
f 637/961/804 646/962/805 656/963/806 643/964/807
f 656/963/806 646/962/805 627/965/808 632/966/809
f 627/967/808 648/968/810 654/969/811 632/970/809
f 654/969/812 648/968/813 626/971/814 634/972/815
f 639/973/816 650/974/817 652/975/818 641/976/819
f 652/975/818 650/974/817 622/977/820 629/978/821
f 640/979/822 651/980/823 661/981/824 638/982/825
f 659/983/826 647/984/827 625/985/828 649/986/829
f 636/987/830 659/983/826 649/986/829 638/988/831
f 637/989/804 660/990/832 668/991/833 667/992/834
f 660/990/832 624/959/802 644/958/801 668/991/833
f 668/991/835 644/958/836 622/993/837 650/994/817
f 667/992/838 668/991/835 650/994/817 639/995/816
f 661/981/824 651/980/823 628/996/839 621/997/840
f 641/976/819 652/975/818 651/980/823 640/979/822
f 651/980/823 652/975/818 629/978/821 628/996/839
f 633/998/841 653/999/842 647/1000/827
f 647/984/827 653/999/842 635/1001/843 625/985/828
f 632/970/809 654/969/811 653/999/842 633/998/841
f 653/999/842 654/969/812 634/972/815 635/1001/843
f 642/1002/844 655/1003/845 659/1004/846 636/1005/847
f 659/1004/846 655/1003/845 633/1006/841 647/1007/827
f 643/964/807 656/963/806 655/1003/845 642/1002/844
f 655/1003/845 656/963/806 632/966/809 633/1006/841
f 621/1008/848 628/1009/849 657/1010/850 623/1011/851
f 623/1011/851 657/1010/850 631/1012/852
f 628/1009/849 629/1013/853 658/957/854 657/1010/850
f 657/1010/850 658/957/800 630/960/803 631/1012/852
f 630/1014/803 666/1015/855 665/1016/856 631/1017/852
f 665/1016/856 666/1015/855 643/1018/807 642/1019/844
f 631/1017/852 665/1016/856 645/1020/857 623/1021/851
f 645/1020/857 665/1016/856 642/1019/844 636/1022/847
f 634/1023/858 664/1024/859 663/1025/860 635/1026/861
f 663/1025/860 664/1024/859 641/1027/819 640/1028/822
f 635/1026/861 663/1025/860 649/1029/862 625/1030/863
f 649/1029/862 663/1025/860 640/1028/822 638/1031/825
f 626/1032/864 662/1033/865 664/1024/859 634/1023/858
f 627/967/808 646/1034/805 669/1035/866 648/968/810
f 646/1034/805 637/989/804 667/992/834 669/1035/866
f 669/1035/867 667/992/838 639/995/816 662/1036/865
f 648/968/813 669/1035/867 662/1036/865 626/971/814
f 645/1037/868 636/987/830 638/988/831 661/1038/869
f 623/1011/851 645/1037/868 661/1038/869 621/1008/848
f 664/1024/859 662/1033/865 639/1039/816 641/1027/819
f 624/1040/802 660/1041/832 666/1015/855 630/1014/803
f 666/1015/855 660/1041/832 637/1042/804 643/1018/807
f 629/1013/853 622/993/837 644/958/836 658/957/854
f 707/1043/870 693/1044/871 673/1045/872 679/1046/873
f 686/1047/874 695/1048/875 705/1049/876 692/1050/877
f 705/1049/876 695/1048/875 676/1051/878 681/1052/879
f 676/1053/878 697/1054/880 703/1055/881 681/1056/879
f 703/1055/881 697/1054/880 675/1057/882 683/1058/883
f 688/1059/884 699/1060/885 701/1061/886 690/1062/887
f 701/1061/886 699/1060/885 671/1063/888 678/1064/889
f 689/1065/890 700/1066/891 710/1067/892 687/1068/893
f 708/1069/894 696/1070/895 674/1071/896 698/1072/897
f 685/1073/898 708/1069/894 698/1072/897 687/1074/899
f 686/1075/874 709/1076/900 717/1077/901 716/1078/902
f 709/1076/900 673/1045/872 693/1044/871 717/1077/901
f 717/1077/903 693/1044/871 671/1079/904 699/1080/885
f 716/1078/905 717/1077/903 699/1080/885 688/1081/884
f 710/1067/892 700/1066/891 677/1082/906 670/1083/907
f 690/1062/887 701/1061/886 700/1066/891 689/1065/890
f 700/1066/891 701/1061/886 678/1064/889 677/1082/906
f 682/1084/908 702/1085/909 696/1086/895
f 696/1070/895 702/1085/909 684/1087/910 674/1071/896
f 681/1056/879 703/1055/881 702/1085/909 682/1084/908
f 702/1085/909 703/1055/881 683/1058/883 684/1087/910
f 691/1088/911 704/1089/912 708/1090/913 685/1091/914
f 708/1090/913 704/1089/912 682/1092/908 696/1093/895
f 692/1050/877 705/1049/876 704/1089/912 691/1088/911
f 704/1089/912 705/1049/876 681/1052/879 682/1092/908
f 670/1094/915 677/1095/916 706/1096/917 672/1097/918
f 672/1097/918 706/1096/917 680/1098/919
f 677/1095/916 678/1099/920 707/1043/870 706/1096/917
f 706/1096/917 707/1043/870 679/1046/873 680/1098/919
f 679/1100/873 715/1101/921 714/1102/922 680/1103/919
f 714/1102/922 715/1101/921 692/1104/877 691/1105/911
f 680/1103/919 714/1102/922 694/1106/923 672/1107/918
f 694/1106/923 714/1102/922 691/1105/911 685/1108/914
f 683/1109/924 713/1110/925 712/1111/926 684/1112/927
f 712/1111/926 713/1110/925 690/1113/887 689/1114/890
f 684/1112/927 712/1111/926 698/1115/928 674/1116/929
f 698/1115/928 712/1111/926 689/1114/890 687/1117/893
f 675/1118/930 711/1119/931 713/1110/925 683/1109/924
f 676/1053/878 695/1120/875 718/1121/932 697/1054/880
f 695/1120/875 686/1075/874 716/1078/902 718/1121/932
f 718/1121/933 716/1078/905 688/1081/884 711/1122/931
f 697/1054/880 718/1121/933 711/1122/931 675/1057/882
f 694/1123/934 685/1073/898 687/1074/899 710/1124/935
f 672/1097/918 694/1123/934 710/1124/935 670/1094/915
f 713/1110/925 711/1119/931 688/1125/884 690/1113/887
f 673/1126/872 709/1127/900 715/1101/921 679/1100/873
f 715/1101/921 709/1127/900 686/1128/874 692/1104/877
f 678/1099/920 671/1079/904 693/1044/871 707/1043/870
f 732/1129/936 725/1130/937 722/1131/938
f 742/1132/939 740/1133/940 727/1134/941 728/1135/942
f 724/1136/943 723/1137/944 730/1138/945 727/1139/946
f 719/1140/947 723/1141/948 729/1142/949
f 736/1143/950 724/1136/943 727/1139/946 740/1144/951
f 726/1145/952 743/1146/953 733/1147/954 720/1148/955
f 721/1149/956 729/1142/949 723/1141/948 724/1150/957
f 730/1138/945 723/1137/944 719/1151/958
f 720/1152/959 725/1153/960 732/1154/961
f 732/1155/962 722/1156/963 726/1157/964
f 734/1158/965 721/1149/956 724/1150/957 736/1159/966
f 739/1160/967 743/1161/968 726/1157/964 722/1156/963
f 728/1135/942 727/1134/941 730/1162/969 731/1163/970
f 719/1164/971 729/1165/972 731/1166/973
f 725/1130/937 737/1167/974 739/1168/975 722/1131/938
f 721/1169/976 728/1170/977 731/1166/973 729/1165/972
f 730/1162/969 719/1171/978 731/1163/970
f 720/1148/955 732/1172/979 726/1145/952
f 734/1173/980 742/1174/981 728/1170/977 721/1169/976
f 737/1175/982 733/1176/983 735/1177/984 738/1178/985
f 738/1178/985 735/1177/984 734/1158/965 736/1159/966
f 740/1133/940 742/1132/939 744/1179/986 741/1180/987
f 741/1180/987 744/1179/986 743/1161/968 739/1160/967
f 739/1168/975 737/1167/974 738/1181/988 741/1182/989
f 741/1182/989 738/1181/988 736/1143/950 740/1144/951
f 742/1174/981 734/1173/980 735/1183/990 744/1184/991
f 744/1184/991 735/1183/990 733/1147/954 743/1146/953
f 720/1152/959 733/1176/983 737/1175/982 725/1153/960
f 758/1185/992 751/1186/993 748/1187/994
f 768/1188/995 766/1189/996 753/1190/997 754/1191/998
f 750/1192/999 749/1193/1000 756/1194/1001 753/1195/1002
f 745/1196/1003 749/1197/1004 755/1198/1005
f 762/1199/1006 750/1192/999 753/1195/1002 766/1200/1007
f 752/1201/1008 769/1202/1009 759/1203/1010 746/1204/1011
f 747/1205/1012 755/1198/1005 749/1197/1004 750/1206/1013
f 756/1194/1001 749/1193/1000 745/1207/1014
f 746/1208/1015 751/1209/1016 758/1210/1017
f 758/1211/1018 748/1212/1019 752/1213/1020
f 760/1214/1021 747/1205/1012 750/1206/1013 762/1215/1022
f 765/1216/1023 769/1217/1024 752/1213/1020 748/1212/1019
f 754/1191/998 753/1190/997 756/1218/1025 757/1219/1026
f 745/1220/1027 755/1221/1028 757/1222/1029
f 751/1186/993 763/1223/1030 765/1224/1031 748/1187/994
f 747/1225/1032 754/1226/1033 757/1222/1029 755/1221/1028
f 756/1218/1025 745/1227/1034 757/1219/1026
f 746/1204/1011 758/1228/1035 752/1201/1008
f 760/1229/1036 768/1230/1037 754/1226/1033 747/1225/1032
f 763/1231/1038 759/1232/1039 761/1233/1040 764/1234/1041
f 764/1234/1041 761/1233/1040 760/1214/1021 762/1215/1022
f 766/1189/996 768/1188/995 770/1235/1042 767/1236/1043
f 767/1236/1043 770/1235/1042 769/1217/1024 765/1216/1023
f 765/1224/1031 763/1223/1030 764/1237/1044 767/1238/1045
f 767/1238/1045 764/1237/1044 762/1199/1006 766/1200/1007
f 768/1230/1037 760/1229/1036 761/1239/1046 770/1240/1047
f 770/1240/1047 761/1239/1046 759/1203/1010 769/1202/1009
f 746/1208/1015 759/1232/1039 763/1231/1038 751/1209/1016
f 784/1241/1048 777/1242/1049 774/1243/1050
f 794/1244/1051 792/1245/1052 779/1246/1053 780/1247/1054
f 776/1248/1055 775/1249/1056 782/1250/1057 779/1251/1058
f 771/1252/1059 775/1253/1060 781/1254/1061
f 788/1255/1062 776/1248/1055 779/1251/1058 792/1256/1063
f 778/1257/1064 795/1258/1065 785/1259/1066 772/1260/1067
f 773/1261/1068 781/1254/1061 775/1253/1060 776/1262/1069
f 782/1250/1057 775/1249/1056 771/1263/1070
f 772/1264/1071 777/1265/1072 784/1266/1073
f 784/1267/1074 774/1268/1075 778/1269/1076
f 786/1270/1077 773/1261/1068 776/1262/1069 788/1271/1078
f 791/1272/1079 795/1273/1080 778/1269/1076 774/1268/1075
f 780/1247/1054 779/1246/1053 782/1274/1081 783/1275/1082
f 771/1276/1083 781/1277/1084 783/1278/1085
f 777/1242/1049 789/1279/1086 791/1280/1087 774/1243/1050
f 773/1281/1088 780/1282/1089 783/1278/1085 781/1277/1084
f 782/1274/1081 771/1283/1090 783/1275/1082
f 772/1260/1067 784/1284/1091 778/1257/1064
f 786/1285/1092 794/1286/1093 780/1282/1089 773/1281/1088
f 789/1287/1094 785/1288/1095 787/1289/1096 790/1290/1097
f 790/1290/1097 787/1289/1096 786/1270/1077 788/1271/1078
f 792/1245/1052 794/1244/1051 796/1291/1098 793/1292/1099
f 793/1292/1099 796/1291/1098 795/1273/1080 791/1272/1079
f 791/1280/1087 789/1279/1086 790/1293/1100 793/1294/1101
f 793/1294/1101 790/1293/1100 788/1255/1062 792/1256/1063
f 794/1286/1093 786/1285/1092 787/1295/1102 796/1296/1103
f 796/1296/1103 787/1295/1102 785/1259/1066 795/1258/1065
f 772/1264/1071 785/1288/1095 789/1287/1094 777/1265/1072
f 810/1297/1104 803/1298/1105 800/1299/1106
f 820/1300/1107 818/1301/1108 805/1302/1109 806/1303/1110
f 802/1304/1111 801/1305/1112 808/1306/1113 805/1307/1114
f 797/1308/1115 801/1309/1116 807/1310/1117
f 814/1311/1118 802/1304/1111 805/1307/1114 818/1312/1119
f 804/1313/1120 821/1314/1121 811/1315/1122 798/1316/1123
f 799/1317/1124 807/1310/1117 801/1309/1116 802/1318/1125
f 808/1306/1113 801/1305/1112 797/1319/1126
f 798/1320/1127 803/1321/1128 810/1322/1129
f 810/1323/1130 800/1324/1131 804/1325/1132
f 812/1326/1133 799/1317/1124 802/1318/1125 814/1327/1134
f 817/1328/1135 821/1329/1136 804/1325/1132 800/1324/1131
f 806/1303/1110 805/1302/1109 808/1330/1137 809/1331/1138
f 797/1332/1139 807/1333/1140 809/1334/1141
f 803/1298/1105 815/1335/1142 817/1336/1143 800/1299/1106
f 799/1337/1144 806/1338/1145 809/1334/1141 807/1333/1140
f 808/1330/1137 797/1339/1146 809/1331/1138
f 798/1316/1123 810/1340/1147 804/1313/1120
f 812/1341/1148 820/1342/1149 806/1338/1145 799/1337/1144
f 815/1343/1150 811/1344/1151 813/1345/1152 816/1346/1153
f 816/1346/1153 813/1345/1152 812/1326/1133 814/1327/1134
f 818/1301/1108 820/1300/1107 822/1347/1154 819/1348/1155
f 819/1348/1155 822/1347/1154 821/1329/1136 817/1328/1135
f 817/1336/1143 815/1335/1142 816/1349/1156 819/1350/1157
f 819/1350/1157 816/1349/1156 814/1311/1118 818/1312/1119
f 820/1342/1149 812/1341/1148 813/1351/1158 822/1352/1159
f 822/1352/1159 813/1351/1158 811/1315/1122 821/1314/1121
f 798/1320/1127 811/1344/1151 815/1343/1150 803/1321/1128
f 836/1353/1160 829/1354/1161 826/1355/1162
f 846/1356/1163 844/1357/1164 831/1358/1165 832/1359/1166
f 828/1360/1167 827/1361/1168 834/1362/1169 831/1363/1170
f 823/1364/1171 827/1365/1172 833/1366/1173
f 840/1367/1174 828/1360/1167 831/1363/1170 844/1368/1175
f 830/1369/1176 847/1370/1177 837/1371/1178 824/1372/1179
f 825/1373/1180 833/1366/1173 827/1365/1172 828/1374/1181
f 834/1362/1169 827/1361/1168 823/1375/1182
f 824/1376/1183 829/1377/1184 836/1378/1185
f 836/1379/1186 826/1380/1187 830/1381/1188
f 838/1382/1189 825/1373/1180 828/1374/1181 840/1383/1190
f 843/1384/1191 847/1385/1192 830/1381/1188 826/1380/1187
f 832/1359/1166 831/1358/1165 834/1386/1193 835/1387/1194
f 823/1388/1195 833/1389/1196 835/1390/1197
f 829/1354/1161 841/1391/1198 843/1392/1199 826/1355/1162
f 825/1393/1200 832/1394/1201 835/1390/1197 833/1389/1196
f 834/1386/1193 823/1395/1202 835/1387/1194
f 824/1372/1179 836/1396/1203 830/1369/1176
f 838/1397/1204 846/1398/1205 832/1394/1201 825/1393/1200
f 841/1399/1206 837/1400/1207 839/1401/1208 842/1402/1209
f 842/1402/1209 839/1401/1208 838/1382/1189 840/1383/1190
f 844/1357/1164 846/1356/1163 848/1403/1210 845/1404/1211
f 845/1404/1211 848/1403/1210 847/1385/1192 843/1384/1191
f 843/1392/1199 841/1391/1198 842/1405/1212 845/1406/1213
f 845/1406/1213 842/1405/1212 840/1367/1174 844/1368/1175
f 846/1398/1205 838/1397/1204 839/1407/1214 848/1408/1215
f 848/1408/1215 839/1407/1214 837/1371/1178 847/1370/1177
f 824/1376/1183 837/1400/1207 841/1399/1206 829/1377/1184
f 862/1409/1216 855/1410/1217 852/1411/1218
f 872/1412/1219 870/1413/1220 857/1414/1221 858/1415/1222
f 854/1416/1223 853/1417/1224 860/1418/1225 857/1419/1226
f 849/1420/1227 853/1421/1228 859/1422/1229
f 866/1423/1230 854/1416/1223 857/1419/1226 870/1424/1231
f 856/1425/1232 873/1426/1233 863/1427/1234 850/1428/1235
f 851/1429/1236 859/1422/1229 853/1421/1228 854/1430/1237
f 860/1418/1225 853/1417/1224 849/1431/1238
f 850/1432/1239 855/1433/1240 862/1434/1241
f 862/1435/1242 852/1436/1243 856/1437/1244
f 864/1438/1245 851/1429/1236 854/1430/1237 866/1439/1246
f 869/1440/1247 873/1441/1248 856/1437/1244 852/1436/1243
f 858/1415/1222 857/1414/1221 860/1442/1249 861/1443/1250
f 849/1444/1251 859/1445/1252 861/1446/1253
f 855/1410/1217 867/1447/1254 869/1448/1255 852/1411/1218
f 851/1449/1256 858/1450/1257 861/1446/1253 859/1445/1252
f 860/1442/1249 849/1451/1258 861/1443/1250
f 850/1428/1235 862/1452/1259 856/1425/1232
f 864/1453/1260 872/1454/1261 858/1450/1257 851/1449/1256
f 867/1455/1262 863/1456/1263 865/1457/1264 868/1458/1265
f 868/1458/1265 865/1457/1264 864/1438/1245 866/1439/1246
f 870/1413/1220 872/1412/1219 874/1459/1266 871/1460/1267
f 871/1460/1267 874/1459/1266 873/1441/1248 869/1440/1247
f 869/1448/1255 867/1447/1254 868/1461/1268 871/1462/1269
f 871/1462/1269 868/1461/1268 866/1423/1230 870/1424/1231
f 872/1454/1261 864/1453/1260 865/1463/1270 874/1464/1271
f 874/1464/1271 865/1463/1270 863/1427/1234 873/1426/1233
f 850/1432/1239 863/1456/1263 867/1455/1262 855/1433/1240
f 914/1465/1272 900/1466/1273 878/1467/1274 885/1468/1275
f 892/1469/1276 902/1470/1277 912/1471/1278 898/1472/1279
f 912/1471/1278 902/1470/1277 882/1473/1280 887/1474/1281
f 882/1475/1280 904/1476/1282 910/1477/1283 887/1478/1281
f 910/1477/1283 904/1476/1282 880/1479/1284 889/1480/1285
f 894/1481/1286 906/1482/1287 908/1483/1288 896/1484/1289
f 908/1483/1288 906/1482/1287 876/1485/1290 884/1486/1291
f 895/1487/1292 907/1488/1293 917/1489/1294 893/1490/1295
f 891/1491/1296 915/1492/1297 925/1493/1298 924/1494/1299
f 915/1492/1297 881/1495/1300 903/1496/1301 925/1493/1298
f 925/1493/1302 903/1496/1303 879/1497/1304 905/1498/1305
f 924/1494/1306 925/1493/1302 905/1498/1305 893/1499/1307
f 892/1500/1276 916/1501/1308 926/1502/1309 923/1503/1310
f 916/1501/1308 878/1467/1274 900/1466/1273 926/1502/1309
f 926/1502/1311 900/1466/1312 876/1504/1313 906/1505/1287
f 923/1503/1314 926/1502/1311 906/1505/1287 894/1506/1286
f 917/1489/1294 907/1488/1293 883/1507/1315 875/1508/1316
f 896/1484/1289 908/1483/1288 907/1488/1293 895/1487/1292
f 907/1488/1293 908/1483/1288 884/1486/1291 883/1507/1315
f 888/1509/1317 909/1510/1318 903/1496/1301 881/1495/1300
f 903/1496/1303 909/1510/1319 890/1511/1320 879/1497/1304
f 887/1478/1281 910/1477/1283 909/1510/1318 888/1509/1317
f 909/1510/1319 910/1477/1283 889/1480/1285 890/1511/1320
f 897/1512/1321 911/1513/1322 915/1514/1297 891/1515/1296
f 915/1514/1297 911/1513/1322 888/1516/1317 881/1517/1300
f 898/1472/1279 912/1471/1278 911/1513/1322 897/1512/1321
f 911/1513/1322 912/1471/1278 887/1474/1281 888/1516/1317
f 875/1518/1323 883/1519/1324 913/1520/1325 899/1521/1326
f 899/1521/1327 913/1520/1328 886/1522/1329 877/1523/1330
f 883/1519/1324 884/1524/1331 914/1465/1332 913/1520/1325
f 913/1520/1328 914/1465/1272 885/1468/1275 886/1522/1329
f 885/1525/1275 922/1526/1333 921/1527/1334 886/1528/1329
f 921/1527/1334 922/1526/1333 898/1529/1279 897/1530/1321
f 886/1528/1329 921/1527/1334 901/1531/1335 877/1532/1330
f 901/1531/1335 921/1527/1334 897/1530/1321 891/1533/1296
f 889/1534/1336 920/1535/1337 919/1536/1338 890/1537/1339
f 919/1536/1338 920/1535/1337 896/1538/1289 895/1539/1292
f 890/1537/1339 919/1536/1338 905/1540/1340 879/1541/1341
f 905/1540/1340 919/1536/1338 895/1539/1292 893/1542/1295
f 880/1543/1342 918/1544/1343 920/1535/1337 889/1534/1336
f 882/1475/1280 902/1545/1277 927/1546/1344 904/1476/1282
f 902/1545/1277 892/1500/1276 923/1503/1310 927/1546/1344
f 927/1546/1345 923/1503/1314 894/1506/1286 918/1547/1343
f 904/1476/1282 927/1546/1345 918/1547/1343 880/1479/1284
f 877/1523/1330 901/1548/1335 928/1549/1346 899/1521/1327
f 901/1548/1335 891/1491/1296 924/1494/1299 928/1549/1346
f 928/1549/1347 924/1494/1306 893/1499/1307 917/1550/1348
f 899/1521/1326 928/1549/1347 917/1550/1348 875/1518/1323
f 920/1535/1337 918/1544/1343 894/1551/1286 896/1538/1289
f 878/1552/1274 916/1553/1308 922/1526/1333 885/1525/1275
f 922/1526/1333 916/1553/1308 892/1554/1276 898/1529/1279
f 884/1524/1331 876/1504/1313 900/1466/1312 914/1465/1332
f 968/1555/1349 954/1556/1350 932/1557/1351 939/1558/1352
f 946/1559/1353 956/1560/1354 966/1561/1355 952/1562/1356
f 966/1561/1355 956/1560/1354 936/1563/1357 941/1564/1358
f 936/1565/1357 958/1566/1359 964/1567/1360 941/1568/1358
f 964/1567/1360 958/1566/1359 934/1569/1361 943/1570/1362
f 948/1571/1363 960/1572/1364 962/1573/1365 950/1574/1366
f 962/1573/1365 960/1572/1364 930/1575/1367 938/1576/1368
f 949/1577/1369 961/1578/1370 971/1579/1371 947/1580/1372
f 945/1581/1373 969/1582/1374 979/1583/1375 978/1584/1376
f 969/1582/1374 935/1585/1377 957/1586/1378 979/1583/1375
f 979/1583/1379 957/1586/1380 933/1587/1381 959/1588/1382
f 978/1584/1383 979/1583/1379 959/1588/1382 947/1589/1384
f 946/1590/1353 970/1591/1385 980/1592/1386 977/1593/1387
f 970/1591/1385 932/1557/1351 954/1556/1350 980/1592/1386
f 980/1592/1388 954/1556/1389 930/1594/1390 960/1595/1364
f 977/1593/1391 980/1592/1388 960/1595/1364 948/1596/1363
f 971/1579/1371 961/1578/1370 937/1597/1392 929/1598/1393
f 950/1574/1366 962/1573/1365 961/1578/1370 949/1577/1369
f 961/1578/1370 962/1573/1365 938/1576/1368 937/1597/1392
f 942/1599/1394 963/1600/1395 957/1586/1378 935/1585/1377
f 957/1586/1380 963/1600/1396 944/1601/1397 933/1587/1381
f 941/1568/1358 964/1567/1360 963/1600/1395 942/1599/1394
f 963/1600/1396 964/1567/1360 943/1570/1362 944/1601/1397
f 951/1602/1398 965/1603/1399 969/1604/1374 945/1605/1373
f 969/1604/1374 965/1603/1399 942/1606/1394 935/1607/1377
f 952/1562/1356 966/1561/1355 965/1603/1399 951/1602/1398
f 965/1603/1399 966/1561/1355 941/1564/1358 942/1606/1394
f 929/1608/1400 937/1609/1401 967/1610/1402 953/1611/1403
f 953/1611/1404 967/1610/1405 940/1612/1406 931/1613/1407
f 937/1609/1401 938/1614/1408 968/1555/1409 967/1610/1402
f 967/1610/1405 968/1555/1349 939/1558/1352 940/1612/1406
f 939/1615/1352 976/1616/1410 975/1617/1411 940/1618/1406
f 975/1617/1411 976/1616/1410 952/1619/1356 951/1620/1398
f 940/1618/1406 975/1617/1411 955/1621/1412 931/1622/1407
f 955/1621/1412 975/1617/1411 951/1620/1398 945/1623/1373
f 943/1624/1413 974/1625/1414 973/1626/1415 944/1627/1416
f 973/1626/1415 974/1625/1414 950/1628/1366 949/1629/1369
f 944/1627/1416 973/1626/1415 959/1630/1417 933/1631/1418
f 959/1630/1417 973/1626/1415 949/1629/1369 947/1632/1372
f 934/1633/1419 972/1634/1420 974/1625/1414 943/1624/1413
f 936/1565/1357 956/1635/1354 981/1636/1421 958/1566/1359
f 956/1635/1354 946/1590/1353 977/1593/1387 981/1636/1421
f 981/1636/1422 977/1593/1391 948/1596/1363 972/1637/1420
f 958/1566/1359 981/1636/1422 972/1637/1420 934/1569/1361
f 931/1613/1407 955/1638/1412 982/1639/1423 953/1611/1404
f 955/1638/1412 945/1581/1373 978/1584/1376 982/1639/1423
f 982/1639/1424 978/1584/1383 947/1589/1384 971/1640/1425
f 953/1611/1403 982/1639/1424 971/1640/1425 929/1608/1400
f 974/1625/1414 972/1634/1420 948/1641/1363 950/1628/1366
f 932/1642/1351 970/1643/1385 976/1616/1410 939/1615/1352
f 976/1616/1410 970/1643/1385 946/1644/1353 952/1619/1356
f 938/1614/1408 930/1594/1390 954/1556/1389 968/1555/1409
f 1022/1645/1426 1008/1646/1427 986/1647/1428 993/1648/1429
f 1000/1649/1430 1010/1650/1431 1020/1651/1432 1006/1652/1433
f 1020/1651/1432 1010/1650/1431 990/1653/1434 995/1654/1435
f 990/1655/1434 1012/1656/1436 1018/1657/1437 995/1658/1435
f 1018/1657/1437 1012/1656/1436 988/1659/1438 997/1660/1439
f 1002/1661/1440 1014/1662/1441 1016/1663/1442 1004/1664/1443
f 1016/1663/1442 1014/1662/1441 984/1665/1444 992/1666/1445
f 1003/1667/1446 1015/1668/1447 1025/1669/1448 1001/1670/1449
f 999/1671/1450 1023/1672/1451 1033/1673/1452 1032/1674/1453
f 1023/1672/1451 989/1675/1454 1011/1676/1455 1033/1673/1452
f 1033/1673/1456 1011/1676/1457 987/1677/1458 1013/1678/1459
f 1032/1674/1460 1033/1673/1456 1013/1678/1459 1001/1679/1461
f 1000/1680/1430 1024/1681/1462 1034/1682/1463 1031/1683/1464
f 1024/1681/1462 986/1647/1428 1008/1646/1427 1034/1682/1463
f 1034/1682/1465 1008/1646/1466 984/1684/1467 1014/1685/1441
f 1031/1683/1468 1034/1682/1465 1014/1685/1441 1002/1686/1440
f 1025/1669/1448 1015/1668/1447 991/1687/1469 983/1688/1470
f 1004/1664/1443 1016/1663/1442 1015/1668/1447 1003/1667/1446
f 1015/1668/1447 1016/1663/1442 992/1666/1445 991/1687/1469
f 996/1689/1471 1017/1690/1472 1011/1676/1455 989/1675/1454
f 1011/1676/1457 1017/1690/1473 998/1691/1474 987/1677/1458
f 995/1658/1435 1018/1657/1437 1017/1690/1472 996/1689/1471
f 1017/1690/1473 1018/1657/1437 997/1660/1439 998/1691/1474
f 1005/1692/1475 1019/1693/1476 1023/1694/1451 999/1695/1450
f 1023/1694/1451 1019/1693/1476 996/1696/1471 989/1697/1454
f 1006/1652/1433 1020/1651/1432 1019/1693/1476 1005/1692/1475
f 1019/1693/1476 1020/1651/1432 995/1654/1435 996/1696/1471
f 983/1698/1477 991/1699/1478 1021/1700/1479 1007/1701/1480
f 1007/1701/1481 1021/1700/1482 994/1702/1483 985/1703/1484
f 991/1699/1478 992/1704/1485 1022/1645/1486 1021/1700/1479
f 1021/1700/1482 1022/1645/1426 993/1648/1429 994/1702/1483
f 993/1705/1429 1030/1706/1487 1029/1707/1488 994/1708/1483
f 1029/1707/1488 1030/1706/1487 1006/1709/1433 1005/1710/1475
f 994/1708/1483 1029/1707/1488 1009/1711/1489 985/1712/1484
f 1009/1711/1489 1029/1707/1488 1005/1710/1475 999/1713/1450
f 997/1714/1490 1028/1715/1491 1027/1716/1492 998/1717/1493
f 1027/1716/1492 1028/1715/1491 1004/1718/1443 1003/1719/1446
f 998/1717/1493 1027/1716/1492 1013/1720/1494 987/1721/1495
f 1013/1720/1494 1027/1716/1492 1003/1719/1446 1001/1722/1449
f 988/1723/1496 1026/1724/1497 1028/1715/1491 997/1714/1490
f 990/1655/1434 1010/1725/1431 1035/1726/1498 1012/1656/1436
f 1010/1725/1431 1000/1680/1430 1031/1683/1464 1035/1726/1498
f 1035/1726/1499 1031/1683/1468 1002/1686/1440 1026/1727/1497
f 1012/1656/1436 1035/1726/1499 1026/1727/1497 988/1659/1438
f 985/1703/1484 1009/1728/1489 1036/1729/1500 1007/1701/1481
f 1009/1728/1489 999/1671/1450 1032/1674/1453 1036/1729/1500
f 1036/1729/1501 1032/1674/1460 1001/1679/1461 1025/1730/1502
f 1007/1701/1480 1036/1729/1501 1025/1730/1502 983/1698/1477
f 1028/1715/1491 1026/1724/1497 1002/1731/1440 1004/1718/1443
f 986/1732/1428 1024/1733/1462 1030/1706/1487 993/1705/1429
f 1030/1706/1487 1024/1733/1462 1000/1734/1430 1006/1709/1433
f 992/1704/1485 984/1684/1467 1008/1646/1466 1022/1645/1486
f 1076/1735/1503 1062/1736/1504 1040/1737/1505 1047/1738/1506
f 1054/1739/1507 1064/1740/1508 1074/1741/1509 1060/1742/1510
f 1074/1741/1509 1064/1740/1508 1044/1743/1511 1049/1744/1512
f 1044/1745/1511 1066/1746/1513 1072/1747/1514 1049/1748/1512
f 1072/1747/1515 1066/1746/1516 1042/1749/1517 1051/1750/1518
f 1056/1751/1519 1068/1752/1520 1070/1753/1521 1058/1754/1522
f 1070/1753/1521 1068/1752/1520 1038/1755/1523 1046/1756/1524
f 1057/1757/1525 1069/1758/1526 1079/1759/1527 1055/1760/1528
f 1053/1761/1529 1077/1762/1530 1087/1763/1531 1086/1764/1532
f 1077/1762/1530 1043/1765/1533 1065/1766/1534 1087/1763/1531
f 1087/1763/1535 1065/1766/1536 1041/1767/1537 1067/1768/1538
f 1086/1764/1539 1087/1763/1535 1067/1768/1538 1055/1769/1540
f 1054/1770/1507 1078/1771/1541 1088/1772/1542 1085/1773/1543
f 1078/1771/1541 1040/1737/1505 1062/1736/1504 1088/1772/1542
f 1088/1772/1544 1062/1736/1545 1038/1774/1546 1068/1775/1520
f 1085/1773/1547 1088/1772/1544 1068/1775/1520 1056/1776/1519
f 1079/1759/1527 1069/1758/1526 1045/1777/1548 1037/1778/1549
f 1058/1754/1522 1070/1753/1521 1069/1758/1526 1057/1757/1525
f 1069/1758/1526 1070/1753/1521 1046/1756/1524 1045/1777/1548
f 1050/1779/1550 1071/1780/1551 1065/1766/1534 1043/1765/1533
f 1065/1766/1536 1071/1780/1552 1052/1781/1553 1041/1767/1537
f 1049/1748/1512 1072/1747/1514 1071/1780/1551 1050/1779/1550
f 1071/1780/1552 1072/1747/1515 1051/1750/1518 1052/1781/1553
f 1059/1782/1554 1073/1783/1555 1077/1784/1530 1053/1785/1529
f 1077/1784/1530 1073/1783/1555 1050/1786/1550 1043/1787/1533
f 1060/1742/1510 1074/1741/1509 1073/1783/1555 1059/1782/1554
f 1073/1783/1555 1074/1741/1509 1049/1744/1512 1050/1786/1550
f 1037/1788/1556 1045/1789/1557 1075/1790/1558 1061/1791/1559
f 1061/1791/1560 1075/1790/1561 1048/1792/1562 1039/1793/1563
f 1045/1789/1557 1046/1794/1564 1076/1735/1565 1075/1790/1558
f 1075/1790/1561 1076/1735/1503 1047/1738/1506 1048/1792/1562
f 1047/1795/1506 1084/1796/1566 1083/1797/1567 1048/1798/1562
f 1083/1797/1567 1084/1796/1566 1060/1799/1510 1059/1800/1554
f 1048/1798/1562 1083/1797/1567 1063/1801/1568 1039/1802/1563
f 1063/1801/1568 1083/1797/1567 1059/1800/1554 1053/1803/1529
f 1051/1804/1518 1082/1805/1569 1081/1806/1570 1052/1807/1553
f 1081/1806/1570 1082/1805/1569 1058/1808/1522 1057/1809/1525
f 1052/1807/1553 1081/1806/1570 1067/1810/1571 1041/1811/1572
f 1067/1810/1571 1081/1806/1570 1057/1809/1525 1055/1812/1528
f 1042/1813/1573 1080/1814/1574 1082/1805/1569 1051/1804/1518
f 1044/1745/1511 1064/1815/1508 1089/1816/1575 1066/1746/1513
f 1064/1815/1508 1054/1770/1507 1085/1773/1543 1089/1816/1575
f 1089/1816/1576 1085/1773/1547 1056/1776/1519 1080/1817/1574
f 1066/1746/1516 1089/1816/1576 1080/1817/1574 1042/1749/1517
f 1039/1793/1563 1063/1818/1568 1090/1819/1577 1061/1791/1560
f 1063/1818/1568 1053/1761/1529 1086/1764/1532 1090/1819/1577
f 1090/1819/1578 1086/1764/1539 1055/1769/1540 1079/1820/1579
f 1061/1791/1559 1090/1819/1578 1079/1820/1579 1037/1788/1556
f 1082/1805/1569 1080/1814/1574 1056/1821/1519 1058/1808/1522
f 1040/1822/1505 1078/1823/1541 1084/1796/1566 1047/1795/1506
f 1084/1796/1566 1078/1823/1541 1054/1824/1507 1060/1799/1510
f 1046/1794/1564 1038/1774/1546 1062/1736/1545 1076/1735/1565
f 1130/1825/1580 1116/1826/1581 1094/1827/1582 1101/1828/1583
f 1108/1829/1584 1118/1830/1585 1128/1831/1586 1114/1832/1587
f 1128/1831/1586 1118/1830/1585 1098/1833/1588 1103/1834/1589
f 1098/1835/1588 1120/1836/1590 1126/1837/1591 1103/1838/1589
f 1126/1837/1591 1120/1836/1590 1096/1839/1592 1105/1840/1593
f 1110/1841/1594 1122/1842/1595 1124/1843/1596 1112/1844/1597
f 1124/1843/1596 1122/1842/1595 1092/1845/1598 1100/1846/1599
f 1111/1847/1600 1123/1848/1601 1133/1849/1602 1109/1850/1603
f 1107/1851/1604 1131/1852/1605 1141/1853/1606 1140/1854/1607
f 1131/1852/1605 1097/1855/1608 1119/1856/1609 1141/1853/1606
f 1141/1853/1610 1119/1856/1611 1095/1857/1612 1121/1858/1613
f 1140/1854/1614 1141/1853/1610 1121/1858/1613 1109/1859/1615
f 1108/1860/1584 1132/1861/1616 1142/1862/1617 1139/1863/1618
f 1132/1861/1616 1094/1827/1582 1116/1826/1581 1142/1862/1617
f 1142/1862/1619 1116/1826/1620 1092/1864/1621 1122/1865/1595
f 1139/1863/1622 1142/1862/1619 1122/1865/1595 1110/1866/1594
f 1133/1849/1602 1123/1848/1601 1099/1867/1623 1091/1868/1624
f 1112/1844/1597 1124/1843/1596 1123/1848/1601 1111/1847/1600
f 1123/1848/1601 1124/1843/1596 1100/1846/1599 1099/1867/1623
f 1104/1869/1625 1125/1870/1626 1119/1856/1609 1097/1855/1608
f 1119/1856/1611 1125/1870/1627 1106/1871/1628 1095/1857/1612
f 1103/1838/1589 1126/1837/1591 1125/1870/1626 1104/1869/1625
f 1125/1870/1627 1126/1837/1591 1105/1840/1593 1106/1871/1628
f 1113/1872/1629 1127/1873/1630 1131/1874/1605 1107/1875/1604
f 1131/1874/1605 1127/1873/1630 1104/1876/1625 1097/1877/1608
f 1114/1832/1587 1128/1831/1586 1127/1873/1630 1113/1872/1629
f 1127/1873/1630 1128/1831/1586 1103/1834/1589 1104/1876/1625
f 1091/1878/1631 1099/1879/1632 1129/1880/1633 1115/1881/1634
f 1115/1881/1635 1129/1880/1636 1102/1882/1637 1093/1883/1638
f 1099/1879/1632 1100/1884/1639 1130/1825/1640 1129/1880/1633
f 1129/1880/1636 1130/1825/1580 1101/1828/1583 1102/1882/1637
f 1101/1885/1583 1138/1886/1641 1137/1887/1642 1102/1888/1637
f 1137/1887/1642 1138/1886/1641 1114/1889/1587 1113/1890/1629
f 1102/1888/1637 1137/1887/1642 1117/1891/1643 1093/1892/1638
f 1117/1891/1643 1137/1887/1642 1113/1890/1629 1107/1893/1604
f 1105/1894/1644 1136/1895/1645 1135/1896/1646 1106/1897/1647
f 1135/1896/1646 1136/1895/1645 1112/1898/1597 1111/1899/1600
f 1106/1897/1647 1135/1896/1646 1121/1900/1648 1095/1901/1649
f 1121/1900/1648 1135/1896/1646 1111/1899/1600 1109/1902/1603
f 1096/1903/1650 1134/1904/1651 1136/1895/1645 1105/1894/1644
f 1098/1835/1588 1118/1905/1585 1143/1906/1652 1120/1836/1590
f 1118/1905/1585 1108/1860/1584 1139/1863/1618 1143/1906/1652
f 1143/1906/1653 1139/1863/1622 1110/1866/1594 1134/1907/1651
f 1120/1836/1590 1143/1906/1653 1134/1907/1651 1096/1839/1592
f 1093/1883/1638 1117/1908/1643 1144/1909/1654 1115/1881/1635
f 1117/1908/1643 1107/1851/1604 1140/1854/1607 1144/1909/1654
f 1144/1909/1655 1140/1854/1614 1109/1859/1615 1133/1910/1656
f 1115/1881/1634 1144/1909/1655 1133/1910/1656 1091/1878/1631
f 1136/1895/1645 1134/1904/1651 1110/1911/1594 1112/1898/1597
f 1094/1912/1582 1132/1913/1616 1138/1886/1641 1101/1885/1583
f 1138/1886/1641 1132/1913/1616 1108/1914/1584 1114/1889/1587
f 1100/1884/1639 1092/1864/1621 1116/1826/1620 1130/1825/1640
f 1184/1915/1657 1170/1916/1658 1148/1917/1659 1155/1918/1660
f 1162/1919/1661 1172/1920/1662 1182/1921/1663 1168/1922/1664
f 1182/1921/1663 1172/1920/1662 1152/1923/1665 1157/1924/1666
f 1152/1925/1665 1174/1926/1667 1180/1927/1668 1157/1928/1666
f 1180/1927/1669 1174/1926/1670 1150/1929/1671 1159/1930/1672
f 1164/1931/1673 1176/1932/1674 1178/1933/1675 1166/1934/1676
f 1178/1933/1675 1176/1932/1674 1146/1935/1677 1154/1936/1678
f 1165/1937/1679 1177/1938/1680 1187/1939/1681 1163/1940/1682
f 1161/1941/1683 1185/1942/1684 1195/1943/1685 1194/1944/1686
f 1185/1942/1684 1151/1945/1687 1173/1946/1688 1195/1943/1685
f 1195/1943/1689 1173/1946/1690 1149/1947/1691 1175/1948/1692
f 1194/1944/1693 1195/1943/1689 1175/1948/1692 1163/1949/1694
f 1162/1950/1661 1186/1951/1695 1196/1952/1696 1193/1953/1697
f 1186/1951/1695 1148/1917/1659 1170/1916/1658 1196/1952/1696
f 1196/1952/1698 1170/1916/1699 1146/1954/1700 1176/1955/1674
f 1193/1953/1701 1196/1952/1698 1176/1955/1674 1164/1956/1673
f 1187/1939/1681 1177/1938/1680 1153/1957/1702 1145/1958/1703
f 1166/1934/1676 1178/1933/1675 1177/1938/1680 1165/1937/1679
f 1177/1938/1680 1178/1933/1675 1154/1936/1678 1153/1957/1702
f 1158/1959/1704 1179/1960/1705 1173/1946/1688 1151/1945/1687
f 1173/1946/1690 1179/1960/1706 1160/1961/1707 1149/1947/1691
f 1157/1928/1666 1180/1927/1668 1179/1960/1705 1158/1959/1704
f 1179/1960/1706 1180/1927/1669 1159/1930/1672 1160/1961/1707
f 1167/1962/1708 1181/1963/1709 1185/1964/1684 1161/1965/1683
f 1185/1964/1684 1181/1963/1709 1158/1966/1704 1151/1967/1687
f 1168/1922/1664 1182/1921/1663 1181/1963/1709 1167/1962/1708
f 1181/1963/1709 1182/1921/1663 1157/1924/1666 1158/1966/1704
f 1145/1968/1710 1153/1969/1711 1183/1970/1712 1169/1971/1713
f 1169/1971/1714 1183/1970/1715 1156/1972/1716 1147/1973/1717
f 1153/1969/1711 1154/1974/1718 1184/1915/1719 1183/1970/1712
f 1183/1970/1715 1184/1915/1657 1155/1918/1660 1156/1972/1716
f 1155/1975/1660 1192/1976/1720 1191/1977/1721 1156/1978/1716
f 1191/1977/1721 1192/1976/1720 1168/1979/1664 1167/1980/1708
f 1156/1978/1716 1191/1977/1721 1171/1981/1722 1147/1982/1717
f 1171/1981/1722 1191/1977/1721 1167/1980/1708 1161/1983/1683
f 1159/1984/1672 1190/1985/1723 1189/1986/1724 1160/1987/1707
f 1189/1986/1724 1190/1985/1723 1166/1988/1676 1165/1989/1679
f 1160/1987/1707 1189/1986/1724 1175/1990/1725 1149/1991/1726
f 1175/1990/1725 1189/1986/1724 1165/1989/1679 1163/1992/1682
f 1150/1993/1727 1188/1994/1728 1190/1985/1723 1159/1984/1672
f 1152/1925/1665 1172/1995/1662 1197/1996/1729 1174/1926/1667
f 1172/1995/1662 1162/1950/1661 1193/1953/1697 1197/1996/1729
f 1197/1996/1730 1193/1953/1701 1164/1956/1673 1188/1997/1728
f 1174/1926/1670 1197/1996/1730 1188/1997/1728 1150/1929/1671
f 1147/1973/1717 1171/1998/1722 1198/1999/1731 1169/1971/1714
f 1171/1998/1722 1161/1941/1683 1194/1944/1686 1198/1999/1731
f 1198/1999/1732 1194/1944/1693 1163/1949/1694 1187/2000/1733
f 1169/1971/1713 1198/1999/1732 1187/2000/1733 1145/1968/1710
f 1190/1985/1723 1188/1994/1728 1164/2001/1673 1166/1988/1676
f 1148/2002/1659 1186/2003/1695 1192/1976/1720 1155/1975/1660
f 1192/1976/1720 1186/2003/1695 1162/2004/1661 1168/1979/1664
f 1154/1974/1718 1146/1954/1700 1170/1916/1699 1184/1915/1719
