# Blender v3.4.1 OBJ File: 'December2025_ToySoldier_Assets_Export.blend'
# www.blender.org
mtllib ToySoldier_Rifle.mtl
o ToySoldier_Rifle
v -0.025779 0.052828 0.138216
v -0.045840 0.150199 0.101301
v 0.025782 0.052828 0.138216
v 0.045840 0.150199 0.101301
v 0.025782 0.020660 0.085577
v -0.025779 0.020660 0.085577
v 0.033510 0.075623 0.012448
v 0.025782 -0.001766 0.072081
v -0.025779 -0.001766 0.072081
v 0.025782 -0.053710 0.050483
v -0.025779 -0.053710 0.050483
v -0.033507 0.075623 0.012448
v -0.039680 0.031433 -0.019195
v 0.039683 0.031433 -0.019195
v -0.039680 -0.046309 -0.048146
v 0.039683 -0.046309 -0.048146
v -0.022942 -0.100456 -0.061671
v 0.022944 -0.100456 -0.061671
v -0.039680 -0.017573 -0.303767
v 0.039683 -0.017573 -0.303767
v -0.039680 -0.111531 -0.288213
v 0.039683 -0.111531 -0.288213
v -0.022942 -0.157172 -0.280658
v 0.022944 -0.157172 -0.280658
v -0.039680 0.028922 -0.431406
v 0.039683 0.028922 -0.431406
v -0.039680 -0.044810 -0.422156
v 0.039683 -0.044810 -0.422156
v -0.039680 -0.160613 -0.407629
v 0.039683 -0.160613 -0.407629
v -0.022942 -0.206597 -0.384394
v 0.022944 -0.206597 -0.384394
v -0.064432 0.098958 0.120589
v 0.064432 0.098958 0.120589
v 0.021656 0.054222 0.182288
v 0.052440 0.158893 0.153314
v -0.021654 0.054222 0.182288
v -0.052440 0.158893 0.153314
v -0.049190 0.054020 0.059179
v 0.049190 0.054020 0.059179
v 0.038240 0.118933 0.057104
v -0.038240 0.118933 0.057104
v -0.025779 0.040526 0.105141
v 0.025782 0.040526 0.105141
v -0.043460 0.009818 0.043228
v 0.043460 0.009818 0.043228
v -0.041269 -0.050096 0.028162
v 0.041269 -0.050096 0.028162
v -0.022942 -0.109576 0.016351
v 0.022944 -0.109577 0.016351
v -0.025779 -0.089713 0.048248
v 0.025782 -0.089713 0.048248
v 0.039683 -0.084790 -0.059260
v -0.039680 -0.084790 -0.059260
v 0.039683 -0.066586 -0.152752
v -0.039680 -0.066586 -0.152752
v 0.039683 0.021709 -0.152752
v -0.039680 0.071398 -0.152752
v 0.039683 -0.140450 -0.283426
v -0.039680 -0.140450 -0.283426
v 0.039683 -0.198457 -0.402881
v -0.039680 -0.198457 -0.402881
v 0.068734 0.104791 0.168419
v -0.068734 0.104791 0.168419
v 0.055999 0.080527 0.082205
v -0.055999 0.080527 0.082205
v 0.022944 -0.117480 -0.152752
v 0.037966 -0.093045 0.023859
v -0.037966 -0.093045 0.023859
v -0.022942 -0.117480 -0.152752
v 0.039683 -0.103211 -0.152752
v -0.039680 -0.103211 -0.152752
v 0.015734 0.054222 0.298081
v 0.041352 0.161745 0.298081
v -0.015732 0.054222 0.298081
v -0.041351 0.161745 0.298081
v 0.059227 0.161745 1.509447
v -0.059227 0.161745 1.509447
v -0.021474 0.075050 1.396806
v 0.011862 0.068428 0.110002
v 0.011904 0.066101 0.158251
v 0.011904 0.008457 0.144259
v 0.011904 0.016418 0.168208
v -0.011869 0.068428 0.110002
v -0.011910 0.066101 0.158251
v -0.011910 0.008457 0.144259
v -0.011910 0.016418 0.168208
v 0.008927 -0.015555 0.179488
v 0.008927 -0.022397 0.165244
v -0.008934 -0.022397 0.165244
v -0.008934 -0.015555 0.179488
v -0.014990 -0.008897 0.220249
v 0.014987 -0.008897 0.220249
v 0.015511 -0.015674 0.244031
v -0.015514 -0.015674 0.244031
v -0.012601 -0.019736 0.064602
v 0.012598 -0.019736 0.064602
v 0.012555 -0.034643 0.053621
v -0.012558 -0.034643 0.053621
v 0.011904 0.036583 0.128030
v 0.011904 0.040590 0.162665
v -0.011910 0.036583 0.128030
v -0.011910 0.040590 0.162665
v -0.014230 -0.050785 0.215720
v -0.014018 -0.049835 0.155558
v 0.014161 -0.033495 0.201431
v 0.014227 -0.050785 0.215720
v -0.014164 -0.033495 0.201431
v -0.014018 -0.071539 0.155287
v 0.014015 -0.071539 0.155287
v 0.014015 -0.049835 0.155558
v 0.013351 -0.052820 0.077698
v 0.013351 -0.034808 0.087147
v -0.013354 -0.052820 0.077698
v -0.013354 -0.034808 0.087147
v 0.026187 0.249130 0.145509
v 0.026187 0.134418 0.117821
v 0.026187 0.225115 0.226325
v 0.026187 0.144039 0.189668
v -0.026177 0.249130 0.145509
v -0.026177 0.134418 0.117821
v -0.026177 0.225115 0.226325
v -0.026177 0.144039 0.189668
v -0.012693 0.255412 0.062625
v -0.012693 0.236431 0.053127
v 0.012693 0.236431 0.053127
v 0.012693 0.255412 0.062625
v -0.013261 0.205857 0.094764
v -0.013261 0.233236 0.122302
v 0.013261 0.205857 0.094764
v 0.013261 0.233236 0.122302
v -0.009946 0.243377 0.041349
v -0.009946 0.259181 0.049093
v 0.009946 0.259181 0.049093
v -0.022786 0.083092 0.275562
v 0.022784 0.083092 0.275562
v 0.022014 0.077614 0.239684
v -0.022017 0.077614 0.239684
v 0.009946 0.243377 0.041349
v -0.013261 0.223182 0.073254
v -0.013261 0.246654 0.088718
v -0.013261 0.186582 0.116210
v -0.013215 0.217802 0.160023
v 0.013261 0.223182 0.073254
v 0.013261 0.246654 0.088718
v 0.013261 0.186582 0.116210
v 0.013215 0.217802 0.160023
v 0.026187 0.202145 0.067594
v 0.026187 0.091608 0.066383
v -0.026177 0.202145 0.067594
v -0.026177 0.091608 0.066383
v -0.039680 0.021709 -0.152752
v 0.039683 0.071398 -0.152752
v -0.039680 0.055034 -0.314372
v 0.039683 0.055034 -0.314372
v 0.049679 0.130753 0.298081
v 0.048858 0.104704 0.298081
v -0.048857 0.104704 0.298081
v -0.049679 0.130753 0.298081
v 0.046961 0.096001 1.464450
v 0.056734 0.132167 1.501066
v -0.056734 0.132167 1.501066
v -0.046960 0.096001 1.464450
v 0.056923 0.201633 0.391067
v 0.056923 0.219243 1.577306
v 0.046052 0.168174 0.391067
v 0.046052 0.185785 1.577306
v 0.017590 0.147496 0.391067
v 0.017590 0.165106 1.577306
v -0.017590 0.147496 0.391067
v -0.017590 0.165106 1.577306
v -0.046052 0.168174 0.391067
v -0.046052 0.185785 1.577306
v -0.056923 0.201633 0.391067
v -0.056923 0.219243 1.577306
v -0.046052 0.235091 0.391067
v -0.046052 0.252702 1.577306
v -0.017590 0.255770 0.391067
v -0.017590 0.273380 1.577306
v 0.017590 0.255770 0.391067
v 0.017590 0.273380 1.577306
v 0.046052 0.235092 0.391067
v 0.046052 0.252702 1.577306
v 0.075365 0.201633 0.379780
v 0.060972 0.157335 0.379780
v 0.023289 0.129957 0.379780
v -0.023289 0.129957 0.379780
v -0.060971 0.157335 0.379780
v -0.075365 0.201633 0.379781
v -0.060972 0.245931 0.379781
v -0.023289 0.273309 0.379781
v 0.023289 0.273309 0.379780
v 0.060972 0.245931 0.379780
v 0.026584 0.199928 1.577306
v 0.032860 0.219243 1.577306
v 0.026584 0.238558 1.577306
v 0.010154 0.250495 1.577306
v -0.010154 0.250495 1.577306
v -0.026584 0.238558 1.577306
v -0.032860 0.219243 1.577306
v -0.026584 0.199928 1.577306
v -0.010154 0.187991 1.577306
v 0.010154 0.187991 1.577306
v 0.022515 0.202884 1.556974
v 0.027831 0.219243 1.556974
v 0.008600 0.192774 1.556974
v 0.022515 0.235602 1.556974
v 0.008600 0.245713 1.556974
v -0.008601 0.245713 1.556974
v -0.022517 0.235602 1.556974
v -0.027832 0.219243 1.556974
v -0.022517 0.202885 1.556974
v -0.008601 0.192774 1.556974
v -0.000001 0.219243 1.539951
v 0.036318 0.192856 1.579809
v 0.044892 0.219243 1.579809
v 0.036318 0.245630 1.579809
v 0.013872 0.261938 1.579809
v -0.013872 0.261938 1.579809
v -0.036318 0.245630 1.579809
v -0.044892 0.219243 1.579809
v -0.036318 0.192856 1.579809
v -0.013872 0.176549 1.579809
v 0.013872 0.176549 1.579809
v 0.037238 0.301839 1.527486
v 0.037238 0.301839 1.571364
v 0.030126 0.279951 1.527486
v 0.030126 0.279951 1.571364
v 0.011507 0.266423 1.527486
v 0.011507 0.266423 1.571364
v -0.011508 0.266423 1.527486
v -0.011508 0.266423 1.571364
v -0.030127 0.279951 1.527486
v -0.030127 0.279951 1.571364
v -0.037239 0.301839 1.527486
v -0.037239 0.301839 1.571364
v -0.030127 0.323727 1.527486
v -0.030127 0.323727 1.571364
v 0.030126 0.323727 1.527486
v 0.030126 0.323727 1.571364
v 0.023158 0.301839 1.527486
v 0.018735 0.288227 1.527486
v 0.018735 0.288227 1.571364
v 0.023158 0.301839 1.571364
v 0.007156 0.279814 1.527486
v 0.007156 0.279814 1.571364
v -0.007157 0.279814 1.527486
v -0.007157 0.279814 1.571364
v -0.018736 0.288227 1.527486
v -0.018736 0.288227 1.571364
v -0.023159 0.301839 1.527486
v -0.023159 0.301839 1.571364
v -0.018736 0.315451 1.527486
v -0.018736 0.315451 1.571364
v 0.018735 0.315451 1.527486
v 0.018735 0.315451 1.571364
v -0.023289 0.129957 0.305512
v -0.023289 0.129957 0.258009
v 0.023289 0.129957 0.258009
v 0.023289 0.129957 0.305512
v 0.075365 0.201633 0.305512
v 0.075365 0.201633 0.258009
v 0.060971 0.245932 0.258009
v 0.060971 0.245932 0.305512
v -0.023289 0.273309 0.305513
v -0.023289 0.273309 0.258009
v -0.060972 0.245932 0.258009
v -0.060972 0.245932 0.305513
v -0.060972 0.157335 0.305512
v -0.060972 0.157335 0.258009
v 0.060971 0.157335 0.305512
v 0.060971 0.157335 0.258009
v 0.023289 0.273309 0.305512
v 0.023289 0.273309 0.258009
v -0.075365 0.201633 0.305513
v -0.075365 0.201633 0.258009
v -0.026249 0.120848 0.301544
v -0.026249 0.120848 0.261970
v 0.026249 0.120848 0.261970
v 0.026249 0.120848 0.301544
v 0.084943 0.201633 0.301544
v 0.084943 0.201633 0.261970
v 0.068720 0.251561 0.261970
v 0.068720 0.251561 0.301544
v -0.026249 0.282418 0.301544
v -0.026249 0.282418 0.261970
v -0.068720 0.251561 0.261970
v -0.068720 0.251561 0.301544
v -0.068720 0.151705 0.301544
v -0.068720 0.151705 0.261970
v 0.068720 0.151705 0.301544
v 0.068720 0.151705 0.261970
v 0.026249 0.282418 0.301544
v 0.026249 0.282418 0.261970
v -0.084943 0.201633 0.301544
v -0.084943 0.201633 0.261970
v 0.052898 0.201633 0.165651
v 0.075365 0.201633 0.179896
v 0.060971 0.157335 0.179896
v 0.042795 0.170540 0.165651
v 0.023289 0.129957 0.179896
v 0.016346 0.151324 0.165651
v -0.023289 0.129957 0.179896
v -0.016347 0.151324 0.165651
v -0.060972 0.157335 0.179896
v -0.042796 0.170540 0.165651
v -0.075365 0.201633 0.179896
v -0.052899 0.201633 0.165651
v -0.060972 0.245932 0.179896
v -0.042796 0.232726 0.165651
v -0.023289 0.273310 0.179896
v -0.016347 0.251943 0.165651
v 0.023289 0.273310 0.179896
v 0.016346 0.251943 0.165651
v 0.060971 0.245932 0.179896
v 0.042795 0.232726 0.165651
v -0.000000 0.201633 0.165651
v -0.125125 0.163237 0.095767
v -0.142437 0.159873 0.067751
v -0.168523 0.154804 0.062420
v -0.192703 0.150106 0.073727
v -0.123738 0.150751 0.100852
v -0.139170 0.130464 0.079728
v -0.165256 0.125395 0.074397
v -0.190684 0.131930 0.081129
v -0.125167 0.145190 0.113129
v -0.142534 0.117366 0.108644
v -0.168620 0.112297 0.103313
v -0.192763 0.123835 0.099000
v -0.205741 0.147572 0.097353
v -0.128573 0.149811 0.125405
v -0.150558 0.128251 0.137560
v -0.176645 0.123182 0.132229
v -0.197722 0.130562 0.116871
v -0.131963 0.161908 0.130490
v -0.158542 0.156743 0.149537
v -0.184629 0.151675 0.144206
v -0.202657 0.148172 0.124274
v -0.133350 0.174394 0.125405
v -0.161809 0.186152 0.137560
v -0.187895 0.181084 0.132229
v -0.204676 0.166347 0.116871
v -0.131922 0.179955 0.113129
v -0.158445 0.199250 0.108644
v -0.184531 0.194182 0.103313
v -0.202597 0.174442 0.099000
v -0.128515 0.175333 0.100852
v -0.150421 0.188365 0.079728
v -0.176507 0.183296 0.074397
v -0.197637 0.167715 0.081129
v -0.008088 0.173223 0.124486
v -0.009474 0.185709 0.119401
v -0.009516 0.167662 0.136763
v -0.012923 0.172283 0.149039
v -0.016312 0.184380 0.154124
v -0.017699 0.196866 0.149039
v -0.016271 0.202427 0.136763
v -0.012864 0.197805 0.124486
v 0.039982 0.253713 0.994245
v 0.039982 0.253713 1.074597
v -0.039982 0.253713 0.994245
v -0.039982 0.253713 1.074597
v -0.029998 0.275318 0.994245
v -0.029998 0.275318 1.074597
v -0.011458 0.288670 0.994245
v -0.011458 0.288670 1.074597
v 0.011458 0.288670 0.994245
v 0.011458 0.288670 1.074597
v 0.029998 0.275318 0.994245
v 0.029998 0.275318 1.074597
v 0.049163 0.101304 0.994245
v 0.036887 0.074504 0.994245
v 0.036887 0.074504 1.074597
v 0.049163 0.101304 1.074597
v 0.014090 0.057941 0.994245
v 0.014090 0.057941 1.074597
v -0.014090 0.057941 0.994245
v -0.014090 0.057941 1.074597
v -0.036887 0.074504 0.994245
v -0.036887 0.074504 1.074597
v -0.049164 0.101304 0.994245
v -0.049164 0.101304 1.074597
v 0.052083 0.255832 0.999882
v 0.052083 0.255832 1.068953
v -0.052083 0.255832 0.999882
v -0.052083 0.255832 1.068953
v -0.039639 0.282443 0.999882
v -0.039639 0.282443 1.068953
v -0.015326 0.299679 0.999882
v -0.015326 0.299679 1.068953
v 0.015326 0.299679 0.999882
v 0.015326 0.299679 1.068953
v 0.039638 0.282443 0.999882
v 0.039638 0.282443 1.068953
v 0.064043 0.098676 0.999882
v 0.048741 0.065666 0.999882
v 0.048741 0.065666 1.068953
v 0.064043 0.098676 1.068953
v 0.018845 0.044285 0.999882
v 0.018845 0.044285 1.068953
v -0.018845 0.044285 0.999882
v -0.018845 0.044285 1.068953
v -0.048741 0.065666 0.999882
v -0.048741 0.065666 1.068953
v -0.064043 0.098676 0.999882
v -0.064043 0.098676 1.068953
v -0.000000 0.130241 0.994245
v -0.000000 0.130241 1.074597
v 0.035981 0.125337 0.551798
v 0.031801 0.046842 0.551798
v -0.035978 0.125337 0.551798
v -0.031798 0.046842 0.551798
v 0.035981 0.125337 0.342713
v 0.031801 0.046842 0.342713
v -0.035978 0.125337 0.342713
v -0.031798 0.046842 0.342713
v -0.023604 0.046842 0.350906
v 0.023608 0.046842 0.350906
v 0.023608 0.046842 0.543604
v -0.023604 0.046842 0.543604
v -0.023604 -0.038416 0.350906
v 0.023608 -0.038416 0.350906
v -0.023604 -0.023710 0.543604
v 0.023608 -0.023710 0.543604
v -0.023604 0.046842 0.479372
v -0.023604 0.046842 0.415139
v 0.023608 0.046842 0.415139
v 0.023608 0.046842 0.479372
v -0.023604 -0.028612 0.479372
v -0.023604 -0.033514 0.415139
v 0.023608 -0.033514 0.415139
v 0.023608 -0.028612 0.479372
v -0.030069 0.042318 0.410615
v -0.030069 0.042318 0.355430
v -0.030069 -0.033534 0.355430
v -0.030069 -0.029322 0.410615
v 0.030072 0.042318 0.483895
v 0.030072 0.042318 0.539080
v 0.030072 -0.019519 0.539080
v 0.030072 -0.023730 0.483895
v 0.030072 0.042318 0.355430
v 0.030072 0.042318 0.410615
v 0.030072 -0.029322 0.410615
v 0.030072 -0.033534 0.355430
v 0.030072 0.042318 0.419663
v 0.030072 0.042318 0.474848
v 0.030072 -0.024420 0.474848
v 0.030072 -0.028632 0.419663
v -0.030069 0.042318 0.539080
v -0.030069 0.042318 0.483895
v -0.030069 -0.023730 0.483895
v -0.030069 -0.019519 0.539080
v -0.030069 0.042318 0.474848
v -0.030069 0.042318 0.419663
v -0.030069 -0.028632 0.419663
v -0.030069 -0.024420 0.474848
v 0.035981 0.061678 0.551798
v -0.035978 0.061678 0.551798
v -0.035978 0.061678 0.342713
v 0.035981 0.061678 0.342713
v 0.048937 0.219243 1.467189
v 0.039591 0.190479 1.467189
v 0.015122 0.172701 1.467189
v -0.015122 0.172701 1.467189
v -0.039591 0.190479 1.467189
v -0.048937 0.219243 1.467189
v -0.039591 0.248008 1.467189
v -0.015122 0.265785 1.467189
v 0.015122 0.265785 1.467189
v 0.039591 0.248008 1.467189
v 0.067617 0.130966 0.411983
v 0.065085 0.103399 0.411983
v -0.067617 0.130966 0.411983
v -0.065084 0.103398 0.411983
v -0.021809 0.057414 0.411983
v 0.021811 0.057414 0.411983
v -0.052487 0.096371 1.434430
v 0.021476 0.075050 1.396806
v 0.062843 0.132107 1.469489
v 0.052488 0.096371 1.434429
v -0.062843 0.132107 1.469489
v -0.065223 0.161745 1.477513
v 0.065223 0.161745 1.477513
v 0.060187 0.100979 0.979426
v 0.058257 0.100026 1.088690
v -0.051546 0.131275 1.073975
v -0.065309 0.131357 0.979423
v -0.021809 0.065938 1.088679
v -0.021809 0.063358 0.979429
v -0.063196 0.161745 0.979422
v -0.063196 0.161745 1.088696
v 0.049240 0.159312 0.994051
v 0.063196 0.161745 1.088696
v -0.060186 0.100979 0.979426
v -0.058256 0.100026 1.088690
v 0.016020 0.074040 1.073759
v 0.021811 0.063358 0.979429
v 0.064443 0.131504 1.088695
v 0.065309 0.131357 0.979423
v -0.049323 0.159322 1.074043
v -0.049240 0.159312 0.994051
v 0.046423 0.103563 1.073921
v 0.021811 0.065938 1.088679
v 0.015942 0.072111 0.993785
v 0.047844 0.104575 0.993938
v -0.046422 0.103563 1.073921
v -0.064443 0.131504 1.088695
v -0.052091 0.131146 0.993985
v -0.047843 0.104575 0.993938
v 0.052091 0.131146 0.993985
v 0.063196 0.161745 0.979422
v 0.049324 0.159322 1.074043
v 0.051545 0.131275 1.073975
v -0.015940 0.072111 0.993785
v -0.016018 0.074040 1.073759
v 0.035492 0.175846 0.526355
v 0.043871 0.201633 0.526355
v 0.013557 0.159909 0.526355
v -0.013557 0.159909 0.526355
v -0.035492 0.175846 0.526355
v -0.043871 0.201633 0.526355
v -0.035492 0.227419 0.526355
v -0.013557 0.243356 0.526355
v 0.013557 0.243356 0.526355
v 0.035492 0.227419 0.526355
v 0.033669 0.092513 1.575282
v 0.023808 0.068705 1.575282
v 0.033659 0.092513 1.516696
v 0.023801 0.068712 1.516696
v 0.000000 0.058854 1.516696
v -0.023801 0.068712 1.516696
v -0.033659 0.092513 1.516696
v -0.023801 0.116314 1.516696
v 0.000000 0.126172 1.516696
v 0.023801 0.116314 1.516696
v 0.000000 0.058844 1.575282
v -0.023808 0.068705 1.575282
v -0.033669 0.092513 1.575282
v -0.023808 0.116321 1.575282
v 0.000000 0.126182 1.575282
v 0.023808 0.116321 1.575282
v 0.000000 0.092513 1.619191
v -0.034934 0.057579 1.568770
v -0.034931 0.057582 1.523185
v 0.000000 0.141917 1.568770
v 0.000000 0.141913 1.523185
v 0.049404 0.092513 1.568770
v 0.034934 0.127447 1.568770
v 0.034931 0.057582 1.523185
v 0.049400 0.092513 1.523185
v 0.000000 0.043109 1.568770
v 0.000000 0.043113 1.523185
v -0.034934 0.127447 1.568770
v 0.034934 0.057579 1.568770
v -0.049404 0.092513 1.568770
v -0.034931 0.127444 1.523185
v -0.049400 0.092513 1.523185
v 0.034931 0.127444 1.523185
v 0.034928 0.092513 1.613685
v 0.024698 0.117211 1.613685
v 0.000000 0.127441 1.613685
v -0.024698 0.117211 1.613685
v -0.034928 0.092513 1.613685
v -0.024698 0.067815 1.613685
v 0.000000 0.057585 1.613685
v 0.024698 0.067815 1.613685
v 0.028942 0.305189 0.613759
v 0.028942 0.305189 0.550705
v 0.023415 0.322201 0.613759
v 0.023415 0.322201 0.550705
v 0.008943 0.332715 0.613759
v 0.008943 0.332715 0.550705
v -0.008944 0.332715 0.613759
v -0.008944 0.332715 0.550705
v -0.023415 0.322201 0.613759
v -0.023415 0.322201 0.550705
v -0.028943 0.305189 0.613759
v -0.028943 0.305189 0.550705
v -0.023415 0.288177 0.613759
v -0.023415 0.288177 0.550705
v 0.023415 0.288177 0.613759
v 0.023415 0.288177 0.550705
v 0.017999 0.305189 0.613759
v 0.014561 0.315769 0.613759
v 0.014561 0.315769 0.550705
v 0.017999 0.305189 0.550705
v 0.005562 0.322308 0.613759
v 0.005562 0.322308 0.550705
v -0.005562 0.322308 0.613759
v -0.005562 0.322308 0.550705
v -0.014562 0.315769 0.613759
v -0.014562 0.315769 0.550705
v -0.017999 0.305189 0.613759
v -0.017999 0.305189 0.550705
v -0.014562 0.294610 0.613759
v -0.014562 0.294610 0.550705
v 0.014561 0.294610 0.613759
v 0.014561 0.294610 0.550705
v 0.027392 0.085119 -0.166775
v 0.027392 0.083108 -0.026970
v -0.027389 0.085119 -0.166775
v -0.027389 0.083108 -0.026970
v -0.027389 0.058625 -0.403793
v 0.027392 0.058625 -0.403793
v 0.027392 0.076745 -0.303966
v -0.027389 0.076745 -0.303966
v -0.053166 0.223539 1.504937
v 0.053166 0.223539 1.504937
v -0.056854 0.223539 1.478082
v 0.056854 0.223539 1.478082
v -0.055087 0.223539 1.088696
v -0.061724 0.223539 0.979422
v 0.061724 0.223539 0.979422
v 0.055087 0.223539 1.088696
v -0.043038 0.223539 1.074051
v -0.043000 0.223539 0.994059
v 0.043000 0.223539 0.994059
v 0.043038 0.223539 1.074051
v -0.058801 0.157684 0.414095
v 0.058801 0.157684 0.414095
v -0.018872 0.288319 1.478651
v -0.041220 0.273158 1.478543
v -0.039171 0.271013 1.495307
v 0.041220 0.273158 1.478543
v 0.018872 0.288319 1.478651
v 0.039171 0.271013 1.495307
v -0.031244 0.271101 1.074057
v -0.011507 0.282335 1.074058
v -0.019466 0.288319 0.979422
v -0.038771 0.280055 0.979422
v 0.039811 0.276454 1.088696
v 0.019463 0.288319 1.088696
v 0.038771 0.280055 0.979422
v 0.019466 0.288319 0.979422
v -0.019463 0.288319 1.088696
v -0.039811 0.276454 1.088696
v -0.011508 0.282335 0.994067
v -0.030953 0.272247 0.994065
v 0.030953 0.272247 0.994065
v 0.011508 0.282335 0.994067
v 0.011507 0.282335 1.074058
v 0.031244 0.271101 1.074057
v 0.019516 0.288319 0.529352
v 0.038133 0.282265 0.549919
v 0.041470 0.265556 0.483769
v -0.038133 0.282265 0.549919
v -0.019516 0.288319 0.529352
v -0.041470 0.265556 0.483769
v 0.057670 0.223539 0.454509
v -0.057670 0.223539 0.454509
v 0.000000 0.092513 1.150888
v 0.038766 0.092513 1.162603
v 0.027412 0.065101 1.162603
v 0.000000 0.053746 1.162603
v -0.027412 0.065101 1.162603
v -0.038766 0.092513 1.162603
v -0.027412 0.119925 1.162603
v 0.000000 0.131279 1.162603
v 0.027412 0.119925 1.162603
v 0.048297 0.035213 1.443958
v 0.048297 0.035213 1.351144
v 0.039073 0.063601 1.443958
v 0.039073 0.063601 1.351144
v 0.014924 0.081146 1.443958
v 0.014924 0.081146 1.351144
v -0.014925 0.081146 1.443958
v -0.014925 0.081146 1.351144
v -0.039074 0.063601 1.443958
v -0.039074 0.063601 1.351144
v -0.048298 0.035213 1.443958
v -0.048298 0.035213 1.351144
v -0.039074 0.006824 1.443958
v -0.039074 0.006824 1.351144
v 0.039073 0.006824 1.443958
v 0.039073 0.006824 1.351144
v 0.030036 0.035213 1.443958
v 0.024299 0.052868 1.443958
v 0.024299 0.052868 1.351144
v 0.030036 0.035213 1.351144
v 0.009281 0.063779 1.443958
v 0.009281 0.063779 1.351144
v -0.009282 0.063779 1.443958
v -0.009282 0.063779 1.351144
v -0.024300 0.052868 1.443958
v -0.024300 0.052868 1.351144
v -0.030036 0.035213 1.443958
v -0.030036 0.035213 1.351144
v -0.024300 0.017558 1.443958
v -0.024300 0.017558 1.351144
v 0.024299 0.017558 1.443958
v 0.024299 0.017558 1.351144
v -0.020980 -0.032631 1.403833
v -0.020980 0.025364 1.404065
v 0.020979 -0.032631 1.403833
v 0.020979 0.025364 1.404065
v 0.015735 -0.030534 1.255933
v -0.015735 -0.030534 1.255933
v -0.015735 0.005249 1.256146
v 0.015735 0.005249 1.256146
v -0.000000 -0.043505 1.403789
v -0.000000 0.036238 1.404109
v 0.016305 -0.030216 1.489917
v 0.016305 0.020907 1.490201
v -0.016305 -0.030216 1.489917
v -0.016305 0.020907 1.490201
v -0.000000 -0.035604 1.252036
v -0.000000 0.008919 1.252301
v -0.020980 0.026469 1.354386
v 0.020979 -0.028264 1.354167
v 0.020979 0.026469 1.354386
v -0.020980 -0.028264 1.354167
v -0.000000 -0.040036 1.490387
v -0.000000 0.030549 1.490779
v -0.000000 -0.038526 1.354126
v -0.000000 0.036731 1.354427
v -0.000000 -0.005054 1.484031
v -0.000000 -0.005054 1.508255
v 0.062252 -0.005054 1.481354
v 0.052019 -0.044423 1.481354
v 0.052019 -0.044423 1.510932
v 0.062252 -0.005054 1.510932
v 0.025227 -0.068754 1.481354
v 0.025227 -0.068754 1.510932
v -0.025228 -0.068754 1.481354
v -0.025228 -0.068754 1.510932
v -0.052020 -0.044422 1.481354
v -0.052020 -0.044422 1.510932
v -0.062253 -0.005054 1.481354
v -0.062253 -0.005054 1.510932
v -0.052020 0.034315 1.481354
v -0.052020 0.034315 1.510932
v -0.025228 0.058647 1.481354
v -0.025228 0.058647 1.510932
v 0.025227 0.058647 1.481354
v 0.025227 0.058647 1.510932
v 0.052019 0.034315 1.481354
v 0.052019 0.034315 1.510932
v 0.068059 -0.005054 1.496143
v 0.056969 -0.047535 1.496143
v 0.027362 -0.074255 1.496143
v -0.027363 -0.074255 1.496143
v -0.056969 -0.047535 1.496143
v -0.068060 -0.005054 1.496143
v -0.056969 0.037428 1.496143
v -0.027363 0.064148 1.496143
v 0.027362 0.064148 1.496143
v 0.056969 0.037428 1.496143
v -0.016034 0.042631 1.503788
v -0.000000 -0.057708 1.503788
v 0.016033 0.042631 1.503788
v -0.016034 0.042631 1.770582
v -0.000000 0.042631 1.770582
v 0.016033 0.042631 1.770582
v -0.000000 -0.050070 1.881223
v -0.000000 0.004233 2.038851
v -0.000000 0.042631 2.061021
v -0.000000 0.042631 1.503788
v -0.000000 -0.057708 1.769764
v -0.000000 -0.028319 1.975714
v 0.020517 0.023930 1.299987
v 0.017406 0.011708 1.266197
v -0.020608 -0.035459 1.306238
v -0.017739 -0.035014 1.271103
v -0.017406 0.011708 1.266197
v -0.020518 0.023930 1.299987
v 0.017738 -0.035015 1.271103
v 0.020607 -0.035459 1.306238
v -0.000000 0.020308 1.265326
v -0.000000 0.035155 1.298390
v -0.000000 -0.044473 1.272063
v -0.000000 -0.046680 1.306996
vt 0.797401 0.631197
vt 0.797401 0.631197
vt 0.795927 0.621538
vt 0.795927 0.621538
vt 0.801533 0.585514
vt 0.801533 0.585514
vt 0.800079 0.585203
vt 0.800079 0.585203
vt 0.799496 0.596334
vt 0.801075 0.597635
vt 0.799496 0.627584
vt 0.798860 0.638171
vt 0.800578 0.640110
vt 0.801075 0.628885
vt 0.801075 0.628885
vt 0.800578 0.640110
vt 0.798860 0.638171
vt 0.799496 0.627585
vt 0.801075 0.597635
vt 0.799496 0.596335
vt 0.798987 0.582459
vt 0.798987 0.582459
vt 0.793926 0.594342
vt 0.794882 0.611681
vt 0.796944 0.606860
vt 0.796446 0.593497
vt 0.794882 0.611681
vt 0.796944 0.606860
vt 0.797469 0.616719
vt 0.798341 0.578028
vt 0.798341 0.578028
vt 0.796304 0.583917
vt 0.793560 0.585759
vt 0.798172 0.623149
vt 0.798172 0.591899
vt 0.797469 0.585469
vt 0.797469 0.616719
vt 0.798172 0.591900
vt 0.798172 0.623150
vt 0.797469 0.585469
vt 0.797896 0.573026
vt 0.797896 0.573026
vt 0.797183 0.561441
vt 0.797183 0.561441
vt 0.796944 0.575610
vt 0.796304 0.552667
vt 0.796055 0.548980
vt 0.793480 0.551014
vt 0.793560 0.554509
vt 0.796304 0.552667
vt 0.793560 0.554509
vt 0.793480 0.551014
vt 0.796055 0.548980
vt 0.790473 0.547217
vt 0.790473 0.547217
vt 0.790473 0.589819
vt 0.790473 0.609512
vt 0.796446 0.562247
vt 0.796944 0.575610
vt 0.793926 0.594342
vt 0.796446 0.593497
vt 0.796446 0.562247
vt 0.797109 0.553411
vt 0.797109 0.553411
vt 0.790473 0.620595
vt 0.793560 0.585759
vt 0.796304 0.583917
vt 0.795927 0.621538
vt 0.795927 0.621538
vt 0.790473 0.550400
vt 0.790473 0.550400
vt 0.790473 0.581650
vt 0.786001 0.579794
vt 0.782059 0.568847
vt 0.782216 0.560406
vt 0.786159 0.573344
vt 0.790473 0.620595
vt 0.790473 0.609512
vt 0.790473 0.589819
vt 0.786251 0.538364
vt 0.786159 0.542094
vt 0.786159 0.573344
vt 0.786001 0.579794
vt 0.785487 0.600751
vt 0.782827 0.527340
vt 0.782827 0.527340
vt 0.786251 0.538364
vt 0.781580 0.594676
vt 0.785138 0.615039
vt 0.781274 0.611121
vt 0.786159 0.542094
vt 0.782216 0.529156
vt 0.782059 0.568847
vt 0.782216 0.560406
vt 0.790473 0.581650
vt 0.781580 0.594676
vt 0.785487 0.600751
vt 0.781274 0.611121
vt 0.785138 0.615039
vt 0.782216 0.529156
vt 0.790473 0.620595
vt 0.785138 0.615039
vt 0.805357 0.585514
vt 0.805357 0.585514
vt 0.805357 0.640746
vt 0.805357 0.640746
vt 0.837753 0.640746
vt 0.837753 0.640746
vt 0.837477 0.634149
vt 0.837477 0.634149
vt 0.809727 0.586226
vt 0.809994 0.593945
vt 0.805357 0.593789
vt 0.834955 0.594788
vt 0.836268 0.594833
vt 0.833254 0.590059
vt 0.805357 0.633834
vt 0.819072 0.633969
vt 0.819183 0.640746
vt 0.810194 0.637123
vt 0.810175 0.633881
vt 0.809727 0.586226
vt 0.818954 0.640746
vt 0.811041 0.640746
vt 0.810869 0.640746
vt 0.805357 0.633834
vt 0.836268 0.594833
vt 0.834493 0.590261
vt 0.834493 0.590261
vt 0.427166 0.565950
vt 0.425652 0.562305
vt 0.425652 0.562305
vt 0.427166 0.565950
vt 0.427787 0.571436
vt 0.427787 0.571436
vt 0.409117 0.612830
vt 0.410262 0.613724
vt 0.410443 0.608332
vt 0.409653 0.606556
vt 0.425971 0.568425
vt 0.425971 0.568425
vt 0.425278 0.575306
vt 0.425278 0.575306
vt 0.410443 0.608332
vt 0.410262 0.613724
vt 0.409117 0.612830
vt 0.409653 0.606556
vt 0.410116 0.619413
vt 0.408522 0.619933
vt 0.424742 0.581580
vt 0.424742 0.581580
vt 0.424147 0.588683
vt 0.424147 0.588683
vt 0.426068 0.577082
vt 0.425887 0.582474
vt 0.425887 0.582474
vt 0.426068 0.577082
vt 0.425741 0.588163
vt 0.425741 0.588163
vt 0.426441 0.569951
vt 0.426441 0.569951
vt 0.410816 0.601201
vt 0.410346 0.599675
vt 0.408522 0.619933
vt 0.410116 0.619413
vt 0.410017 0.588714
vt 0.407456 0.592889
vt 0.407767 0.596906
vt 0.410027 0.593555
vt 0.412162 0.602686
vt 0.412948 0.601174
vt 0.413988 0.623203
vt 0.412803 0.621982
vt 0.410027 0.593555
vt 0.407767 0.596906
vt 0.407456 0.592889
vt 0.410017 0.588714
vt 0.427637 0.562093
vt 0.427637 0.562093
vt 0.425642 0.557464
vt 0.425642 0.557464
vt 0.428428 0.590732
vt 0.428428 0.590732
vt 0.412162 0.602686
vt 0.412948 0.601174
vt 0.412012 0.593343
vt 0.411541 0.597200
vt 0.428573 0.569924
vt 0.428573 0.569924
vt 0.429613 0.591953
vt 0.429613 0.591953
vt 0.423081 0.561639
vt 0.423081 0.561639
vt 0.407023 0.600268
vt 0.406660 0.596943
vt 0.406660 0.596943
vt 0.407023 0.600268
vt 0.423392 0.565656
vt 0.423392 0.565656
vt 0.411541 0.597200
vt 0.412012 0.593343
vt 0.422285 0.565693
vt 0.422285 0.565693
vt 0.422648 0.569018
vt 0.422648 0.569018
vt 0.421881 0.644976
vt 0.422136 0.648501
vt 0.422136 0.648501
vt 0.421881 0.644976
vt 0.422933 0.640472
vt 0.423644 0.636607
vt 0.423644 0.636607
vt 0.422933 0.640472
vt 0.423445 0.614457
vt 0.422584 0.616410
vt 0.422270 0.612177
vt 0.422933 0.609222
vt 0.423644 0.605357
vt 0.424553 0.611464
vt 0.424406 0.606452
vt 0.425319 0.619084
vt 0.427987 0.613728
vt 0.426778 0.608598
vt 0.426778 0.608598
vt 0.427987 0.613728
vt 0.425319 0.619084
vt 0.424406 0.606452
vt 0.425319 0.650334
vt 0.425319 0.650334
vt 0.427987 0.644978
vt 0.427987 0.644978
vt 0.424352 0.601058
vt 0.425799 0.608022
vt 0.421881 0.613726
vt 0.422136 0.617251
vt 0.422584 0.616410
vt 0.422270 0.612177
vt 0.425799 0.608022
vt 0.424352 0.601058
vt 0.423644 0.605357
vt 0.424553 0.611464
vt 0.424553 0.642714
vt 0.424553 0.642714
vt 0.425799 0.639272
vt 0.425799 0.639272
vt 0.421881 0.613726
vt 0.422136 0.617251
vt 0.422584 0.647660
vt 0.422584 0.647660
vt 0.423445 0.645707
vt 0.423445 0.645707
vt 0.422933 0.609222
vt 0.423445 0.614457
vt 0.424352 0.632308
vt 0.424352 0.632308
vt 0.422270 0.643427
vt 0.422270 0.643427
vt 0.422707 0.596903
vt 0.422748 0.608605
vt 0.422748 0.608605
vt 0.422707 0.596903
vt 0.422748 0.639855
vt 0.422748 0.639855
vt 0.412803 0.621982
vt 0.413988 0.623203
vt 0.781274 0.611121
vt 0.785138 0.615039
vt 0.805357 0.593789
vt 0.805357 0.625039
vt 0.805357 0.625039
vt 0.836268 0.626083
vt 0.836268 0.626083
vt 0.834955 0.626038
vt 0.836111 0.634136
vt 0.809994 0.625195
vt 0.810175 0.633881
vt 0.819183 0.640746
vt 0.819072 0.633969
vt 0.810869 0.640746
vt 0.448831 0.640746
vt 0.464235 0.640746
vt 0.464235 0.635771
vt 0.448831 0.635771
vt 0.464235 0.632696
vt 0.448831 0.632696
vt 0.464235 0.632696
vt 0.448831 0.632696
vt 0.464235 0.635771
vt 0.448831 0.635771
vt 0.464235 0.640746
vt 0.448831 0.640746
vt 0.464235 0.645721
vt 0.448831 0.645721
vt 0.464235 0.648796
vt 0.448831 0.648796
vt 0.464235 0.648796
vt 0.448831 0.648796
vt 0.464235 0.596743
vt 0.464235 0.598518
vt 0.463563 0.597807
vt 0.463563 0.596304
vt 0.464235 0.645721
vt 0.448831 0.645721
vt 0.433426 0.617546
vt 0.433426 0.617546
vt 0.433054 0.620154
vt 0.433054 0.620154
vt 0.429033 0.630088
vt 0.429033 0.634160
vt 0.426455 0.634160
vt 0.426455 0.630088
vt 0.433426 0.614471
vt 0.433054 0.616083
vt 0.433426 0.609496
vt 0.433054 0.609497
vt 0.433426 0.604521
vt 0.433054 0.602910
vt 0.433426 0.601446
vt 0.433054 0.598838
vt 0.433426 0.609496
vt 0.433426 0.604521
vt 0.433054 0.602910
vt 0.433054 0.609496
vt 0.433426 0.601446
vt 0.433054 0.598838
vt 0.433426 0.614471
vt 0.433054 0.616083
vt 0.429033 0.647333
vt 0.429033 0.640746
vt 0.426455 0.640746
vt 0.426455 0.647333
vt 0.429033 0.634160
vt 0.429033 0.630088
vt 0.426455 0.630088
vt 0.426455 0.634160
vt 0.429033 0.651404
vt 0.429033 0.651404
vt 0.426455 0.651404
vt 0.426455 0.651404
vt 0.429033 0.640747
vt 0.426455 0.640747
vt 0.429033 0.647333
vt 0.426455 0.647333
vt 0.464317 0.605573
vt 0.464317 0.609496
vt 0.464235 0.609496
vt 0.464235 0.606624
vt 0.464317 0.613420
vt 0.464235 0.612368
vt 0.464317 0.615845
vt 0.464235 0.614143
vt 0.464317 0.615845
vt 0.464235 0.614143
vt 0.464317 0.613420
vt 0.464235 0.612368
vt 0.464317 0.609496
vt 0.464235 0.609496
vt 0.464317 0.605573
vt 0.464235 0.606624
vt 0.464317 0.603148
vt 0.464235 0.604849
vt 0.464317 0.603148
vt 0.464235 0.604849
vt 0.557313 0.560189
vt 0.557313 0.562621
vt 0.556752 0.562621
vt 0.464235 0.590999
vt 0.464235 0.593871
vt 0.463563 0.593871
vt 0.463563 0.591439
vt 0.464235 0.593871
vt 0.464235 0.590999
vt 0.463563 0.591439
vt 0.463563 0.593871
vt 0.464235 0.598518
vt 0.463563 0.597807
vt 0.464235 0.589224
vt 0.463563 0.589935
vt 0.464235 0.589224
vt 0.463563 0.589935
vt 0.464235 0.596743
vt 0.463563 0.596304
vt 0.557313 0.562621
vt 0.557313 0.560189
vt 0.557313 0.566557
vt 0.557313 0.566557
vt 0.557313 0.558685
vt 0.557313 0.558685
vt 0.557313 0.565054
vt 0.557313 0.565054
vt 0.464235 0.601446
vt 0.464235 0.604521
vt 0.464235 0.601446
vt 0.464235 0.604521
vt 0.464235 0.609496
vt 0.464235 0.614471
vt 0.464235 0.617546
vt 0.464235 0.617546
vt 0.464235 0.614471
vt 0.464235 0.609496
vt 0.462847 0.653529
vt 0.463782 0.653529
vt 0.463782 0.650375
vt 0.462847 0.650375
vt 0.463782 0.648427
vt 0.462847 0.648427
vt 0.463782 0.648427
vt 0.462847 0.648427
vt 0.463782 0.650375
vt 0.462847 0.650375
vt 0.463782 0.653529
vt 0.462847 0.653529
vt 0.463782 0.656682
vt 0.462847 0.656682
vt 0.462847 0.656682
vt 0.463782 0.656682
vt 0.462847 0.653529
vt 0.462847 0.651568
vt 0.463782 0.651568
vt 0.463782 0.653529
vt 0.462847 0.650356
vt 0.463782 0.650356
vt 0.462847 0.650356
vt 0.462847 0.651568
vt 0.463782 0.651568
vt 0.463782 0.650356
vt 0.462847 0.653529
vt 0.463782 0.653529
vt 0.462847 0.655490
vt 0.463782 0.655490
vt 0.462847 0.655490
vt 0.463782 0.655490
vt 0.463782 0.619125
vt 0.463782 0.620318
vt 0.463782 0.619106
vt 0.463782 0.617177
vt 0.462847 0.622279
vt 0.462847 0.622279
vt 0.462847 0.620318
vt 0.462847 0.619125
vt 0.462847 0.622279
vt 0.462847 0.622279
vt 0.462847 0.624240
vt 0.462847 0.625432
vt 0.463782 0.619125
vt 0.463782 0.620318
vt 0.463782 0.622279
vt 0.463782 0.622279
vt 0.463782 0.625432
vt 0.463782 0.624240
vt 0.463782 0.622279
vt 0.463782 0.622279
vt 0.462847 0.617177
vt 0.462847 0.619106
vt 0.462847 0.619106
vt 0.462847 0.617177
vt 0.462847 0.619125
vt 0.462847 0.620318
vt 0.463782 0.619106
vt 0.463782 0.617177
vt 0.462847 0.625432
vt 0.462847 0.624240
vt 0.463782 0.624240
vt 0.463782 0.625432
vt 0.433054 0.640747
vt 0.433054 0.647333
vt 0.430601 0.647333
vt 0.430601 0.640747
vt 0.429033 0.609496
vt 0.429033 0.616083
vt 0.429165 0.618412
vt 0.429165 0.609496
vt 0.433054 0.651404
vt 0.433054 0.647333
vt 0.430601 0.647333
vt 0.430601 0.651404
vt 0.430601 0.620154
vt 0.430601 0.616083
vt 0.430470 0.618412
vt 0.430470 0.623922
vt 0.433054 0.634160
vt 0.433054 0.630088
vt 0.430601 0.630088
vt 0.430601 0.634160
vt 0.429033 0.620154
vt 0.429033 0.620154
vt 0.429165 0.623922
vt 0.429165 0.623922
vt 0.433054 0.634160
vt 0.430601 0.634160
vt 0.430601 0.609496
vt 0.430470 0.609496
vt 0.433054 0.651404
vt 0.430601 0.651404
vt 0.429033 0.616083
vt 0.429033 0.609497
vt 0.429165 0.609497
vt 0.429165 0.618412
vt 0.433054 0.640746
vt 0.430601 0.640746
vt 0.430601 0.620154
vt 0.430470 0.623922
vt 0.433054 0.630088
vt 0.430601 0.630088
vt 0.430601 0.609497
vt 0.430601 0.616083
vt 0.430470 0.618412
vt 0.430470 0.609497
vt 0.429033 0.602910
vt 0.429165 0.600581
vt 0.430470 0.640747
vt 0.430470 0.649662
vt 0.429165 0.649662
vt 0.429165 0.640747
vt 0.430470 0.655172
vt 0.430470 0.649662
vt 0.429165 0.649662
vt 0.429165 0.655172
vt 0.430470 0.631831
vt 0.430470 0.626321
vt 0.429165 0.626321
vt 0.429165 0.631831
vt 0.430470 0.631831
vt 0.429165 0.631831
vt 0.430470 0.655172
vt 0.429165 0.655172
vt 0.430470 0.640746
vt 0.429165 0.640746
vt 0.430470 0.626321
vt 0.429165 0.626321
vt 0.430601 0.602910
vt 0.430470 0.600581
vt 0.430601 0.598838
vt 0.430601 0.598838
vt 0.430470 0.595071
vt 0.430470 0.595071
vt 0.429033 0.602910
vt 0.429165 0.600581
vt 0.429033 0.598838
vt 0.429033 0.598838
vt 0.429165 0.595071
vt 0.429165 0.595071
vt 0.430601 0.602910
vt 0.430470 0.600581
vt 0.426455 0.609496
vt 0.426455 0.602910
vt 0.425984 0.604873
vt 0.425984 0.609496
vt 0.426455 0.598838
vt 0.425984 0.602016
vt 0.426455 0.598838
vt 0.425984 0.602016
vt 0.426455 0.602910
vt 0.425984 0.604873
vt 0.426455 0.609497
vt 0.425984 0.609496
vt 0.426455 0.616083
vt 0.425984 0.614120
vt 0.426455 0.620154
vt 0.425984 0.616977
vt 0.426455 0.620154
vt 0.425984 0.616977
vt 0.426455 0.616083
vt 0.425984 0.614120
vt 0.425984 0.640746
vt 0.425984 0.636123
vt 0.425984 0.640746
vt 0.425984 0.633266
vt 0.425984 0.633266
vt 0.425984 0.636123
vt 0.425984 0.640746
vt 0.425984 0.645370
vt 0.425984 0.648227
vt 0.425984 0.648227
vt 0.425984 0.645370
vt 0.424264 0.636155
vt 0.423485 0.636720
vt 0.423728 0.632666
vt 0.423111 0.637768
vt 0.423287 0.638898
vt 0.423681 0.632339
vt 0.423507 0.631208
vt 0.424211 0.639649
vt 0.424380 0.642347
vt 0.425159 0.647359
vt 0.424991 0.644661
vt 0.423287 0.607648
vt 0.424211 0.608399
vt 0.424380 0.605614
vt 0.423681 0.601089
vt 0.424319 0.630860
vt 0.424637 0.629418
vt 0.424460 0.628287
vt 0.425359 0.639352
vt 0.425190 0.636654
vt 0.425970 0.641666
vt 0.426138 0.644364
vt 0.424784 0.604374
vt 0.424637 0.598168
vt 0.424908 0.632361
vt 0.425591 0.631845
vt 0.425416 0.630715
vt 0.424380 0.636864
vt 0.425159 0.641876
vt 0.425190 0.605404
vt 0.425591 0.600595
vt 0.425153 0.636288
vt 0.425987 0.638200
vt 0.425810 0.637070
vt 0.424784 0.643377
vt 0.425564 0.648389
vt 0.425359 0.608102
vt 0.425987 0.606950
vt 0.424908 0.640342
vt 0.425591 0.644760
vt 0.425416 0.643629
vt 0.424784 0.635624
vt 0.425564 0.640635
vt 0.425190 0.610887
vt 0.425591 0.613510
vt 0.424319 0.642148
vt 0.424637 0.647681
vt 0.424460 0.646551
vt 0.425190 0.642137
vt 0.425970 0.647149
vt 0.424784 0.612127
vt 0.424637 0.616431
vt 0.423728 0.640647
vt 0.423681 0.645253
vt 0.423507 0.644123
vt 0.424380 0.611097
vt 0.423681 0.614003
vt 0.445932 0.640760
vt 0.447179 0.640760
vt 0.447179 0.626679
vt 0.445932 0.626679
vt 0.447179 0.640760
vt 0.445932 0.640760
vt 0.445932 0.626680
vt 0.447179 0.626680
vt 0.447179 0.648123
vt 0.445932 0.648123
vt 0.447179 0.652891
vt 0.445932 0.652891
vt 0.447179 0.652891
vt 0.445932 0.652891
vt 0.447179 0.648122
vt 0.445932 0.648122
vt 0.447179 0.619317
vt 0.445932 0.619317
vt 0.447179 0.614548
vt 0.445932 0.614548
vt 0.447179 0.614548
vt 0.445932 0.614548
vt 0.447179 0.619317
vt 0.445932 0.619317
vt 0.445745 0.618595
vt 0.445745 0.614901
vt 0.445932 0.616873
vt 0.445932 0.621641
vt 0.445745 0.586343
vt 0.445745 0.590038
vt 0.445932 0.588067
vt 0.445932 0.583298
vt 0.447365 0.614901
vt 0.447365 0.618595
vt 0.447179 0.621641
vt 0.447179 0.616873
vt 0.447365 0.590038
vt 0.447365 0.586343
vt 0.447179 0.583298
vt 0.447179 0.588067
vt 0.447365 0.596016
vt 0.447365 0.608924
vt 0.447179 0.609510
vt 0.447179 0.595430
vt 0.445745 0.608923
vt 0.445745 0.614901
vt 0.445932 0.616872
vt 0.445932 0.609510
vt 0.445745 0.596016
vt 0.445745 0.590038
vt 0.445932 0.588067
vt 0.445932 0.595430
vt 0.445745 0.608924
vt 0.445932 0.609510
vt 0.447365 0.614901
vt 0.447365 0.608923
vt 0.447179 0.609510
vt 0.447179 0.616872
vt 0.447365 0.590038
vt 0.447179 0.588067
vt 0.445745 0.618595
vt 0.445932 0.621641
vt 0.445745 0.586343
vt 0.445932 0.583298
vt 0.445745 0.596015
vt 0.445932 0.595429
vt 0.447365 0.618595
vt 0.447179 0.621641
vt 0.447365 0.586343
vt 0.447179 0.583298
vt 0.447365 0.596015
vt 0.447179 0.595429
vt 0.445745 0.602469
vt 0.447365 0.602469
vt 0.438731 0.587177
vt 0.438731 0.587177
vt 0.438731 0.583868
vt 0.438731 0.583868
vt 0.438731 0.618427
vt 0.431831 0.618427
vt 0.431831 0.615118
vt 0.438731 0.615118
vt 0.431831 0.587177
vt 0.431831 0.587177
vt 0.431831 0.583868
vt 0.431831 0.583868
vt 0.431831 0.618427
vt 0.438731 0.618427
vt 0.438731 0.615118
vt 0.431831 0.615118
vt 0.438731 0.632626
vt 0.438731 0.632626
vt 0.431831 0.632626
vt 0.431831 0.632626
vt 0.438731 0.568243
vt 0.431831 0.568243
vt 0.431831 0.568243
vt 0.438731 0.568243
vt 0.434072 0.614109
vt 0.432250 0.614109
vt 0.432250 0.597191
vt 0.434072 0.598130
vt 0.436342 0.551414
vt 0.436342 0.551414
vt 0.438461 0.552507
vt 0.438461 0.552507
vt 0.436490 0.614109
vt 0.438313 0.614109
vt 0.438313 0.600317
vt 0.436490 0.599378
vt 0.432100 0.615118
vt 0.432100 0.615118
vt 0.432100 0.596102
vt 0.432100 0.596102
vt 0.438461 0.615118
vt 0.438461 0.615118
vt 0.438461 0.599382
vt 0.438461 0.599382
vt 0.432250 0.614109
vt 0.434072 0.614109
vt 0.434072 0.598130
vt 0.432250 0.597191
vt 0.434371 0.614109
vt 0.436191 0.614109
vt 0.436191 0.599223
vt 0.434371 0.598284
vt 0.432100 0.549227
vt 0.432100 0.549227
vt 0.434222 0.550320
vt 0.434222 0.550320
vt 0.438313 0.614109
vt 0.436490 0.614109
vt 0.436490 0.599378
vt 0.438313 0.600317
vt 0.436191 0.614109
vt 0.434371 0.614109
vt 0.434371 0.598284
vt 0.436191 0.599223
vt 0.434222 0.583868
vt 0.432100 0.583868
vt 0.432250 0.582859
vt 0.434072 0.582859
vt 0.432100 0.564852
vt 0.432250 0.565941
vt 0.432100 0.533602
vt 0.434222 0.534695
vt 0.434072 0.535630
vt 0.432250 0.534691
vt 0.434222 0.565945
vt 0.434072 0.566880
vt 0.436342 0.583868
vt 0.438461 0.583868
vt 0.438313 0.582859
vt 0.436490 0.582859
vt 0.438461 0.568132
vt 0.438313 0.569067
vt 0.438461 0.536882
vt 0.436342 0.535789
vt 0.436490 0.536878
vt 0.438313 0.537817
vt 0.436342 0.567039
vt 0.436490 0.568128
vt 0.432100 0.583868
vt 0.434222 0.583868
vt 0.434072 0.582859
vt 0.432250 0.582859
vt 0.434222 0.565945
vt 0.434072 0.566880
vt 0.434222 0.534695
vt 0.432100 0.533602
vt 0.432250 0.534691
vt 0.434072 0.535630
vt 0.432100 0.564852
vt 0.432250 0.565941
vt 0.436191 0.582859
vt 0.434371 0.582859
vt 0.436191 0.567973
vt 0.434371 0.535784
vt 0.436191 0.536723
vt 0.434371 0.567034
vt 0.438461 0.583868
vt 0.436342 0.583868
vt 0.436490 0.582859
vt 0.438313 0.582859
vt 0.436342 0.567039
vt 0.436490 0.568128
vt 0.436342 0.535789
vt 0.438461 0.536882
vt 0.438313 0.537817
vt 0.436490 0.536878
vt 0.438461 0.568132
vt 0.438313 0.569067
vt 0.434371 0.582859
vt 0.436191 0.582859
vt 0.434371 0.567034
vt 0.436191 0.536723
vt 0.434371 0.535784
vt 0.436191 0.567973
vt 0.431831 0.601376
vt 0.431831 0.601376
vt 0.438731 0.601376
vt 0.438731 0.601376
vt 0.410816 0.601201
vt 0.410346 0.599675
vt 0.433426 0.648796
vt 0.433426 0.645721
vt 0.433426 0.645721
vt 0.433426 0.648796
vt 0.433426 0.640746
vt 0.433426 0.635771
vt 0.433426 0.635771
vt 0.433426 0.640746
vt 0.433426 0.640746
vt 0.433426 0.645721
vt 0.433426 0.645721
vt 0.433426 0.640746
vt 0.433426 0.632696
vt 0.433426 0.632696
vt 0.433426 0.632696
vt 0.433426 0.632696
vt 0.433426 0.648796
vt 0.433426 0.648796
vt 0.433426 0.635771
vt 0.433426 0.635771
vt 0.809994 0.593945
vt 0.817866 0.587552
vt 0.817866 0.587552
vt 0.833254 0.590059
vt 0.834955 0.594788
vt 0.821973 0.594350
vt 0.821398 0.588127
vt 0.836376 0.640746
vt 0.836112 0.634136
vt 0.822411 0.634001
vt 0.822515 0.640746
vt 0.809994 0.625195
vt 0.821973 0.594350
vt 0.821398 0.588127
vt 0.819428 0.640746
vt 0.819428 0.640746
vt 0.821767 0.640746
vt 0.821767 0.640746
vt 0.822493 0.640746
vt 0.836335 0.640746
vt 0.836302 0.640746
vt 0.822475 0.640746
vt 0.810345 0.640746
vt 0.810345 0.640746
vt 0.810216 0.640746
vt 0.810216 0.640746
vt 0.836294 0.640746
vt 0.836294 0.640746
vt 0.822471 0.640746
vt 0.822471 0.640746
vt 0.834955 0.626038
vt 0.836376 0.640746
vt 0.810194 0.637123
vt 0.818586 0.625486
vt 0.811041 0.640746
vt 0.818954 0.640746
vt 0.836335 0.640746
vt 0.822493 0.640746
vt 0.822475 0.640746
vt 0.836302 0.640746
vt 0.837684 0.640746
vt 0.837630 0.640746
vt 0.821973 0.625600
vt 0.822515 0.640746
vt 0.822411 0.634002
vt 0.837684 0.640746
vt 0.837630 0.640746
vt 0.818586 0.625485
vt 0.818586 0.594236
vt 0.821973 0.625600
vt 0.821779 0.609496
vt 0.821828 0.609496
vt 0.822493 0.609496
vt 0.822475 0.609496
vt 0.821333 0.594292
vt 0.820735 0.588019
vt 0.818529 0.587660
vt 0.819226 0.594294
vt 0.821333 0.625509
vt 0.821784 0.634000
vt 0.819699 0.633970
vt 0.819226 0.625578
vt 0.821767 0.609496
vt 0.821767 0.609496
vt 0.822471 0.609496
vt 0.822471 0.609496
vt 0.819699 0.633969
vt 0.819809 0.640746
vt 0.821889 0.640746
vt 0.821784 0.634001
vt 0.819226 0.625578
vt 0.821333 0.625509
vt 0.813868 0.640746
vt 0.811182 0.640746
vt 0.818526 0.587632
vt 0.820737 0.588047
vt 0.819809 0.640746
vt 0.821889 0.640746
vt 0.819226 0.594294
vt 0.821333 0.594292
vt 0.818586 0.594235
vt 0.821889 0.609496
vt 0.822515 0.609496
vt 0.821828 0.609496
vt 0.821779 0.609496
vt 0.822475 0.609496
vt 0.822493 0.609496
vt 0.820735 0.556769
vt 0.821333 0.563042
vt 0.821973 0.563100
vt 0.821398 0.556877
vt 0.819226 0.563044
vt 0.818529 0.556410
vt 0.817866 0.556302
vt 0.818586 0.562985
vt 0.821784 0.602750
vt 0.822411 0.602752
vt 0.819699 0.602720
vt 0.819072 0.602719
vt 0.818754 0.640746
vt 0.821828 0.640746
vt 0.821779 0.640746
vt 0.819461 0.640746
vt 0.819618 0.640746
vt 0.819809 0.609496
vt 0.819699 0.602719
vt 0.819072 0.602719
vt 0.819183 0.609496
vt 0.821784 0.602751
vt 0.821889 0.609496
vt 0.822515 0.609496
vt 0.822411 0.602751
vt 0.819618 0.609496
vt 0.818954 0.609496
vt 0.813868 0.640746
vt 0.818754 0.640746
vt 0.818526 0.556382
vt 0.817866 0.556302
vt 0.820737 0.556797
vt 0.821398 0.556877
vt 0.819809 0.609496
vt 0.819183 0.609496
vt 0.819226 0.563044
vt 0.818586 0.562986
vt 0.821333 0.563042
vt 0.821973 0.563100
vt 0.810475 0.640746
vt 0.810475 0.640746
vt 0.819428 0.609496
vt 0.819428 0.609496
vt 0.818724 0.609496
vt 0.818724 0.609496
vt 0.809529 0.640746
vt 0.464170 0.606958
vt 0.464170 0.603832
vt 0.464170 0.603832
vt 0.464170 0.606958
vt 0.464170 0.609554
vt 0.464170 0.606428
vt 0.464170 0.606428
vt 0.464170 0.609554
vt 0.464170 0.603832
vt 0.403445 0.603832
vt 0.403445 0.606958
vt 0.464170 0.606958
vt 0.464170 0.614505
vt 0.464170 0.622053
vt 0.464170 0.622053
vt 0.464170 0.614505
vt 0.464170 0.606428
vt 0.464170 0.598880
vt 0.464170 0.598880
vt 0.464170 0.606428
vt 0.464170 0.606958
vt 0.403445 0.606958
vt 0.464170 0.606958
vt 0.464170 0.606958
vt 0.464170 0.588207
vt 0.464170 0.591333
vt 0.464170 0.591333
vt 0.464170 0.588207
vt 0.464170 0.614505
vt 0.403445 0.614505
vt 0.464170 0.622053
vt 0.464170 0.614505
vt 0.464170 0.614505
vt 0.464170 0.622053
vt 0.464170 0.598880
vt 0.464170 0.598880
vt 0.464170 0.622053
vt 0.403445 0.622053
vt 0.464170 0.625179
vt 0.464170 0.625179
vt 0.464170 0.588207
vt 0.464170 0.591333
vt 0.464170 0.591333
vt 0.464170 0.588207
vt 0.464170 0.625179
vt 0.403445 0.625179
vt 0.464170 0.606428
vt 0.464170 0.606428
vt 0.464170 0.622053
vt 0.403445 0.622053
vt 0.464170 0.598880
vt 0.464170 0.606428
vt 0.464170 0.606428
vt 0.464170 0.598880
vt 0.464170 0.614505
vt 0.403445 0.614505
vt 0.464170 0.609554
vt 0.464170 0.609554
vt 0.464170 0.622053
vt 0.464170 0.625179
vt 0.464170 0.625179
vt 0.464170 0.622053
vt 0.464170 0.606958
vt 0.464170 0.603832
vt 0.464170 0.603832
vt 0.464170 0.606958
vt 0.464170 0.606958
vt 0.464170 0.614505
vt 0.464170 0.614505
vt 0.464170 0.606958
vt 0.464170 0.622053
vt 0.464170 0.622053
vt 0.464170 0.614505
vt 0.464170 0.614505
vt 0.464170 0.598880
vt 0.464170 0.598880
vt 0.464170 0.591333
vt 0.464170 0.591333
vt 0.464170 0.591333
vt 0.464170 0.591333
vt 0.464170 0.598880
vt 0.464170 0.598880
vt 0.464170 0.606428
vt 0.464169 0.604913
vt 0.464170 0.609554
vt 0.464170 0.607411
vt 0.464170 0.606428
vt 0.464170 0.598880
vt 0.464170 0.591333
vt 0.464169 0.592848
vt 0.464170 0.588207
vt 0.464170 0.590350
vt 0.464170 0.591333
vt 0.462847 0.653529
vt 0.463782 0.653529
vt 0.463782 0.650375
vt 0.462847 0.650375
vt 0.463782 0.648427
vt 0.462847 0.648427
vt 0.463782 0.648427
vt 0.462847 0.648427
vt 0.463782 0.650375
vt 0.462847 0.650375
vt 0.463782 0.653529
vt 0.462847 0.653529
vt 0.463782 0.656682
vt 0.462847 0.656682
vt 0.462847 0.656682
vt 0.463782 0.656682
vt 0.462847 0.653529
vt 0.462847 0.651568
vt 0.463782 0.651568
vt 0.463782 0.653529
vt 0.462847 0.650356
vt 0.463782 0.650356
vt 0.462847 0.650356
vt 0.462847 0.651568
vt 0.463782 0.651568
vt 0.463782 0.650356
vt 0.462847 0.653529
vt 0.463782 0.653529
vt 0.462847 0.655490
vt 0.463782 0.655490
vt 0.462847 0.655490
vt 0.463782 0.655490
vt 0.463782 0.619125
vt 0.463782 0.620318
vt 0.463782 0.619106
vt 0.463782 0.617177
vt 0.462847 0.622279
vt 0.462847 0.622279
vt 0.462847 0.620318
vt 0.462847 0.619125
vt 0.462847 0.622279
vt 0.462847 0.622279
vt 0.462847 0.624240
vt 0.462847 0.625432
vt 0.463782 0.619125
vt 0.463782 0.620318
vt 0.463782 0.622279
vt 0.463782 0.622279
vt 0.463782 0.625432
vt 0.463782 0.624240
vt 0.463782 0.622279
vt 0.463782 0.622279
vt 0.462847 0.617177
vt 0.462847 0.619106
vt 0.462847 0.619106
vt 0.462847 0.617177
vt 0.462847 0.619125
vt 0.462847 0.620318
vt 0.463782 0.619106
vt 0.463782 0.617177
vt 0.462847 0.625432
vt 0.462847 0.624240
vt 0.463782 0.624240
vt 0.463782 0.625432
vt 0.790473 0.651845
vt 0.790473 0.651845
vt 0.785138 0.646289
vt 0.781274 0.642371
vt 0.781274 0.642371
vt 0.785138 0.646289
vt 0.781274 0.611121
vt 0.790473 0.620595
vt 0.819618 0.640746
vt 0.819461 0.640746
vt 0.821779 0.640746
vt 0.821828 0.640746
vt 0.819618 0.609496
vt 0.818954 0.609496
vt 0.818724 0.640746
vt 0.818724 0.640746
vt 0.813344 0.640746
vt 0.813344 0.640746
vt 0.819461 0.609496
vt 0.818754 0.609496
vt 0.819461 0.609496
vt 0.818754 0.609496
vt 0.809529 0.640746
vt 0.811182 0.640746
vt 0.403445 0.614505
vt 0.403445 0.608104
vt 0.403445 0.605452
vt 0.403445 0.620907
vt 0.403445 0.623559
vt 0.462847 0.653529
vt 0.463782 0.653529
vt 0.463782 0.650375
vt 0.462847 0.650375
vt 0.463782 0.648427
vt 0.462847 0.648427
vt 0.463782 0.648427
vt 0.462847 0.648427
vt 0.463782 0.650375
vt 0.462847 0.650375
vt 0.463782 0.653529
vt 0.462847 0.653529
vt 0.463782 0.656682
vt 0.462847 0.656682
vt 0.462847 0.656682
vt 0.463782 0.656682
vt 0.462847 0.653529
vt 0.462847 0.651568
vt 0.463782 0.651568
vt 0.463782 0.653529
vt 0.462847 0.650356
vt 0.463782 0.650356
vt 0.462847 0.650356
vt 0.462847 0.651568
vt 0.463782 0.651568
vt 0.463782 0.650356
vt 0.462847 0.653529
vt 0.463782 0.653529
vt 0.462847 0.655490
vt 0.463782 0.655490
vt 0.462847 0.655490
vt 0.463782 0.655490
vt 0.463782 0.619125
vt 0.463782 0.620318
vt 0.463782 0.619106
vt 0.463782 0.617177
vt 0.462847 0.622279
vt 0.462847 0.622279
vt 0.462847 0.620318
vt 0.462847 0.619125
vt 0.462847 0.622279
vt 0.462847 0.622279
vt 0.462847 0.624240
vt 0.462847 0.625432
vt 0.463782 0.619125
vt 0.463782 0.620318
vt 0.463782 0.622279
vt 0.463782 0.622279
vt 0.463782 0.625432
vt 0.463782 0.624240
vt 0.463782 0.622279
vt 0.463782 0.622279
vt 0.462847 0.617177
vt 0.462847 0.619106
vt 0.462847 0.619106
vt 0.462847 0.617177
vt 0.462847 0.619125
vt 0.462847 0.620318
vt 0.463782 0.619106
vt 0.463782 0.617177
vt 0.462847 0.625432
vt 0.462847 0.624240
vt 0.463782 0.624240
vt 0.463782 0.625432
vt 0.544909 0.606538
vt 0.544824 0.605313
vt 0.543248 0.605602
vt 0.543743 0.606531
vt 0.544744 0.613553
vt 0.543768 0.613090
vt 0.555036 0.614802
vt 0.555040 0.616065
vt 0.548236 0.615905
vt 0.548344 0.614509
vt 0.564628 0.606409
vt 0.564656 0.614159
vt 0.559814 0.614666
vt 0.559785 0.607528
vt 0.543743 0.606531
vt 0.543768 0.613090
vt 0.543280 0.613763
vt 0.559785 0.607528
vt 0.564628 0.606409
vt 0.564678 0.604920
vt 0.559778 0.606189
vt 0.564656 0.614159
vt 0.559814 0.614666
vt 0.559817 0.616004
vt 0.564722 0.615620
vt 0.544647 0.614679
vt 0.544909 0.606538
vt 0.544744 0.613553
vt 0.555007 0.608065
vt 0.555004 0.606802
vt 0.548770 0.605778
vt 0.548735 0.607161
vt 0.555036 0.614802
vt 0.548344 0.614509
vt 0.555007 0.608065
vt 0.548735 0.607161
vt 0.412771 0.625464
vt 0.414310 0.625464
vt 0.414310 0.619965
vt 0.412771 0.619530
vt 0.414310 0.616566
vt 0.412771 0.615798
vt 0.414310 0.616566
vt 0.412771 0.615798
vt 0.414310 0.619965
vt 0.412771 0.619530
vt 0.414310 0.625464
vt 0.412771 0.625464
vt 0.414310 0.630963
vt 0.412771 0.631398
vt 0.414310 0.634361
vt 0.412771 0.635130
vt 0.414310 0.634361
vt 0.412771 0.635130
vt 0.414310 0.630963
vt 0.412771 0.631398
vt 0.411513 0.578589
vt 0.411235 0.578589
vt 0.411235 0.573090
vt 0.414032 0.578589
vt 0.414310 0.573090
vt 0.414310 0.578589
vt 0.411235 0.569691
vt 0.414310 0.569691
vt 0.411235 0.569691
vt 0.414310 0.569691
vt 0.411235 0.573090
vt 0.414310 0.573090
vt 0.411235 0.578589
vt 0.414310 0.578589
vt 0.411235 0.584088
vt 0.414310 0.584088
vt 0.411235 0.587486
vt 0.414310 0.587486
vt 0.411235 0.587486
vt 0.414310 0.587486
vt 0.411235 0.584088
vt 0.414310 0.584088
vt 0.411235 0.630963
vt 0.411235 0.625464
vt 0.411235 0.634361
vt 0.411235 0.634361
vt 0.411235 0.630963
vt 0.411235 0.625464
vt 0.411235 0.619965
vt 0.411235 0.616566
vt 0.411235 0.616566
vt 0.411235 0.619965
vt 0.413569 0.602484
vt 0.413569 0.616499
vt 0.413569 0.616499
vt 0.413569 0.633734
vt 0.440355 0.633734
vt 0.440439 0.647749
vt 0.413569 0.647749
vt 0.470658 0.616499
vt 0.440439 0.616499
vt 0.440439 0.616499
vt 0.413569 0.616499
vt 0.413569 0.647749
vt 0.440439 0.647749
vt 0.470658 0.647749
vt 0.468349 0.642386
vt 0.451949 0.634801
vt 0.461782 0.637839
vt 0.440439 0.616499
vn 0.0000 0.7727 -0.6348
vn 0.0000 0.7178 -0.6962
vn -0.0000 -0.9999 0.0165
vn -0.0000 -0.9803 0.1976
vn 0.7800 -0.6184 0.0961
vn 0.7819 -0.6153 0.1000
vn 0.9821 -0.1864 0.0249
vn 0.7734 -0.6302 0.0686
vn 0.9431 0.2471 -0.2226
vn 0.9419 0.2452 -0.2294
vn 0.9590 0.2795 -0.0473
vn -0.9821 -0.1865 0.0249
vn -0.9590 0.2795 -0.0473
vn -0.9419 0.2452 -0.2294
vn -0.9431 0.2471 -0.2226
vn -0.7734 -0.6302 0.0686
vn -0.7819 -0.6153 0.1000
vn -0.7799 -0.6184 0.0961
vn -0.0000 0.9318 -0.3629
vn -0.0000 0.9958 -0.0913
vn -0.0000 -0.8394 0.5435
vn 0.9999 -0.0122 -0.0085
vn 0.9987 0.0375 -0.0331
vn 0.9775 -0.0949 0.1883
vn 0.9685 -0.0754 0.2375
vn -0.9789 0.1398 -0.1490
vn -0.9987 0.0375 -0.0331
vn -0.9775 -0.0949 0.1883
vn -0.9940 -0.1046 0.0322
vn -0.0000 -0.6129 0.7902
vn 0.8753 -0.4226 0.2351
vn 0.9305 -0.3662 0.0138
vn 0.9318 0.1845 -0.3126
vn 0.9315 0.1860 -0.3126
vn 0.8364 -0.4946 0.2362
vn 0.8319 -0.5089 0.2216
vn 0.8639 -0.3307 0.3799
vn 0.9940 -0.1046 0.0322
vn 0.9789 0.1398 -0.1490
vn -0.8318 -0.5089 0.2216
vn -0.8364 -0.4946 0.2363
vn -0.9315 0.1860 -0.3126
vn -0.9318 0.1845 -0.3127
vn -0.8639 -0.3307 0.3800
vn -0.0000 -0.4510 0.8925
vn -0.0000 -0.2260 0.9741
vn -0.8583 -0.2238 0.4618
vn 0.3436 -0.9235 0.1707
vn 0.3837 -0.9224 0.0435
vn -0.8753 -0.4226 0.2351
vn -0.9305 -0.3662 0.0138
vn -0.3837 -0.9224 0.0435
vn -0.3436 -0.9235 0.1707
vn -0.3602 -0.9054 0.2247
vn 0.3602 -0.9054 0.2247
vn 1.0000 -0.0000 0.0000
vn 0.9999 0.0142 0.0043
vn 0.8545 -0.1305 0.5028
vn 0.8583 -0.2238 0.4617
vn -0.9999 -0.0122 -0.0085
vn -0.9685 -0.0754 0.2375
vn -0.8544 -0.1306 0.5029
vn 0.0000 -0.0619 0.9981
vn 0.9332 0.3594 0.0007
vn 0.5737 -0.5704 0.5877
vn -0.5737 -0.5705 0.5878
vn 0.0000 0.9824 0.1866
vn 0.0000 0.9945 0.1048
vn -0.6633 -0.7280 0.1735
vn 0.6633 -0.7280 0.1735
vn -1.0000 -0.0000 -0.0000
vn -0.9332 0.3594 0.0007
vn -0.9999 0.0142 0.0043
vn 0.3723 -0.8640 0.3390
vn 0.6806 -0.6855 0.2586
vn -0.4218 -0.8177 0.3916
vn 0.4218 -0.8177 0.3916
vn -0.3723 -0.8640 0.3390
vn -0.9600 0.2767 -0.0440
vn -0.9893 0.1428 -0.0291
vn -0.6806 -0.6855 0.2586
vn -0.6867 -0.6550 0.3153
vn 0.0000 -0.1245 -0.9922
vn 0.9893 0.1428 -0.0291
vn 0.9600 0.2767 -0.0440
vn -0.0000 -0.9152 -0.4030
vn 0.6867 -0.6551 0.3153
vn -0.8009 0.5980 -0.0301
vn -0.8388 0.5406 -0.0647
vn 0.0000 -0.9999 0.0140
vn -0.0000 1.0000 0.0082
vn -0.0000 -0.1024 0.9947
vn 0.0000 -0.4886 0.8725
vn -0.7509 -0.6596 -0.0339
vn -0.9176 -0.3937 -0.0547
vn -0.9340 -0.3572 0.0037
vn -0.7864 -0.6178 0.0061
vn 0.8002 -0.5966 0.0615
vn 0.4693 -0.7834 0.4075
vn 0.2858 -0.9513 0.1152
vn 0.9566 0.2897 -0.0323
vn 0.9906 0.1352 -0.0190
vn -0.9345 0.0012 0.3560
vn -0.9173 0.0845 0.3892
vn -0.9809 0.1866 -0.0557
vn -0.9947 0.0716 -0.0737
vn 0.0000 -0.9998 0.0191
vn -0.9096 0.1788 0.3751
vn -0.9914 0.1303 -0.0139
vn -0.9906 0.1352 -0.0190
vn -0.9566 0.2897 -0.0323
vn -0.4693 -0.7834 0.4075
vn -0.2858 -0.9514 0.1152
vn -0.0000 0.8064 -0.5914
vn -0.0000 0.9979 -0.0641
vn 0.0000 0.4166 -0.9091
vn 1.0000 0.0003 -0.0003
vn 1.0000 0.0002 -0.0002
vn 0.9991 -0.0385 0.0149
vn 0.9994 -0.0333 0.0129
vn 0.0000 -0.5624 -0.8269
vn 0.0000 -0.5306 -0.8476
vn -0.9991 -0.0385 0.0149
vn -1.0000 0.0002 -0.0002
vn -1.0000 0.0003 -0.0003
vn -0.9994 -0.0333 0.0129
vn -1.0000 0.0005 -0.0005
vn 0.0000 -0.4962 -0.8682
vn 0.0000 -0.4926 -0.8702
vn -0.0000 0.2770 0.9609
vn 0.0000 0.1971 0.9804
vn 0.0000 0.1705 0.9854
vn -0.0000 0.3327 0.9430
vn 0.9964 -0.0787 0.0305
vn 1.0000 0.0005 -0.0005
vn 1.0000 0.0013 -0.0062
vn 0.9998 0.0079 -0.0164
vn 0.9998 0.0075 -0.0158
vn 1.0000 0.0012 -0.0060
vn -0.9989 -0.0405 -0.0243
vn -0.9986 -0.0473 -0.0240
vn -0.9972 -0.0706 -0.0232
vn -1.0000 0.0012 -0.0060
vn -0.9998 0.0075 -0.0158
vn -0.9998 0.0079 -0.0164
vn -1.0000 0.0013 -0.0062
vn 0.0000 -0.8171 0.5765
vn 0.0000 -0.9988 0.0481
vn 0.0000 0.2192 -0.9757
vn 0.9989 -0.0405 -0.0243
vn 0.9986 -0.0473 -0.0240
vn 0.9999 -0.0080 -0.0150
vn 0.9999 -0.0072 -0.0140
vn 0.0000 -0.4689 0.8833
vn 0.0000 -0.3041 0.9526
vn 0.0000 -0.9050 -0.4254
vn -0.9996 0.0134 -0.0237
vn 0.9996 0.0134 -0.0237
vn -0.0000 0.9209 0.3899
vn -0.9999 -0.0072 -0.0140
vn -0.9999 -0.0080 -0.0150
vn 0.0000 -0.7981 -0.6025
vn -0.0000 0.8313 0.5558
vn -0.0000 0.4400 -0.8980
vn -0.0000 -0.8077 -0.5895
vn -0.0000 -0.7615 -0.6481
vn -1.0000 0.0048 -0.0082
vn -0.9949 0.0454 -0.0896
vn -0.9945 0.0472 -0.0934
vn -0.9999 0.0055 -0.0093
vn -1.0000 -0.0000 0.0003
vn -1.0000 -0.0001 0.0005
vn 0.0000 0.9586 0.2848
vn -1.0000 -0.0001 0.0007
vn 0.9805 0.0872 -0.1760
vn 0.9949 0.0454 -0.0896
vn 0.9945 0.0472 -0.0934
vn 1.0000 -0.0001 0.0007
vn 1.0000 -0.0000 0.0003
vn 1.0000 -0.0001 0.0005
vn 0.0000 0.9271 0.3749
vn 0.0000 0.9255 0.3787
vn -0.9805 0.0872 -0.1760
vn 0.0000 0.9555 0.2952
vn 0.0000 0.9633 0.2683
vn 0.0000 0.9386 0.3449
vn 0.9999 0.0055 -0.0093
vn 1.0000 0.0048 -0.0082
vn 0.0000 -0.7437 -0.6685
vn 0.0000 -0.8476 -0.5306
vn 0.0000 -0.8614 -0.5079
vn -0.0000 -0.9014 0.4330
vn 0.0000 0.0110 -0.9999
vn 0.0000 0.8563 -0.5164
vn 0.9972 -0.0706 -0.0232
vn 0.8670 0.4882 -0.0996
vn 0.8388 0.5406 -0.0647
vn 0.9340 -0.3572 0.0037
vn 0.7864 -0.6177 0.0061
vn -0.8002 -0.5966 0.0615
vn -0.9573 -0.2250 0.1814
vn -0.9700 -0.2203 0.1028
vn 0.9176 -0.3937 -0.0547
vn 0.9947 0.0716 -0.0737
vn 0.9173 0.0845 0.3892
vn 0.9345 0.0012 0.3560
vn 0.9809 0.1866 -0.0557
vn 0.9974 0.0000 -0.0723
vn 0.8069 -0.5862 -0.0723
vn 0.3082 -0.9486 -0.0723
vn -0.3082 -0.9486 -0.0723
vn -0.8069 -0.5862 -0.0723
vn -0.9974 -0.0000 -0.0723
vn -0.8069 0.5862 -0.0723
vn -0.3082 0.9486 -0.0723
vn 0.3082 0.9486 -0.0723
vn -0.7854 -0.5706 0.2401
vn -0.3000 -0.9232 0.2401
vn -0.7853 -0.5706 0.2401
vn 0.8069 0.5862 -0.0723
vn -0.1613 0.4965 0.8529
vn 0.1613 0.4965 0.8529
vn -0.3090 -0.9511 -0.0000
vn -0.8090 -0.5878 0.0000
vn -0.4223 0.3068 0.8529
vn -0.5220 -0.0000 0.8529
vn -0.4223 -0.3068 0.8529
vn -0.1613 -0.4965 0.8529
vn 0.5220 0.0000 0.8529
vn 0.4223 -0.3068 0.8529
vn 0.1613 -0.4965 0.8529
vn 0.4223 0.3068 0.8529
vn 0.8090 0.5878 -0.0000
vn 0.8090 -0.5878 -0.0000
vn 0.3090 -0.9511 -0.0000
vn -0.3090 0.9511 0.0000
vn 0.3090 0.9511 0.0000
vn -0.8090 0.5878 0.0000
vn 0.0329 -0.0239 0.9992
vn 0.0407 -0.0000 0.9992
vn -0.2037 0.0000 0.9790
vn -0.1648 0.1197 0.9790
vn 0.0329 0.0239 0.9992
vn -0.1648 -0.1197 0.9790
vn 0.0126 0.0387 0.9992
vn -0.0629 -0.1937 0.9790
vn -0.0126 0.0387 0.9992
vn 0.0629 -0.1937 0.9790
vn -0.0329 0.0239 0.9992
vn 0.1648 -0.1197 0.9790
vn -0.0407 0.0000 0.9992
vn 0.2037 0.0000 0.9790
vn -0.0329 -0.0239 0.9992
vn 0.1648 0.1197 0.9790
vn -0.0126 -0.0387 0.9992
vn 0.0629 0.1937 0.9790
vn 0.0126 -0.0387 0.9992
vn -0.0629 0.1937 0.9790
vn -0.4221 0.3067 0.8531
vn -0.5218 -0.0000 0.8531
vn 0.0000 0.0000 1.0000
vn -0.7853 0.5706 0.2401
vn -0.9707 0.0000 0.2401
vn 0.9708 0.0000 0.2401
vn 0.7854 0.5706 0.2401
vn 0.3000 -0.9232 0.2401
vn -0.3000 0.9232 0.2401
vn 0.3000 0.9232 0.2401
vn 0.7854 -0.5706 0.2401
vn 0.5218 0.0000 0.8531
vn 0.4221 0.3067 0.8531
vn -0.1612 -0.4962 0.8531
vn 0.1612 -0.4962 0.8531
vn -0.1612 0.4962 0.8531
vn 0.1612 0.4962 0.8531
vn 0.4221 -0.3067 0.8531
vn -0.4221 -0.3067 0.8531
vn -0.9511 0.3090 0.0000
vn 0.9511 0.3090 -0.0000
vn 0.9511 -0.3090 -0.0000
vn -0.9511 -0.3090 0.0000
vn 0.0000 0.0000 -1.0000
vn 0.5878 0.8090 0.0000
vn -0.5878 0.8090 0.0000
vn 0.3822 0.0000 -0.9241
vn 0.3092 0.2247 -0.9241
vn 0.1183 0.3640 0.9238
vn 0.3097 0.2250 0.9238
vn 0.1181 0.3635 -0.9241
vn -0.1181 0.3635 -0.9241
vn 0.3828 -0.0000 0.9238
vn -0.3092 0.2247 -0.9241
vn -0.3822 0.0000 -0.9241
vn -0.1183 0.3640 0.9238
vn -0.3828 -0.0000 0.9238
vn -0.3097 0.2250 0.9238
vn -0.3092 -0.2247 -0.9241
vn 0.3097 -0.2250 0.9238
vn 0.1183 -0.3640 0.9238
vn -0.1183 -0.3640 0.9238
vn 0.3092 -0.2247 -0.9241
vn -0.1181 -0.3635 -0.9241
vn 0.1181 -0.3635 -0.9241
vn -0.3097 -0.2250 0.9238
vn 0.5355 -0.0000 -0.8446
vn 0.4332 -0.3147 -0.8445
vn 0.2657 -0.1931 -0.9445
vn 0.3285 0.0000 -0.9445
vn 0.1655 -0.5093 -0.8445
vn 0.1015 -0.3124 -0.9445
vn -0.1655 -0.5093 -0.8445
vn -0.1015 -0.3124 -0.9445
vn -0.4332 -0.3147 -0.8445
vn -0.2657 -0.1931 -0.9445
vn -0.5355 0.0000 -0.8445
vn -0.3285 0.0000 -0.9445
vn -0.4332 0.3147 -0.8445
vn -0.2657 0.1931 -0.9445
vn -0.1655 0.5093 -0.8445
vn -0.1015 0.3124 -0.9445
vn 0.1655 0.5093 -0.8445
vn 0.1015 0.3124 -0.9445
vn 0.4332 0.3147 -0.8446
vn 0.2657 0.1931 -0.9445
vn -0.9625 -0.1870 -0.1967
vn -0.6223 -0.1209 -0.7734
vn -0.5727 -0.5677 -0.5914
vn -0.0932 -0.0181 -0.9955
vn 0.5296 0.1029 -0.8420
vn 0.6026 -0.5540 -0.5744
vn -0.0182 -0.6932 -0.7206
vn 0.5919 0.1150 -0.7977
vn 0.4195 0.7304 -0.5391
vn 0.0016 0.7207 -0.6933
vn 0.1054 0.4103 -0.9058
vn 0.6625 -0.5201 -0.5391
vn -0.6238 -0.7667 -0.1522
vn 0.5274 -0.8466 0.0715
vn -0.0954 -0.9938 -0.0568
vn 0.2441 0.0474 0.9686
vn 0.4165 -0.5679 0.7099
vn -0.0017 -0.7207 0.6933
vn -0.1054 -0.4103 0.9058
vn 0.5898 -0.8030 0.0854
vn -0.7457 -0.6013 0.2871
vn 0.3482 -0.6034 0.7174
vn -0.2796 -0.7440 0.6069
vn 0.2514 -0.3410 -0.9058
vn 0.2714 -0.6676 -0.6933
vn -0.8670 -0.1685 0.4691
vn 0.1698 0.0330 0.9849
vn -0.4629 -0.0899 0.8818
vn 0.2462 0.9655 0.0854
vn -0.1023 0.9213 -0.3752
vn -0.9166 0.2783 0.2871
vn 0.0969 0.6899 0.7174
vn -0.5379 0.5851 0.6069
vn 0.1023 -0.9213 0.3752
vn 0.1735 0.6826 0.7099
vn -0.8655 0.4773 -0.1522
vn 0.1720 0.9825 0.0715
vn -0.4607 0.8858 -0.0568
vn -0.2714 0.6676 0.6933
vn -0.2501 0.8926 0.3752
vn -0.7436 0.3119 -0.5914
vn 0.3512 0.7394 -0.5744
vn -0.2765 0.6359 -0.7206
vn 0.2501 -0.8926 -0.3752
vn -0.2514 0.3410 0.9058
vn 0.9672 0.2539 -0.0000
vn 0.9840 -0.1781 -0.0000
vn -0.9672 0.2539 0.0000
vn -0.9840 -0.1781 0.0000
vn -0.7676 0.6410 0.0000
vn -0.3035 0.9528 0.0000
vn 0.3035 0.9528 0.0000
vn 0.7676 0.6410 0.0000
vn 0.7700 -0.6381 -0.0000
vn 0.3055 -0.9522 -0.0000
vn -0.3055 -0.9522 0.0000
vn -0.7700 -0.6381 0.0000
vn -0.0785 0.2515 -0.9647
vn -0.1922 0.1634 -0.9677
vn -0.3297 0.2706 -0.9045
vn -0.1335 0.4125 -0.9011
vn 0.0659 -0.2090 -0.9757
vn 0.1607 -0.1353 -0.9777
vn 0.2766 -0.2257 -0.9341
vn 0.1120 -0.3441 -0.9322
vn -0.1924 0.1636 0.9676
vn -0.0786 0.2518 0.9646
vn -0.1337 0.4129 0.9009
vn -0.3300 0.2708 0.9043
vn 0.1608 -0.1354 0.9776
vn 0.0660 -0.2093 0.9756
vn 0.1121 -0.3445 0.9321
vn 0.2769 -0.2259 0.9340
vn -0.2098 -0.0370 0.9770
vn -0.2216 0.0610 0.9732
vn -0.3897 0.1003 0.9155
vn -0.3591 -0.0626 0.9312
vn 0.2213 0.0610 -0.9733
vn 0.1922 0.1634 -0.9677
vn 0.3297 0.2706 -0.9045
vn 0.3893 0.1002 -0.9156
vn -0.2096 -0.0370 -0.9771
vn -0.1607 -0.1353 -0.9777
vn -0.2766 -0.2257 -0.9341
vn -0.3587 -0.0625 -0.9314
vn -0.2213 0.0610 -0.9733
vn -0.3893 0.1002 -0.9156
vn 0.1924 0.1636 0.9676
vn 0.2216 0.0610 0.9732
vn 0.3897 0.1003 0.9155
vn 0.3300 0.2708 0.9043
vn -0.1608 -0.1354 0.9776
vn -0.2769 -0.2259 0.9340
vn 0.0785 0.2515 -0.9647
vn 0.1335 0.4125 -0.9011
vn -0.0659 -0.2090 -0.9757
vn -0.1120 -0.3441 -0.9322
vn 0.2096 -0.0370 -0.9771
vn 0.3587 -0.0625 -0.9314
vn 0.0786 0.2518 0.9646
vn 0.1337 0.4129 0.9009
vn -0.0660 -0.2093 0.9756
vn -0.1121 -0.3445 0.9321
vn 0.2098 -0.0370 0.9770
vn 0.3590 -0.0626 0.9312
vn -0.9906 -0.1369 -0.0000
vn -0.9625 -0.2712 -0.0000
vn 0.9906 -0.1369 0.0000
vn 0.9625 -0.2712 0.0000
vn 0.0000 1.0000 -0.0000
vn 0.0000 -1.0000 0.0000
vn -0.2403 -0.9679 0.0739
vn 0.2403 -0.9679 0.0739
vn 0.2448 -0.9668 0.0738
vn -0.2448 -0.9668 0.0738
vn -0.2404 0.0000 -0.9707
vn 0.2404 0.0000 -0.9707
vn 0.2357 0.0000 -0.9718
vn -0.2357 0.0000 -0.9718
vn 0.2404 0.0000 0.9707
vn -0.2404 0.0000 0.9707
vn -0.2448 0.0000 0.9696
vn 0.2448 0.0000 0.9696
vn -0.2357 -0.9690 0.0740
vn 0.2357 -0.9690 0.0740
vn -0.5734 0.8193 -0.0000
vn -0.5734 0.0000 -0.8193
vn -0.5734 -0.8169 0.0623
vn -0.5734 0.0000 0.8193
vn 0.5733 0.8193 0.0000
vn 0.5734 0.0000 0.8193
vn 0.5733 -0.8169 0.0623
vn 0.5733 0.0000 -0.8193
vn 0.5733 0.0000 0.8193
vn -0.5733 0.0000 0.8193
vn -0.9964 -0.0787 0.0305
vn -0.3076 0.9467 0.0960
vn -0.8053 0.5851 0.0960
vn -0.9954 -0.0000 0.0960
vn -0.8053 -0.5851 0.0960
vn 0.9954 0.0000 0.0960
vn 0.8053 0.5851 0.0960
vn -0.3076 -0.9467 0.0960
vn 0.3076 -0.9467 0.0960
vn 0.3076 0.9467 0.0960
vn 0.8053 -0.5851 0.0960
vn 0.7509 -0.6595 -0.0339
vn 0.3763 -0.8775 0.2972
vn -0.3763 -0.8775 0.2972
vn -0.8206 -0.4796 -0.3108
vn -0.3463 -0.9009 -0.2616
vn 0.9954 0.0209 0.0934
vn 0.9700 -0.2203 0.1028
vn 0.9338 -0.0961 -0.3447
vn 0.9319 0.0655 -0.3568
vn 0.8206 -0.4796 -0.3108
vn 0.3463 -0.9009 -0.2616
vn 0.1991 0.9489 0.2448
vn -0.1991 0.9489 0.2448
vn -0.2149 0.9470 -0.2387
vn 0.2149 0.9470 -0.2387
vn -0.9244 0.1882 -0.3317
vn -0.9747 0.2109 0.0736
vn -0.7950 0.6010 0.0816
vn -0.7618 0.5798 -0.2889
vn 0.9847 0.0029 0.1741
vn 0.9573 -0.2249 0.1814
vn -0.0000 0.5447 -0.8386
vn -0.0000 0.5230 -0.8523
vn -0.3246 0.9454 0.0290
vn 0.3246 0.9454 0.0290
vn 0.2837 0.9284 -0.2398
vn -0.2837 0.9284 -0.2398
vn -0.9847 0.0029 0.1741
vn -0.9954 0.0209 0.0934
vn -0.8476 -0.4148 0.3310
vn 0.9914 0.1303 -0.0139
vn 0.9096 0.1788 0.3751
vn 0.9747 0.2109 0.0736
vn 0.9244 0.1882 -0.3317
vn 0.7618 0.5798 -0.2889
vn 0.7950 0.6010 0.0816
vn 0.9670 0.2049 0.1516
vn 0.8453 0.5102 0.1585
vn -0.9319 0.0655 -0.3568
vn -0.9338 -0.0961 -0.3447
vn -0.9670 0.2049 0.1516
vn -0.8453 0.5102 0.1585
vn 0.8476 -0.4148 0.3310
vn -0.7418 0.5822 -0.3328
vn -0.9262 0.1702 -0.3364
vn 0.8199 -0.4548 -0.3477
vn 0.3429 -0.8906 -0.2986
vn 0.3411 -0.8753 0.3429
vn 0.8178 -0.4373 0.3741
vn -0.8199 -0.4548 -0.3477
vn -0.9311 -0.0495 -0.3613
vn -0.9256 -0.0390 0.3765
vn -0.8178 -0.4373 0.3741
vn 0.9256 -0.0390 0.3765
vn 0.9187 0.0785 0.3872
vn 0.9294 0.0843 -0.3594
vn 0.9312 -0.0495 -0.3613
vn -0.7090 0.7043 -0.0359
vn -0.5067 0.7177 -0.4777
vn -0.3410 -0.8753 0.3429
vn -0.3429 -0.8907 -0.2986
vn -0.9187 0.0785 0.3872
vn -0.9294 0.0843 -0.3594
vn 0.9262 0.1702 -0.3364
vn 0.7418 0.5822 -0.3328
vn -0.6716 0.6653 0.3262
vn -0.7078 0.5940 0.3823
vn -0.9026 0.1695 0.3957
vn 0.9026 0.1695 0.3957
vn 0.7090 0.7043 -0.0359
vn 0.6716 0.6653 0.3262
vn 0.5067 0.7177 -0.4777
vn 0.2105 0.9454 0.2489
vn -0.2105 0.9454 0.2489
vn -0.7067 -0.7067 -0.0328
vn 0.0000 -0.9995 -0.0328
vn -0.0000 0.3824 0.9240
vn 0.2704 0.2704 0.9240
vn 0.0000 -0.9999 0.0144
vn 0.7070 -0.7070 0.0144
vn 0.9995 0.0000 -0.0328
vn 0.7067 0.7067 -0.0328
vn -0.2695 0.2695 -0.9245
vn -0.3811 0.0000 -0.9245
vn -0.7070 -0.7070 0.0144
vn 0.7067 -0.7067 -0.0328
vn 0.0000 -0.3811 -0.9245
vn 0.2695 -0.2695 -0.9245
vn -0.9999 -0.0000 0.0144
vn -0.7067 0.7067 -0.0328
vn -0.9995 0.0000 -0.0328
vn 0.3824 0.0000 0.9240
vn -0.7070 0.7070 0.0144
vn 0.0000 0.9995 -0.0328
vn -0.0000 -0.3824 0.9240
vn -0.2704 -0.2704 0.9240
vn -0.0000 0.9999 0.0144
vn -0.2704 0.2704 0.9240
vn 0.7070 0.7070 0.0144
vn 0.3811 0.0000 -0.9245
vn 0.2695 0.2695 -0.9245
vn 0.9999 0.0000 0.0144
vn -0.0000 0.3811 -0.9245
vn 0.3827 0.9239 -0.0001
vn -0.7071 -0.7071 -0.0001
vn -0.3827 -0.9239 -0.0001
vn 0.7071 -0.7071 -0.0001
vn 1.0000 -0.0000 -0.0001
vn -0.3827 0.9239 -0.0001
vn 0.3827 -0.9239 -0.0001
vn -0.9239 0.3827 -0.0001
vn -1.0000 -0.0000 -0.0001
vn 0.9239 0.3827 -0.0001
vn -0.3824 0.0000 0.9240
vn 0.2704 -0.2704 0.9240
vn -0.2695 -0.2695 -0.9245
vn 0.1557 -0.0000 0.9878
vn 0.1101 0.1101 0.9878
vn -0.0000 0.1557 0.9878
vn -0.1101 0.1101 0.9878
vn -0.1557 -0.0000 0.9878
vn -0.1101 -0.1101 0.9878
vn 0.0000 -0.1557 0.9878
vn 0.1101 -0.1101 0.9878
vn 0.0000 0.9997 -0.0233
vn 0.0000 0.9928 -0.1200
vn 0.0000 0.8632 -0.5048
vn -0.8670 0.4882 -0.0996
vn 0.0000 0.6809 -0.7324
vn 0.8009 0.5980 -0.0301
vn -0.7423 0.6700 0.0102
vn 0.7423 0.6700 0.0102
vn 0.7078 0.5940 0.3823
vn 0.1976 0.9575 -0.2100
vn -0.1976 0.9575 -0.2100
vn 0.0000 0.1280 0.9918
vn 0.0000 0.3695 0.9292
vn 0.0000 0.9994 0.0350
vn 0.0000 0.6934 0.7205
vn 0.2893 0.0000 -0.9572
vn 0.2045 -0.2045 -0.9572
vn 0.0000 -0.2893 -0.9572
vn -0.2045 -0.2045 -0.9572
vn -0.2893 -0.0000 -0.9572
vn -0.2045 0.2045 -0.9572
vn 0.0000 0.2893 -0.9572
vn 0.2045 0.2045 -0.9572
vn 0.5878 -0.8090 0.0000
vn -0.5878 -0.8090 -0.0000
vn 0.4401 -0.8746 -0.2033
vn 0.4445 -0.8763 -0.1856
vn 0.3990 -0.8496 -0.3449
vn 0.9942 -0.0047 -0.1078
vn 0.9940 -0.0047 -0.1096
vn 0.9896 -0.0042 -0.1438
vn -0.4554 0.8902 -0.0104
vn -0.4553 0.8903 -0.0102
vn -0.4623 0.8657 -0.1922
vn -0.4622 0.8651 -0.1950
vn -0.9985 -0.0003 0.0542
vn -0.9996 -0.0001 0.0265
vn -0.9996 -0.0001 0.0276
vn -0.2386 0.0058 -0.9711
vn 0.0000 0.0060 -1.0000
vn 0.4674 -0.8838 -0.0219
vn 0.4852 -0.8733 0.0429
vn 0.4680 -0.8835 -0.0200
vn -0.4680 -0.8835 -0.0200
vn -0.4852 -0.8733 0.0429
vn -0.4674 -0.8838 -0.0219
vn 0.4819 0.8739 0.0643
vn 0.4660 0.8839 0.0392
vn 0.4660 0.8839 0.0391
vn -0.4819 0.8739 0.0643
vn -0.4660 0.8839 0.0391
vn -0.4660 0.8839 0.0392
vn 0.2386 0.0058 -0.9711
vn 0.0000 0.8637 -0.5040
vn 0.4043 0.7792 -0.4789
vn 0.3531 0.7275 -0.5883
vn 0.0000 0.7776 -0.6288
vn -0.9940 -0.0047 -0.1096
vn -0.9942 -0.0047 -0.1078
vn -0.9896 -0.0042 -0.1438
vn 0.4552 -0.8900 0.0270
vn 0.4553 -0.8898 0.0296
vn 0.4664 -0.8835 0.0443
vn 0.4662 -0.8834 0.0464
vn 0.4553 0.8903 -0.0102
vn 0.4554 0.8902 -0.0104
vn 0.4622 0.8651 -0.1950
vn 0.4623 0.8657 -0.1922
vn 1.0000 0.0002 -0.0042
vn 0.9989 -0.0023 -0.0460
vn 0.9990 -0.0022 -0.0444
vn 1.0000 0.0002 -0.0041
vn -0.4445 -0.8763 -0.1856
vn -0.4401 -0.8746 -0.2033
vn -0.3990 -0.8496 -0.3449
vn -0.4043 0.7792 -0.4789
vn -0.3531 0.7275 -0.5883
vn -1.0000 0.0002 -0.0041
vn -1.0000 0.0002 -0.0042
vn 0.9996 -0.0001 0.0265
vn 0.9996 -0.0001 0.0276
vn -0.4553 -0.8898 0.0296
vn -0.4552 -0.8900 0.0270
vn -0.4662 -0.8834 0.0464
vn -0.4664 -0.8835 0.0443
vn 0.9985 -0.0003 0.0542
vn 0.9313 -0.0000 0.3642
vn 0.7961 -0.4815 0.3666
vn 0.8545 -0.5194 0.0000
vn 0.3334 -0.8662 0.3723
vn 0.3596 -0.9331 0.0000
vn -0.3334 -0.8662 0.3723
vn -0.3596 -0.9331 0.0000
vn -0.7961 -0.4815 0.3666
vn -0.8545 -0.5194 0.0000
vn -0.9313 0.0000 0.3642
vn -0.7961 0.4815 0.3666
vn -0.8545 0.5194 0.0000
vn -0.3334 0.8662 0.3723
vn -0.3596 0.9331 0.0000
vn 0.3334 0.8662 0.3723
vn 0.3596 0.9331 0.0000
vn 0.7961 0.4815 0.3666
vn 0.8545 0.5194 0.0000
vn -0.0430 -0.0000 -0.9991
vn -0.0349 0.0218 -0.9992
vn -0.0349 0.0218 0.9992
vn -0.0430 -0.0000 0.9991
vn -0.0141 0.0364 -0.9992
vn -0.0141 0.0364 0.9992
vn 0.0141 0.0364 -0.9992
vn 0.0141 0.0364 0.9992
vn 0.0349 0.0218 -0.9992
vn 0.0349 0.0218 0.9992
vn 0.0430 0.0000 -0.9991
vn 0.0430 0.0000 0.9991
vn 0.0349 -0.0218 -0.9992
vn 0.0349 -0.0218 0.9992
vn 0.0141 -0.0364 -0.9992
vn 0.0141 -0.0364 0.9992
vn -0.0141 -0.0364 -0.9992
vn -0.0141 -0.0364 0.9992
vn -0.0349 -0.0218 -0.9992
vn -0.0349 -0.0218 0.9992
vn 0.7961 0.4815 -0.3666
vn 0.9313 0.0000 -0.3642
vn 0.3334 0.8662 -0.3723
vn -0.3334 0.8662 -0.3723
vn -0.7961 0.4815 -0.3666
vn -0.9313 -0.0000 -0.3642
vn -0.7961 -0.4815 -0.3666
vn -0.3334 -0.8662 -0.3723
vn 0.3334 -0.8662 -0.3723
vn 0.7961 -0.4815 -0.3666
vn -0.9875 -0.1578 -0.0000
vn -0.9875 -0.1578 0.0053
vn -0.9893 -0.1454 0.0120
vn 0.9875 -0.1578 0.0000
vn 0.9893 -0.1454 0.0120
vn 0.9875 -0.1578 0.0053
vn 0.9980 -0.0318 0.0551
vn 0.9975 -0.0459 0.0530
vn -0.9975 -0.0459 0.0530
vn -0.9980 -0.0318 0.0551
vn -0.9897 -0.1405 0.0257
vn 0.9897 -0.1405 0.0257
vn -0.9941 -0.0989 0.0435
vn 0.9941 -0.0989 0.0435
vn -0.9989 -0.0023 -0.0460
vn -0.9990 -0.0022 -0.0444
usemtl toy_soldier
s 1
f 42/1/1 41/2/1 7/3/2 12/4/2
f 35/5/3 37/6/3 1/7/4 3/8/4
f 3/8/5 34/9/6 63/10/7 35/5/8
f 34/11/9 4/12/10 36/13/11 63/14/7
f 64/15/12 38/16/13 2/17/14 33/18/15
f 37/6/16 64/19/12 33/20/17 1/7/18
f 2/17/19 38/16/20 36/13/20 4/12/19
f 3/8/4 1/7/4 43/21/21 44/22/21
f 16/23/22 14/24/23 46/25/24 48/26/25
f 12/4/26 13/27/27 45/28/28 39/29/29
f 44/22/21 43/21/21 6/30/30 5/31/30
f 48/26/25 68/32/31 53/33/32 16/23/22
f 4/12/10 34/11/9 65/34/33 41/2/34
f 34/9/6 3/8/5 44/22/35 65/35/36
f 65/35/36 44/22/35 5/31/37 40/36/38
f 41/2/34 65/34/33 40/37/38 7/3/39
f 1/7/18 33/20/17 66/38/40 43/21/41
f 33/18/15 2/17/14 42/1/42 66/39/43
f 66/39/43 42/1/42 12/4/26 39/29/29
f 43/21/41 66/38/40 39/40/29 6/30/44
f 8/41/45 5/31/30 6/30/30 9/42/45
f 10/43/46 8/41/45 9/42/45 11/44/46
f 39/40/29 45/45/28 9/42/47 6/30/44
f 68/46/31 50/47/48 18/48/49 53/49/32
f 69/50/50 54/51/51 17/52/52 49/53/53
f 70/54/54 67/55/55 18/48/49 17/52/52
f 55/56/56 57/57/57 14/24/23 16/23/22
f 10/43/58 48/58/25 46/59/24 8/41/59
f 50/47/48 49/53/53 17/52/52 18/48/49
f 45/28/28 13/27/27 15/60/60 47/61/61
f 45/45/28 47/62/61 11/44/62 9/42/47
f 10/43/46 11/44/46 51/63/63 52/64/63
f 14/24/23 57/57/57 153/65/64 7/3/39
f 48/58/25 10/43/58 52/64/65 68/46/31
f 68/46/31 52/64/65 50/47/48
f 11/44/62 47/62/61 69/50/50 51/63/66
f 47/61/61 15/60/60 54/66/51 69/67/50
f 51/63/66 69/50/50 49/53/53
f 12/4/67 7/3/67 600/68/68 602/69/68
f 54/51/51 72/70/69 70/54/54 17/52/52
f 53/49/32 18/48/49 67/55/55 71/71/70
f 16/23/22 53/33/32 71/72/56 55/56/56
f 21/73/71 29/74/71 62/75/71 60/76/71
f 12/4/26 58/77/72 152/78/73 13/27/27
f 15/60/60 13/27/27 152/78/73 56/79/71
f 24/80/74 59/81/75 71/71/70 67/55/55
f 71/72/56 59/82/56 22/83/56 55/56/56
f 19/84/71 21/73/71 56/79/71 152/78/73
f 31/85/76 32/86/77 24/80/74 23/87/78
f 27/88/71 19/84/71 154/89/79 25/90/80
f 60/91/81 62/92/82 31/85/76 23/87/78
f 23/87/78 24/80/74 67/55/55 70/54/54
f 29/74/83 30/93/83 61/94/83 62/75/83
f 56/79/71 21/73/71 60/76/71 72/95/71
f 72/70/69 60/91/81 23/87/78 70/54/54
f 29/74/83 27/88/83 28/96/83 30/93/83
f 55/56/56 22/83/56 20/97/56 57/57/57
f 27/88/83 25/90/83 26/98/83 28/96/83
f 26/98/84 155/99/85 20/97/56 28/96/56
f 62/92/86 61/100/86 32/86/86 31/85/86
f 32/86/77 61/100/87 59/81/75 24/80/74
f 27/88/71 29/74/71 21/73/71 19/84/71
f 59/82/56 61/94/56 30/93/56 22/83/56
f 5/31/37 8/41/59 46/59/24 40/36/38
f 154/89/79 58/77/72 601/101/88 606/102/89
f 35/5/3 73/103/90 75/104/90 37/6/3
f 36/13/20 38/16/20 76/105/91 74/106/91
f 77/107/92 78/108/92 162/109/93 161/110/93
f 475/111/94 474/112/95 158/113/96 75/104/97
f 480/114/98 160/115/99 478/116/100
f 63/14/7 36/13/11 74/106/101 156/117/102
f 487/118/103 490/119/104 619/120/105 473/121/106
f 476/122/107 475/111/107 75/104/90 73/103/90
f 612/123/108 650/124/109 619/125/105 490/119/104
f 64/19/12 37/6/16 75/104/97 158/113/96
f 38/16/13 64/15/12 159/126/110 76/105/111
f 160/115/99 163/127/112 79/128/113 478/129/100
f 106/130/114 111/131/115 105/132/115 108/133/114
f 92/134/116 93/135/116 106/130/114 108/133/114
f 100/136/117 101/137/118 83/138/119 82/139/120
f 89/140/121 90/141/121 86/142/122 82/143/122
f 87/144/123 103/145/124 102/146/125 86/147/126
f 102/146/125 103/145/124 85/148/127 84/149/127
f 100/150/128 102/151/128 84/152/129 80/153/129
f 83/154/130 101/155/131 103/156/131 87/157/130
f 103/156/131 101/155/131 81/158/132 85/159/132
f 87/157/130 91/160/133 88/161/133 83/154/130
f 88/162/134 89/163/134 82/139/120 83/138/119
f 80/164/135 81/165/135 101/137/118 100/136/117
f 110/166/136 112/167/137 113/168/138 111/169/139
f 92/170/140 95/171/141 135/172/142 138/173/142
f 105/174/143 115/175/144 114/176/145 109/177/146
f 107/178/147 104/179/147 109/180/148 110/181/148
f 93/135/116 92/134/116 138/182/149 137/183/149
f 93/184/150 94/185/151 107/186/152 106/187/153
f 95/188/154 94/189/154 136/190/155 135/191/155
f 109/180/148 114/192/156 112/193/156 110/181/148
f 114/176/145 115/175/144 96/194/157 99/195/157
f 113/168/138 112/167/137 98/196/158 97/197/158
f 107/186/152 110/166/136 111/169/139 106/187/153
f 111/131/115 113/198/159 115/199/159 105/132/115
f 104/179/147 107/178/147 94/189/154 95/188/154
f 92/170/140 108/200/160 104/201/161 95/171/141
f 105/174/143 109/177/146 104/201/161 108/200/160
f 112/193/156 114/192/156 99/202/162 98/203/162
f 115/199/159 113/198/159 97/204/163 96/205/163
f 132/206/164 133/207/164 134/208/164 139/209/164
f 144/210/165 130/211/166 128/212/166 140/213/165
f 141/214/167 124/215/168 125/216/169 140/217/170
f 140/217/170 128/218/171 129/219/172 141/214/167
f 117/220/56 116/221/56 118/222/56 119/223/56
f 123/224/71 122/225/71 120/226/71 121/227/71
f 116/228/173 120/229/173 122/230/173 118/231/173
f 129/219/172 128/218/171 142/232/174 143/233/174
f 139/234/175 134/235/175 127/236/176 126/237/177
f 147/238/178 146/239/178 130/240/179 131/241/180
f 131/242/181 129/243/181 143/244/182 147/245/182
f 132/246/183 125/216/169 124/215/168 133/247/183
f 124/248/184 127/249/184 134/208/185 133/207/185
f 141/250/186 145/251/186 127/249/184 124/248/184
f 131/241/180 130/240/179 144/252/187 145/253/188
f 128/212/166 130/211/166 146/254/189 142/255/189
f 126/256/190 125/257/190 132/206/191 139/209/191
f 141/250/186 129/243/181 131/242/181 145/251/186
f 144/210/165 140/213/165 125/257/190 126/256/190
f 144/252/187 126/237/177 127/236/176 145/253/188
f 86/142/122 102/151/128 100/150/128 82/143/122
f 91/160/192 90/141/192 89/140/192 88/161/192
f 151/258/193 150/259/193 148/260/193 149/261/193
f 121/227/71 120/226/71 150/259/71 151/258/71
f 120/229/194 116/228/194 148/262/194 150/263/194
f 116/221/56 117/220/56 149/261/56 148/260/56
f 2/17/19 4/12/19 41/2/1 42/1/1
f 15/60/60 56/79/71 72/95/71 54/66/51
f 94/185/151 93/184/150 137/264/195 136/265/195
f 20/97/56 155/99/85 153/65/64 57/57/57
f 19/84/71 152/78/73 58/77/72 154/89/79
f 155/99/85 26/98/84 604/266/196 605/267/197
f 22/83/56 30/93/56 28/96/56 20/97/56
f 46/25/24 14/24/23 7/3/39 40/37/38
f 52/64/65 51/63/66 49/53/53 50/47/48
f 35/5/8 63/10/7 157/268/198 73/103/199
f 156/117/102 157/269/198 63/14/7
f 158/270/96 159/126/110 64/15/12
f 163/271/112 160/272/99 161/110/93 162/109/93
f 477/273/200 163/271/112 162/109/201 481/274/202
f 472/275/203 157/269/198 156/117/102 471/276/204
f 511/277/205 499/278/206 471/276/204 620/279/207
f 461/280/208 165/281/208 167/282/209 462/283/209
f 462/283/209 167/282/209 169/284/210 463/285/210
f 463/285/210 169/284/210 171/286/211 464/287/211
f 464/287/211 171/286/211 173/288/212 465/289/212
f 465/289/212 173/288/212 175/290/213 466/291/213
f 466/291/213 175/290/213 177/292/214 467/293/214
f 467/293/214 177/292/214 179/294/215 468/295/215
f 468/295/215 179/294/215 181/296/216 469/297/216
f 196/298/217 197/299/218 208/300/218 207/301/219
f 469/297/216 181/296/216 183/302/220 470/303/220
f 470/303/220 183/302/220 165/281/208 461/280/208
f 178/304/221 180/305/222 192/306/222 191/307/221
f 258/308/223 270/309/224 305/310/224 303/311/223
f 176/312/225 178/304/221 191/307/221 190/313/225
f 174/314/226 176/312/225 190/313/225 189/315/226
f 172/316/227 174/314/226 189/315/226 188/317/227
f 170/318/228 172/316/227 188/317/227 187/319/228
f 164/320/229 166/321/230 185/322/230 184/323/229
f 168/324/231 170/318/228 187/319/228 186/325/231
f 166/321/230 168/324/231 186/325/231 185/322/230
f 182/326/232 164/320/229 184/323/229 193/327/232
f 180/305/222 182/326/232 193/327/232 192/306/222
f 263/328/233 262/329/56 298/330/56 315/331/233
f 272/332/234 259/333/235 301/334/235 299/335/234
f 266/336/236 274/337/237 313/338/237 311/339/236
f 270/309/224 276/340/71 307/341/71 305/310/224
f 274/337/237 263/328/233 315/331/233 313/338/237
f 276/340/71 267/342/238 309/343/238 307/341/71
f 259/333/235 258/308/223 303/311/223 301/334/235
f 267/342/238 266/336/236 311/339/236 309/343/238
f 215/344/239 216/345/240 195/346/241 194/347/242
f 216/345/240 217/348/243 196/349/244 195/346/241
f 217/348/243 218/350/245 197/351/246 196/349/244
f 218/350/245 219/352/247 198/353/248 197/351/246
f 219/352/247 220/354/249 199/355/250 198/353/248
f 220/354/249 221/356/251 200/357/252 199/355/250
f 221/356/251 222/358/253 201/359/254 200/357/252
f 222/358/253 223/360/255 202/361/256 201/359/254
f 223/360/255 224/362/257 203/363/258 202/361/256
f 224/362/257 215/344/239 194/347/242 203/363/258
f 204/364/259 205/365/260 214/366/261
f 194/367/262 195/368/263 205/369/263 204/370/262
f 200/371/264 201/372/265 212/373/265 211/374/264
f 197/299/218 198/375/266 209/376/266 208/300/218
f 203/377/267 194/367/262 204/370/262 206/378/267
f 201/372/265 202/379/268 213/380/268 212/373/265
f 198/375/266 199/381/269 210/382/269 209/376/266
f 195/368/263 196/298/217 207/301/219 205/369/263
f 202/379/268 203/377/267 206/378/267 213/380/268
f 199/381/269 200/371/264 211/374/264 210/382/269
f 211/383/270 212/384/271 214/366/261
f 208/385/272 209/386/273 214/366/261
f 206/387/274 204/364/259 214/366/261
f 212/384/271 213/388/275 214/366/261
f 209/386/273 210/389/276 214/366/261
f 205/365/260 207/390/277 214/366/261
f 213/388/275 206/387/274 214/366/261
f 210/389/276 211/383/270 214/366/261
f 207/390/277 208/385/272 214/366/261
f 169/391/248 167/392/250 215/344/239 224/362/257
f 171/393/246 169/391/248 224/362/257 223/360/255
f 173/394/244 171/393/246 223/360/255 222/358/253
f 175/395/241 173/394/244 222/358/253 221/356/251
f 177/396/242 175/395/241 221/356/251 220/354/249
f 179/397/258 177/396/242 220/354/249 219/352/247
f 181/398/256 179/397/258 219/352/247 218/350/245
f 183/399/254 181/398/256 218/350/245 217/348/243
f 165/400/252 183/399/254 217/348/243 216/345/240
f 167/392/250 165/400/252 216/345/240 215/344/239
f 225/401/56 226/402/56 228/403/234 227/404/234
f 227/404/234 228/403/234 230/405/235 229/406/235
f 229/406/235 230/405/235 232/407/223 231/408/223
f 231/408/223 232/407/223 234/409/224 233/410/224
f 233/410/224 234/409/224 236/411/71 235/412/71
f 235/412/71 236/411/71 238/413/278 237/414/278
f 239/415/279 240/416/279 226/402/56 225/401/56
f 241/417/71 242/418/238 243/419/238 244/420/71
f 242/418/238 245/421/236 246/422/236 243/419/238
f 247/423/237 249/424/233 250/425/233 248/426/237
f 249/424/233 251/427/56 252/428/56 250/425/233
f 251/427/56 253/429/280 254/430/280 252/428/56
f 255/431/281 241/417/71 244/420/71 256/432/281
f 228/433/261 243/434/261 246/435/261 230/436/261
f 235/437/282 251/438/282 249/439/282 233/440/282
f 225/441/282 241/442/282 255/443/282 239/444/282
f 234/445/261 250/446/261 252/447/261 236/448/261
f 240/449/261 256/450/261 244/451/261 226/452/261
f 231/453/282 247/454/282 245/455/282 229/456/282
f 227/457/282 242/458/282 241/442/282 225/441/282
f 230/436/261 246/435/261 248/459/261 232/460/261
f 226/452/261 244/451/261 243/434/261 228/433/261
f 237/461/282 253/462/282 251/438/282 235/437/282
f 236/448/261 252/447/261 254/463/261 238/464/261
f 233/440/282 249/439/282 247/454/282 231/453/282
f 232/460/261 248/459/261 250/446/261 234/445/261
f 237/414/283 238/413/283 254/430/283 253/429/283
f 229/456/282 245/455/282 242/458/282 227/457/282
f 239/415/284 255/431/284 256/432/284 240/416/284
f 245/421/236 247/423/237 248/426/237 246/422/236
f 189/465/71 190/466/238 268/467/238 275/468/71
f 262/469/285 263/470/286 283/471/286 282/472/285
f 192/473/237 193/474/233 264/475/233 273/476/237
f 273/477/287 264/478/288 284/479/288 293/480/287
f 185/481/234 186/482/235 260/483/235 271/484/234
f 274/485/289 266/486/290 286/487/290 294/488/289
f 188/489/224 189/465/71 275/468/71 269/490/224
f 264/478/288 261/491/291 281/492/291 284/479/288
f 191/493/236 192/473/237 273/476/237 265/494/236
f 267/495/292 276/496/293 296/497/293 287/498/292
f 184/499/56 185/481/234 271/484/234 261/500/56
f 265/501/294 273/477/287 293/480/287 285/502/294
f 187/503/223 188/489/224 269/490/224 257/504/223
f 266/486/290 267/495/292 287/498/292 286/487/290
f 190/466/238 191/493/236 265/494/236 268/467/238
f 275/505/295 268/506/296 288/507/296 295/508/295
f 193/474/233 184/499/56 261/500/56 264/475/233
f 276/496/293 270/509/297 290/510/297 296/497/293
f 186/482/235 187/503/223 257/504/223 260/483/235
f 268/506/296 265/501/294 285/502/294 288/507/296
f 295/511/71 288/512/238 287/513/238 296/514/71
f 293/515/237 284/516/233 283/517/233 294/518/237
f 291/519/234 280/520/235 279/521/235 292/522/234
f 289/523/224 295/511/71 296/514/71 290/524/224
f 285/525/236 293/515/237 294/518/237 286/526/236
f 281/527/56 291/519/234 292/522/234 282/528/56
f 277/529/223 289/523/224 290/524/224 278/530/223
f 288/512/238 285/525/236 286/526/236 287/513/238
f 284/516/233 281/527/56 282/528/56 283/517/233
f 280/520/235 277/529/223 278/530/223 279/521/235
f 261/491/291 271/531/298 291/532/298 281/492/291
f 263/470/286 274/485/289 294/488/289 283/471/286
f 260/533/299 257/534/300 277/535/300 280/536/299
f 272/537/301 262/469/285 282/472/285 292/538/301
f 271/531/298 260/533/299 280/536/299 291/532/298
f 258/539/302 259/540/303 279/541/303 278/542/302
f 257/534/300 269/543/304 289/544/304 277/535/300
f 259/540/303 272/537/301 292/538/301 279/541/303
f 270/509/297 258/539/302 278/542/302 290/510/297
f 269/543/304 275/505/295 295/508/295 289/544/304
f 298/545/305 299/546/306 300/547/307 297/548/308
f 299/546/306 301/549/309 302/550/310 300/547/307
f 301/549/309 303/551/311 304/552/312 302/550/310
f 303/551/311 305/553/313 306/554/314 304/552/312
f 305/553/313 307/555/315 308/556/316 306/554/314
f 307/555/315 309/557/317 310/558/318 308/556/316
f 309/557/317 311/559/319 312/560/320 310/558/318
f 311/559/319 313/561/321 314/562/322 312/560/320
f 313/561/321 315/563/323 316/564/324 314/562/322
f 315/563/323 298/545/305 297/548/308 316/564/324
f 262/329/56 272/332/234 299/335/234 298/330/56
f 297/565/308 300/566/307 317/567/282
f 300/566/307 302/568/310 317/567/282
f 302/568/310 304/569/312 317/567/282
f 304/569/312 306/570/314 317/567/282
f 306/570/314 308/571/316 317/567/282
f 308/571/316 310/572/318 317/567/282
f 310/572/318 312/573/320 317/567/282
f 312/573/320 314/574/322 317/567/282
f 314/574/322 316/575/324 317/567/282
f 316/575/324 297/565/308 317/567/282
f 330/576/325 321/577/326 325/578/327
f 320/579/328 319/580/329 323/581/330 324/582/331
f 318/583/332 347/584/333 358/585/334 352/586/335
f 321/577/326 320/579/328 324/582/331 325/578/327
f 319/587/329 318/588/332 322/589/336 323/590/330
f 330/576/325 325/578/327 329/591/337
f 324/582/331 323/581/330 327/592/338 328/593/339
f 335/594/340 331/595/341 354/596/342 355/597/343
f 325/578/327 324/582/331 328/593/339 329/591/337
f 323/590/330 322/589/336 326/598/344 327/599/338
f 330/576/325 329/591/337 334/600/345
f 328/593/339 327/592/338 332/601/346 333/602/347
f 322/603/336 318/583/332 352/586/348 351/604/349
f 329/591/337 328/593/339 333/602/347 334/600/345
f 327/599/338 326/598/344 331/605/341 332/606/346
f 330/576/325 334/600/345 338/607/350
f 333/602/347 332/601/346 336/608/351 337/609/352
f 347/584/333 343/610/353 357/611/354 358/585/334
f 334/600/345 333/602/347 337/609/352 338/607/350
f 332/606/346 331/605/341 335/612/340 336/613/351
f 330/576/325 338/607/350 342/614/355
f 337/609/352 336/608/351 340/615/356 341/616/357
f 331/595/341 326/617/344 353/618/358 354/596/342
f 338/607/350 337/609/352 341/616/357 342/614/355
f 336/613/351 335/612/340 339/619/359 340/620/356
f 330/576/325 342/614/355 346/621/360
f 341/616/357 340/615/356 344/622/361 345/623/362
f 343/610/353 339/624/359 356/625/363 357/611/364
f 342/614/355 341/616/357 345/623/362 346/621/360
f 340/620/356 339/619/359 343/626/353 344/627/361
f 330/576/325 346/621/360 350/628/365
f 345/623/362 344/622/361 348/629/366 349/630/367
f 326/617/344 322/603/336 351/604/349 353/618/368
f 346/621/360 345/623/362 349/630/367 350/628/365
f 344/627/361 343/626/353 347/631/333 348/632/366
f 330/576/325 350/628/365 321/577/326
f 349/630/367 348/629/366 319/580/329 320/579/328
f 339/624/359 335/594/340 355/597/369 356/625/363
f 350/628/365 349/630/367 320/579/328 321/577/326
f 348/632/366 347/631/333 318/588/332 319/587/329
f 383/633/370 384/634/370 398/635/371 395/636/371
f 386/637/372 385/638/372 405/639/373 406/640/373
f 385/638/372 386/637/372 388/641/374 387/642/374
f 387/642/374 388/641/374 390/643/375 389/644/375
f 389/644/375 390/643/375 392/645/376 391/646/376
f 391/646/376 392/645/376 394/647/377 393/648/377
f 393/648/377 394/647/377 384/634/370 383/633/370
f 395/636/371 398/635/371 397/649/378 396/650/378
f 396/650/378 397/649/378 400/651/379 399/652/379
f 399/652/379 400/651/379 402/653/380 401/654/380
f 401/654/380 402/653/380 404/655/381 403/656/381
f 403/656/381 404/655/381 406/640/373 405/639/373
f 365/657/382 363/658/383 387/659/384 389/660/385
f 375/661/386 372/662/387 396/663/388 399/664/389
f 364/665/390 366/666/391 390/667/392 388/668/393
f 373/669/394 376/670/395 400/671/396 397/672/397
f 382/673/398 362/674/399 386/675/400 406/676/401
f 359/677/402 369/678/403 393/679/404 383/680/405
f 381/681/406 379/682/407 403/683/408 405/684/409
f 361/685/410 381/681/406 405/684/409 385/686/411
f 370/687/412 360/688/413 384/689/414 394/690/415
f 380/691/416 382/673/398 406/676/401 404/692/417
f 367/693/418 365/657/382 389/660/385 391/694/419
f 377/695/420 375/661/386 399/664/389 401/696/421
f 372/662/387 371/697/422 395/698/423 396/663/388
f 366/666/391 368/699/424 392/700/425 390/667/392
f 376/670/395 378/701/426 402/702/427 400/671/396
f 363/658/383 361/685/410 385/686/411 387/659/384
f 374/703/428 373/669/394 397/672/397 398/704/429
f 360/688/413 374/703/428 398/704/429 384/689/414
f 362/674/399 364/665/390 388/668/393 386/675/400
f 371/697/422 359/677/402 383/680/405 395/698/423
f 369/678/403 367/693/418 391/694/419 393/679/404
f 379/682/407 377/695/420 401/696/421 403/683/408
f 368/699/424 370/687/412 394/690/415 392/700/425
f 378/701/426 380/691/416 404/692/417 402/702/427
f 361/685/410 363/658/383 407/705/282
f 363/658/383 365/657/382 407/705/282
f 365/657/382 367/693/418 407/705/282
f 367/693/418 369/678/403 407/705/282
f 369/678/403 359/677/402 407/705/282
f 359/677/402 371/697/422 407/705/282
f 371/697/422 372/662/387 407/705/282
f 372/662/387 375/661/386 407/705/282
f 375/661/386 377/695/420 407/705/282
f 377/695/420 379/682/407 407/705/282
f 379/682/407 381/681/406 407/705/282
f 381/681/406 361/685/410 407/705/282
f 382/673/398 380/691/416 408/706/261
f 380/691/416 378/701/426 408/706/261
f 378/701/426 376/670/395 408/706/261
f 376/670/395 373/669/394 408/706/261
f 373/669/394 374/703/428 408/706/261
f 374/703/428 360/688/413 408/706/261
f 360/688/413 370/687/412 408/706/261
f 370/687/412 368/699/424 408/706/261
f 368/699/424 366/666/391 408/706/261
f 366/666/391 364/665/390 408/706/261
f 364/665/390 362/674/399 408/706/261
f 362/674/399 382/673/398 408/706/261
f 457/707/261 458/708/261 412/709/261 410/710/261
f 458/711/430 459/712/430 416/713/431 412/714/431
f 459/715/282 460/716/282 414/717/282 416/718/282
f 460/719/432 457/720/432 410/721/433 414/722/433
f 411/723/434 409/724/434 413/725/434 415/726/434
f 412/727/435 416/728/435 414/729/435 410/730/435
f 433/731/71 434/732/71 435/733/71 436/734/71
f 429/735/436 432/736/437 424/737/438 423/738/439
f 437/739/56 438/740/56 439/741/56 440/742/56
f 417/743/440 418/744/441 422/745/442 421/746/443
f 419/747/444 420/748/445 423/749/446 424/750/447
f 441/751/56 442/752/56 443/753/56 444/754/56
f 445/755/56 446/756/56 447/757/56 448/758/56
f 421/759/448 422/760/449 431/761/437 430/762/436
f 430/762/436 431/761/437 432/736/437 429/735/436
f 449/763/71 450/764/71 451/765/71 452/766/71
f 453/767/71 454/768/71 455/769/71 456/770/71
f 426/771/450 417/772/450 434/773/450 433/774/450
f 417/772/440 421/775/443 435/776/451 434/773/451
f 421/777/448 430/778/436 436/779/452 435/780/452
f 430/781/453 426/771/453 433/774/453 436/782/453
f 428/783/454 419/784/454 438/785/454 437/786/454
f 419/784/444 424/787/447 439/788/455 438/785/455
f 424/789/438 432/790/437 440/791/456 439/792/456
f 432/793/457 428/783/457 437/786/457 440/794/457
f 418/795/454 427/796/454 442/797/454 441/798/454
f 427/796/458 431/799/458 443/800/458 442/797/458
f 431/801/437 422/802/449 444/803/456 443/804/456
f 422/805/442 418/795/441 441/798/457 444/806/457
f 427/796/454 428/783/454 446/807/454 445/808/454
f 428/783/458 432/793/458 447/809/458 446/807/458
f 432/790/437 431/801/437 448/810/456 447/811/456
f 431/799/457 427/796/457 445/808/457 448/812/457
f 420/813/450 425/814/450 450/815/450 449/816/450
f 425/814/451 429/817/451 451/818/451 450/815/451
f 429/819/436 423/820/439 452/821/452 451/822/452
f 423/823/446 420/813/445 449/816/453 452/824/453
f 425/814/450 426/771/450 454/825/450 453/826/450
f 426/771/451 430/781/451 455/827/451 454/825/451
f 430/778/436 429/819/436 456/828/452 455/829/452
f 429/817/459 425/814/459 453/826/459 456/830/459
f 415/831/282 413/832/282 460/716/282 459/715/282
f 411/723/71 415/726/71 459/712/430 458/711/430
f 409/833/261 411/834/261 458/708/261 457/707/261
f 413/725/56 409/724/56 457/720/432 460/719/432
f 91/835/460 87/144/123 86/147/126 90/836/460
f 178/837/461 176/838/462 522/839/462 523/840/461
f 174/841/463 172/842/464 520/843/464 521/844/463
f 164/845/465 182/846/466 525/847/466 517/848/465
f 170/849/467 168/850/468 518/851/468 519/852/467
f 180/853/469 178/837/461 523/840/461 524/854/469
f 176/838/462 174/841/463 521/844/463 522/839/462
f 172/842/464 170/849/467 519/852/467 520/843/464
f 166/855/470 164/845/465 517/848/465 516/856/470
f 182/846/466 180/853/469 524/854/469 525/847/466
f 168/850/468 166/855/470 516/856/470 518/851/468
f 157/268/198 472/857/203 476/122/471 73/103/199
f 497/858/472 489/859/473 475/111/107 476/122/107
f 79/860/113 477/861/200 495/862/474 488/863/475
f 483/864/476 479/865/477 498/866/478 493/867/479
f 158/270/96 474/868/95 473/121/106 159/126/110
f 485/869/480 480/114/98 478/116/100 503/870/481
f 640/871/482 637/872/483 628/873/484 641/874/485
f 611/875/486 609/876/487 622/877/488 636/878/489
f 77/107/490 161/110/491 479/865/477 483/864/476
f 650/879/492 649/880/492 620/881/493 619/882/493
f 621/883/494 625/884/495 632/885/496 635/886/497
f 160/272/99 480/887/98 479/865/477 161/110/491
f 162/109/201 78/108/498 482/888/499 481/274/202
f 79/128/113 163/127/112 477/861/200
f 620/889/207 471/276/204 156/117/102 74/106/101
f 474/868/95 494/890/500 487/118/103 473/121/106
f 649/891/501 613/892/502 511/277/205 620/279/207
f 610/893/503 614/894/504 631/895/505 624/896/506
f 608/897/507 610/893/503 624/896/506 626/898/508
f 480/887/98 485/899/480 498/866/478 479/865/477
f 481/274/202 482/888/499 491/900/509 507/901/510
f 609/876/487 607/902/511 623/903/512 622/877/488
f 484/904/513 472/275/203 471/276/204 499/278/206
f 489/859/473 494/905/500 474/112/95 475/111/94
f 495/906/474 477/273/200 481/274/202 507/901/510
f 478/116/100 79/860/113 488/863/475 503/870/481
f 627/907/514 615/908/515 611/909/486 636/910/489
f 502/911/516 496/912/517 504/913/518 505/914/519
f 506/915/520 486/916/521 508/917/522 509/918/523
f 641/919/485 628/920/484 635/921/497 632/922/496
f 510/923/524 492/924/525 512/925/526 513/926/527
f 505/927/519 510/923/524 513/926/527 502/928/516
f 646/929/528 648/930/529 650/124/109
f 514/931/530 504/913/518 496/912/517 515/932/531
f 501/933/532 508/917/522 486/916/521 500/934/533
f 509/935/523 514/931/530 515/932/531 506/936/520
f 472/857/203 484/937/513 497/858/472 476/122/471
f 615/908/515 500/938/533 491/939/509 611/909/486
f 618/940/534 642/941/535 631/942/505 614/943/504
f 496/944/517 502/945/516 485/946/480 503/947/481
f 505/948/519 504/949/518 497/950/472 484/951/513
f 486/952/521 506/936/520 495/862/474 507/953/510
f 509/935/523 508/954/522 487/955/103 494/905/500
f 630/956/536 646/929/528 612/123/108
f 615/957/515 627/958/514 638/959/537 616/960/538
f 492/961/525 510/962/524 499/963/206 511/964/205
f 513/965/527 512/966/526 493/967/479 498/968/478
f 510/962/524 505/914/519 484/937/513 499/963/206
f 502/911/516 513/965/527 498/968/478 485/869/480
f 617/969/539 492/961/525 511/964/205 613/970/502
f 644/971/540 633/972/541 613/892/502
f 504/949/518 514/973/530 489/974/473 497/950/472
f 515/975/531 496/944/517 503/947/481 488/976/475
f 508/954/522 501/977/532 490/978/104 487/955/103
f 500/938/533 486/952/521 507/953/510 491/939/509
f 514/973/530 509/979/523 494/980/500 489/974/473
f 506/981/520 515/975/531 488/976/475 495/982/474
f 648/983/529 645/984/542 649/880/492 650/879/492
f 637/985/483 640/986/482 634/987/543 629/988/544
f 473/121/106 619/989/105 76/105/111 159/126/110
f 537/990/545 536/991/546 565/992/546 564/993/545
f 540/994/547 541/995/548 548/996/548 545/997/547
f 530/998/549 654/999/549 653/1000/550 529/1001/550
f 526/1002/551 541/1003/552 560/1004/552 559/1005/551
f 533/1006/553 532/1007/554 557/1008/554 556/1009/553
f 531/1010/555 655/1011/555 654/999/549 530/998/549
f 527/1012/556 526/1002/551 559/1005/551 566/1013/556
f 530/1014/557 529/1015/558 549/1016/558 552/1017/557
f 532/1018/559 656/1019/559 655/1011/555 531/1010/555
f 539/1020/560 538/1021/561 563/1022/561 562/1023/560
f 541/995/548 526/1024/562 547/1025/562 548/996/548
f 533/1026/563 657/1027/563 656/1019/559 532/1018/559
f 541/1003/552 540/1028/564 561/1029/564 560/1004/552
f 536/1030/565 537/1031/566 543/1032/566 551/1033/565
f 534/1034/567 658/1035/567 657/1027/563 533/1026/563
f 539/1036/568 540/994/547 545/997/547 553/1037/568
f 535/1038/569 659/1039/569 658/1035/567 534/1034/567
f 528/1040/570 535/1041/571 558/1042/571 550/1043/570
f 536/991/546 527/1012/556 566/1013/556 565/992/546
f 528/1044/572 652/1045/572 659/1039/569 535/1038/569
f 538/1021/561 537/990/545 564/993/545 563/1022/561
f 534/1046/573 533/1006/553 556/1009/553 546/1047/573
f 540/1028/564 539/1020/560 562/1023/560 561/1029/564
f 558/1048/574 546/1049/574 545/1050/574 548/1051/574
f 544/1052/575 552/1053/576 551/1054/576 543/1055/575
f 549/1056/577 550/1057/578 547/1058/578 554/1059/577
f 546/1049/579 556/1060/579 553/1061/579 545/1050/579
f 552/1053/580 549/1056/577 554/1059/577 551/1054/580
f 556/1060/581 557/1062/582 555/1063/582 553/1061/581
f 550/1057/578 558/1048/583 548/1051/583 547/1058/578
f 557/1062/582 544/1052/575 543/1055/575 555/1063/582
f 529/1015/558 528/1040/570 550/1043/570 549/1016/558
f 537/1031/566 538/1064/584 555/1065/584 543/1032/566
f 526/1024/562 527/1066/585 554/1067/585 547/1025/562
f 532/1007/554 531/1068/586 544/1069/586 557/1008/554
f 535/1041/571 534/1046/573 546/1047/573 558/1042/571
f 538/1064/584 539/1036/568 553/1037/568 555/1065/584
f 527/1066/585 536/1030/565 551/1033/565 554/1067/585
f 531/1068/586 530/1014/557 552/1017/557 544/1069/586
f 542/1070/261 559/1071/587 560/1072/588
f 542/1073/261 560/1072/588 561/1074/589
f 542/1075/261 561/1074/589 562/1076/590
f 542/1073/261 562/1076/590 563/1077/591
f 542/1070/261 563/1077/591 564/1078/592
f 542/1079/261 564/1078/592 565/1080/593
f 542/1081/261 565/1080/593 566/1082/594
f 542/1079/261 566/1082/594 559/1071/587
f 567/1083/56 568/1084/56 570/1085/233 569/1086/233
f 569/1086/233 570/1085/233 572/1087/237 571/1088/237
f 571/1088/237 572/1087/237 574/1089/236 573/1090/236
f 573/1090/236 574/1089/236 576/1091/238 575/1092/238
f 575/1092/238 576/1091/238 578/1093/71 577/1094/71
f 577/1094/71 578/1093/71 580/1095/281 579/1096/281
f 581/1097/280 582/1098/280 568/1084/56 567/1083/56
f 583/1099/71 584/1100/224 585/1101/224 586/1102/71
f 584/1100/224 587/1103/223 588/1104/223 585/1101/224
f 589/1105/235 591/1106/234 592/1107/234 590/1108/235
f 591/1106/234 593/1109/56 594/1110/56 592/1107/234
f 593/1109/56 595/1111/279 596/1112/279 594/1110/56
f 597/1113/278 583/1099/71 586/1102/71 598/1114/278
f 570/1115/282 585/1116/282 588/1117/282 572/1118/282
f 577/1119/261 593/1120/261 591/1121/261 575/1122/261
f 567/1123/261 583/1124/261 597/1125/261 581/1126/261
f 576/1127/282 592/1128/282 594/1129/282 578/1130/282
f 582/1131/282 598/1132/282 586/1133/282 568/1134/282
f 573/1135/261 589/1136/261 587/1137/261 571/1138/261
f 569/1139/261 584/1140/261 583/1124/261 567/1123/261
f 572/1118/282 588/1117/282 590/1141/282 574/1142/282
f 568/1134/282 586/1133/282 585/1116/282 570/1115/282
f 579/1143/261 595/1144/261 593/1120/261 577/1119/261
f 578/1130/282 594/1129/282 596/1145/282 580/1146/282
f 575/1122/261 591/1121/261 589/1136/261 573/1135/261
f 574/1142/282 590/1141/282 592/1128/282 576/1127/282
f 571/1138/261 587/1137/261 584/1140/261 569/1139/261
f 587/1103/223 589/1105/235 590/1108/235 588/1104/223
f 599/1147/595 601/1148/595 602/69/68 600/68/68
f 605/1149/596 604/1150/597 603/1151/597 606/1152/596
f 599/1147/595 605/1149/596 606/1152/596 601/1148/595
f 25/90/80 154/89/79 606/102/89 603/1153/598
f 26/98/599 25/90/599 603/1153/597 604/266/597
f 153/65/64 155/99/85 605/267/197 599/1154/600
f 58/77/72 12/4/26 602/69/601 601/101/88
f 7/3/39 153/65/64 599/1154/600 600/68/602
f 512/966/526 618/940/534 614/943/504 493/967/479
f 617/1155/539 639/1156/603 642/1157/535 618/1158/534
f 501/977/532 616/1159/538 612/1160/108 490/978/104
f 629/1161/544 634/1162/543 643/1163/604 647/1164/605
f 492/924/525 617/1155/539 618/1158/534 512/925/526
f 500/934/533 615/957/515 616/960/538 501/933/532
f 491/900/509 482/888/499 609/876/487 611/875/486
f 78/108/92 77/107/92 608/897/606 607/902/606
f 77/107/490 483/864/476 610/893/503 608/897/507
f 482/888/499 78/108/498 607/902/511 609/876/487
f 483/864/476 493/867/479 614/894/504 610/893/503
f 639/1165/603 617/969/539 613/970/502 633/1166/541
f 607/902/606 608/897/606 626/898/607 623/903/607
f 612/123/108 646/929/528 650/124/109
f 616/1159/538 638/1167/537 630/1168/536 612/1160/108
f 645/984/542 648/983/529 647/1164/605 643/1163/604
f 622/877/488 623/903/512 621/883/494
f 626/898/508 624/896/506 625/884/495
f 628/873/484 637/872/483 638/959/537 627/958/514
f 642/1157/535 639/1156/603 640/871/482 641/874/485
f 621/883/494 635/886/497 636/878/489 622/877/488
f 632/885/496 625/884/495 624/896/506 631/895/505
f 635/921/497 628/920/484 627/907/514 636/910/489
f 637/985/483 629/988/544 630/1168/536 638/1167/537
f 639/1165/603 633/1166/541 634/987/543 640/986/482
f 631/942/505 642/941/535 641/919/485 632/922/496
f 644/971/540 645/984/542 643/1163/604
f 648/930/529 646/929/528 647/1164/605
f 646/929/528 630/956/536 629/1161/544 647/1164/605
f 633/972/541 644/971/540 643/1163/604 634/1162/543
f 619/882/608 620/1169/608 74/106/91 76/105/91
f 626/898/607 625/884/609 621/883/609 623/903/607
f 649/891/501 645/1170/542 644/971/540
f 613/892/502 649/891/501 644/971/540
f 651/1171/282 652/1045/610 653/1000/611
f 651/1172/282 653/1000/611 654/999/612
f 651/1173/282 654/999/612 655/1011/613
f 651/1172/282 655/1011/613 656/1019/614
f 651/1171/282 656/1019/614 657/1027/615
f 651/1174/282 657/1027/615 658/1035/616
f 651/1175/282 658/1035/616 659/1039/617
f 651/1174/282 659/1039/617 652/1045/610
f 529/1001/550 653/1000/550 652/1045/572 528/1044/572
f 660/1176/56 661/1177/56 663/1178/233 662/1179/233
f 662/1179/233 663/1178/233 665/1180/237 664/1181/237
f 664/1181/237 665/1180/237 667/1182/236 666/1183/236
f 666/1183/236 667/1182/236 669/1184/238 668/1185/238
f 668/1185/238 669/1184/238 671/1186/71 670/1187/71
f 670/1187/71 671/1186/71 673/1188/281 672/1189/281
f 674/1190/280 675/1191/280 661/1177/56 660/1176/56
f 676/1192/71 677/1193/224 678/1194/224 679/1195/71
f 677/1193/224 680/1196/223 681/1197/223 678/1194/224
f 682/1198/235 684/1199/234 685/1200/234 683/1201/235
f 684/1199/234 686/1202/56 687/1203/56 685/1200/234
f 686/1202/56 688/1204/279 689/1205/279 687/1203/56
f 690/1206/278 676/1192/71 679/1195/71 691/1207/278
f 663/1208/282 678/1209/282 681/1210/282 665/1211/282
f 670/1212/261 686/1213/261 684/1214/261 668/1215/261
f 660/1216/261 676/1217/261 690/1218/261 674/1219/261
f 669/1220/282 685/1221/282 687/1222/282 671/1223/282
f 675/1224/282 691/1225/282 679/1226/282 661/1227/282
f 666/1228/261 682/1229/261 680/1230/261 664/1231/261
f 662/1232/261 677/1233/261 676/1217/261 660/1216/261
f 665/1211/282 681/1210/282 683/1234/282 667/1235/282
f 661/1227/282 679/1226/282 678/1209/282 663/1208/282
f 672/1236/261 688/1237/261 686/1213/261 670/1212/261
f 671/1223/282 687/1222/282 689/1238/282 673/1239/282
f 668/1215/261 684/1214/261 682/1229/261 666/1228/261
f 667/1235/282 683/1234/282 685/1221/282 669/1220/282
f 672/1189/618 673/1188/618 689/1205/618 688/1204/618
f 664/1231/261 680/1230/261 677/1233/261 662/1232/261
f 674/1190/619 690/1206/619 691/1207/619 675/1191/619
f 680/1196/223 682/1198/235 683/1201/235 681/1197/223
f 766/1240/620 770/1241/621 706/1242/622 696/1243/622
f 761/1244/623 766/1240/624 696/1243/625 699/1245/625
f 708/1246/626 715/1247/627 769/1248/628 765/1249/629
f 704/1250/630 705/1251/630 693/1252/631 692/1253/632
f 697/1254/633 698/1255/633 707/1256/634 706/1242/634
f 694/1257/635 702/1258/636 712/1259/636 700/1260/637
f 700/1260/638 712/1259/639 704/1250/639 692/1253/640
f 703/1261/641 695/1262/642 701/1263/643 713/1264/641
f 713/1264/644 701/1263/645 693/1252/646 705/1251/644
f 706/1242/634 707/1256/634 699/1245/647 696/1243/647
f 768/1265/648 761/1244/649 699/1245/650 707/1256/651
f 763/1266/652 764/1267/653 698/1255/654 697/1254/654
f 709/1268/655 714/1269/656 771/1270/657 767/1271/658
f 715/1247/659 710/1272/660 760/1273/661 769/1248/662
f 709/1268/663 767/1271/664 760/1273/665 710/1272/666
f 770/1241/667 763/1266/668 697/1254/669 706/1242/669
f 764/1267/670 768/1265/648 707/1256/651 698/1255/671
f 692/1253/632 693/1252/631 708/1246/672 711/1274/673
f 695/1262/674 694/1257/675 709/1268/663 710/1272/666
f 714/1269/676 711/1274/677 762/1275/678 771/1270/679
f 694/1257/635 700/1260/637 714/1269/656 709/1268/655
f 700/1260/638 692/1253/640 711/1274/677 714/1269/676
f 693/1252/646 701/1263/645 715/1247/627 708/1246/626
f 701/1263/643 695/1262/642 710/1272/660 715/1247/659
f 695/1262/674 703/1261/680 702/1258/680 694/1257/675
f 738/1276/56 721/1277/681 720/1278/682 739/1279/683
f 739/1279/683 720/1278/682 723/1280/684 740/1281/685
f 740/1281/685 723/1280/684 725/1282/686 741/1283/687
f 741/1283/687 725/1282/686 727/1284/688 742/1285/689
f 742/1285/689 727/1284/688 729/1286/690 743/1287/71
f 743/1287/71 729/1286/690 731/1288/691 744/1289/692
f 744/1289/692 731/1288/691 733/1290/693 745/1291/694
f 745/1291/694 733/1290/693 735/1292/695 746/1293/696
f 746/1293/696 735/1292/695 737/1294/697 747/1295/698
f 747/1295/698 737/1294/697 721/1277/681 738/1276/56
f 716/1296/282 718/1297/699 719/1298/700
f 717/1299/261 720/1300/701 721/1301/702
f 716/1296/282 719/1298/700 722/1302/703
f 717/1299/261 723/1303/704 720/1300/701
f 716/1296/282 722/1302/703 724/1304/705
f 717/1299/261 725/1305/706 723/1303/704
f 716/1296/282 724/1304/705 726/1306/707
f 717/1299/261 727/1307/708 725/1305/706
f 716/1296/282 726/1306/707 728/1308/709
f 717/1299/261 729/1309/710 727/1307/708
f 716/1296/282 728/1308/709 730/1310/711
f 717/1299/261 731/1311/712 729/1309/710
f 716/1296/282 730/1310/711 732/1312/713
f 717/1299/261 733/1313/714 731/1311/712
f 716/1296/282 732/1312/713 734/1314/715
f 717/1299/261 735/1315/716 733/1313/714
f 716/1296/282 734/1314/715 736/1316/717
f 717/1299/261 737/1317/718 735/1315/716
f 716/1296/282 736/1316/717 718/1297/699
f 717/1299/261 721/1301/702 737/1317/718
f 736/1318/719 747/1295/698 738/1276/56 718/1319/720
f 734/1320/721 746/1293/696 747/1295/698 736/1318/719
f 732/1321/722 745/1291/694 746/1293/696 734/1320/721
f 730/1322/723 744/1289/692 745/1291/694 732/1321/722
f 728/1323/724 743/1287/71 744/1289/692 730/1322/723
f 726/1324/725 742/1285/689 743/1287/71 728/1323/724
f 724/1325/726 741/1283/687 742/1285/689 726/1324/725
f 722/1326/727 740/1281/685 741/1283/687 724/1325/726
f 719/1327/728 739/1279/683 740/1281/685 722/1326/727
f 718/1319/720 738/1276/56 739/1279/683 719/1327/728
f 749/1328/282 757/1329/282 750/1330/282
f 749/1331/729 758/1332/730 751/1333/731 748/1334/729
f 756/1335/434 752/1336/434 751/1337/434
f 752/1336/434 757/1329/434 748/1338/434 751/1337/434
f 749/1331/732 750/1339/732 753/1340/733 758/1332/734
f 753/1340/733 756/1341/735 755/1342/736
f 751/1333/731 755/1342/737 756/1341/738
f 751/1333/731 758/1332/730 754/1343/739
f 753/1340/733 754/1343/740 758/1332/734
f 751/1333/731 754/1343/739 759/1344/741
f 753/1340/733 759/1344/742 754/1343/740
f 751/1333/731 759/1344/741 755/1342/737
f 753/1340/733 755/1342/736 759/1344/742
f 749/1328/282 748/1338/282 757/1329/282
f 756/1335/434 753/1345/434 752/1336/434
f 753/1345/434 750/1330/434 757/1329/434 752/1336/434
f 761/1244/649 768/1265/648 769/1248/662 760/1273/661
f 765/1249/629 769/1248/628 768/1265/648 764/1267/670
f 763/1266/668 770/1241/667 771/1270/679 762/1275/678
f 767/1271/658 771/1270/657 770/1241/621 766/1240/620
f 760/1273/665 767/1271/664 766/1240/624 761/1244/623
f 762/1275/743 765/1249/744 764/1267/653 763/1266/652
f 711/1274/673 708/1246/672 765/1249/744 762/1275/743
