# Blender v3.4.1 OBJ File: 'December2025_ToySoldier_Assets_Export.blend'
# www.blender.org
mtllib ToySoldier_Trumpet.mtl
o ToySoldier_Trumpet
v 0.019833 0.235614 -0.181846
v 0.056624 0.220501 -0.181552
v 0.072076 0.183755 -0.180775
v 0.056930 0.146738 -0.179914
v 0.019921 0.131325 -0.179538
v -0.017114 0.146677 -0.179914
v -0.032320 0.183669 -0.180776
v -0.016931 0.220438 -0.181552
v 0.019882 0.222309 -0.271667
v 0.059869 0.207146 -0.265386
v 0.076802 0.170229 -0.250095
v 0.060429 0.132794 -0.234589
v 0.019882 0.117111 -0.228093
v -0.020665 0.132794 -0.234589
v -0.037038 0.170228 -0.250095
v -0.020105 0.207146 -0.265386
v 0.019882 0.170792 -0.348768
v 0.059869 0.159186 -0.337162
v 0.076802 0.130931 -0.308907
v 0.060429 0.102280 -0.280256
v 0.019882 0.090277 -0.268253
v -0.020665 0.102280 -0.280256
v -0.037038 0.130931 -0.308907
v -0.020105 0.159187 -0.337162
v 0.019882 0.093692 -0.400285
v 0.059869 0.087411 -0.385121
v 0.076802 0.072120 -0.348204
v 0.060429 0.056613 -0.310770
v 0.019882 0.050117 -0.295087
v -0.020665 0.056613 -0.310770
v -0.037038 0.072119 -0.348204
v -0.020105 0.087411 -0.385121
v 0.019882 0.002746 -0.418375
v 0.059869 0.002746 -0.401962
v 0.076802 0.002746 -0.362003
v 0.060429 0.002746 -0.321484
v 0.019882 0.002746 -0.304509
v -0.020665 0.002745 -0.321484
v -0.037038 0.002745 -0.362003
v -0.020105 0.002746 -0.401962
v 0.019882 -0.088200 -0.400285
v 0.059869 -0.081919 -0.385122
v 0.076801 -0.066628 -0.348204
v 0.060429 -0.051122 -0.310770
v 0.019882 -0.044626 -0.295087
v -0.020665 -0.051122 -0.310770
v -0.037038 -0.066628 -0.348204
v -0.020105 -0.081920 -0.385122
v 0.019882 -0.165301 -0.348768
v 0.059868 -0.153696 -0.337162
v 0.076802 -0.125440 -0.308907
v 0.060429 -0.096789 -0.280256
v 0.019882 -0.084786 -0.268253
v -0.020665 -0.096789 -0.280256
v -0.037038 -0.125440 -0.308907
v -0.020105 -0.153695 -0.337162
v 0.019882 -0.216818 -0.271667
v 0.059869 -0.201655 -0.265386
v 0.076801 -0.164737 -0.250095
v 0.060429 -0.127303 -0.234589
v 0.019882 -0.111620 -0.228093
v -0.020665 -0.127303 -0.234589
v -0.037038 -0.164737 -0.250095
v -0.020105 -0.201655 -0.265386
v 0.020342 -0.234848 -0.181825
v 0.060310 -0.218019 -0.181532
v 0.076814 -0.177808 -0.180754
v 0.059955 -0.137578 -0.179893
v 0.019444 -0.121113 -0.179517
v -0.020803 -0.138211 -0.179894
v -0.037028 -0.178704 -0.180754
v -0.019891 -0.218654 -0.181531
v 0.053374 0.223280 0.027024
v -0.031952 0.178988 0.027024
v 0.071717 0.187936 0.027024
v 0.059696 0.149976 0.027025
v 0.024356 0.131632 0.027025
v -0.013605 0.143649 0.027024
v -0.019936 0.216953 0.027024
v 0.015408 0.235301 0.027024
v -0.041928 -0.008153 0.418375
v -0.004353 0.005523 0.401962
v -0.041928 -0.008153 0.304509
v -0.080030 -0.022021 0.321484
v -0.079503 -0.021829 0.401962
v -0.073034 0.077308 0.400285
v -0.033310 0.085082 0.385122
v -0.058131 0.036362 0.295087
v -0.098454 0.028598 0.310770
v -0.108461 0.057730 0.385122
v -0.099404 0.149759 0.348768
v -0.057859 0.152530 0.337162
v -0.071866 0.074100 0.268253
v -0.114073 0.071511 0.280256
v -0.133010 0.125177 0.337162
v -0.117023 0.198169 0.271667
v -0.074262 0.197596 0.265386
v -0.081044 0.099315 0.228093
v -0.124509 0.100184 0.234589
v -0.149413 0.170244 0.265386
v -0.121531 0.210692 0.181895
v -0.081790 0.209005 0.181601
v -0.085942 0.112662 0.179588
v -0.125988 0.114485 0.179964
v -0.150935 0.183904 0.181601
v 0.038901 -0.231575 0.181825
v 0.071169 -0.202597 0.181531
v 0.000845 -0.124392 0.179517
v -0.031591 -0.153719 0.179893
v -0.004412 -0.229431 0.181532
v 0.033167 -0.214476 0.271667
v 0.065556 -0.186550 0.265386
v -0.002813 -0.115622 0.228093
v -0.035551 -0.144226 0.234589
v -0.009595 -0.213903 0.265386
v 0.015547 -0.166066 0.348768
v 0.049153 -0.141483 0.337162
v -0.011991 -0.090406 0.268253
v -0.045987 -0.115553 0.280256
v 0.011559 0.011314 0.362003
v 0.035286 -0.053876 0.348204
v -0.025997 -0.168836 0.337162
v -0.010823 -0.093615 0.400285
v 0.024604 -0.074036 0.385121
v -0.025726 -0.052668 0.295087
v -0.061606 -0.072641 0.310770
v -0.050546 -0.101389 0.385121
v -0.095415 -0.027621 0.362003
v -0.071688 -0.092811 0.348204
v -0.012169 0.076504 0.348204
v -0.119143 0.037569 0.348204
v -0.032284 0.131770 0.308907
v -0.139257 0.092834 0.308907
v -0.045724 0.168697 0.250095
v -0.152698 0.129762 0.250095
v -0.054753 0.179714 0.180825
v -0.152884 0.144087 0.180825
v 0.073609 -0.159195 0.180754
v -0.033674 -0.197290 0.180754
v 0.068841 -0.146068 0.250095
v -0.038133 -0.185003 0.250095
v 0.055401 -0.109141 0.308907
v -0.051573 -0.148076 0.308907
v -0.003827 0.005715 0.321484
v 0.014597 -0.044905 0.310770
v -0.022250 0.056334 0.310770
v -0.037870 0.099247 0.280256
v -0.048306 0.127920 0.234589
v -0.056392 0.139752 0.179963
v 0.044513 -0.126695 0.179894
v 0.040653 -0.116491 0.234589
v 0.030216 -0.087817 0.280256
v -0.148779 0.149643 -0.027104
v -0.058695 0.173686 -0.027104
v -0.063389 0.138318 -0.027104
v -0.127085 0.121317 -0.027104
v -0.091717 0.116627 -0.027105
v -0.144090 0.185014 -0.027104
v -0.080386 0.202017 -0.027104
v -0.115760 0.206711 -0.027104
v -0.012380 -0.224050 0.000000
v -0.026192 -0.145714 0.000000
v 0.065956 -0.210237 0.000000
v -0.035510 -0.187743 0.000000
v 0.010115 -0.122583 0.000000
v 0.052144 -0.131901 0.000000
v 0.075274 -0.168208 0.000000
v 0.029649 -0.233368 0.000000
v -0.112082 0.197050 -0.204192
v -0.134657 0.180787 -0.204192
v -0.084620 0.192587 -0.204193
v -0.139119 0.153325 -0.204192
v -0.122856 0.130750 -0.204192
v -0.068357 0.170013 -0.204193
v -0.095394 0.126288 -0.204193
v -0.072820 0.142551 -0.204193
v -0.095319 0.018963 0.568310
v 0.054738 -0.014305 0.568310
v -0.015003 0.381232 0.568310
v 0.135055 0.347964 0.568310
v 0.217637 0.218334 0.568310
v 0.184369 0.068277 0.568310
v -0.119086 0.139783 -0.381715
v -0.130066 0.157046 -0.381715
v -0.125623 0.177016 -0.381715
v -0.099115 0.135341 -0.381715
v -0.108360 0.187996 -0.381715
v -0.088390 0.183553 -0.381715
v -0.077410 0.166291 -0.381716
v -0.081853 0.146321 -0.381715
v -0.103733 0.161669 -0.451784
v -0.137723 0.113126 -0.462055
v -0.162093 0.151379 -0.462055
v -0.152276 0.195660 -0.462055
v -0.093442 0.103309 -0.462055
v -0.114023 0.220030 -0.462055
v -0.069742 0.210213 -0.462055
v -0.045373 0.171960 -0.462055
v -0.055189 0.127679 -0.462055
v -0.131074 0.122624 -0.404692
v -0.137501 0.113443 -0.432091
v -0.161712 0.151446 -0.432091
v -0.150675 0.153392 -0.404692
v -0.142780 0.189008 -0.404692
v -0.151959 0.195438 -0.432091
v -0.095458 0.114728 -0.404692
v -0.093510 0.103690 -0.432091
v -0.113956 0.219649 -0.432091
v -0.112012 0.208610 -0.404692
v -0.076395 0.200714 -0.404692
v -0.069964 0.209896 -0.432091
v -0.045753 0.171893 -0.432091
v -0.056793 0.169946 -0.404693
v -0.064690 0.134329 -0.404692
v -0.055506 0.127901 -0.432091
v -0.147503 0.099159 -0.503448
v -0.090481 0.086517 -0.503448
v -0.041222 0.117899 -0.503448
v -0.041482 0.118081 -0.468104
v -0.059962 0.224180 -0.503448
v -0.060145 0.223920 -0.468104
v -0.178885 0.148418 -0.503448
v -0.116984 0.236821 -0.503448
v -0.166244 0.205440 -0.503448
v -0.116929 0.236509 -0.468104
v -0.147321 0.099419 -0.468104
v -0.178572 0.148473 -0.468104
v -0.028894 0.174866 -0.468104
v -0.090537 0.086830 -0.468104
v -0.165983 0.205258 -0.468104
v -0.028581 0.174921 -0.503448
v -0.129214 0.125278 -0.506904
v -0.096018 0.117918 -0.506905
v -0.147484 0.153955 -0.506905
v -0.111447 0.205420 -0.506905
v -0.140124 0.187151 -0.506904
v -0.078251 0.198061 -0.506904
v -0.067341 0.136188 -0.506904
v -0.059981 0.169384 -0.506905
v -0.113101 0.160488 0.463058
v -0.036547 0.175891 0.226045
v -0.078194 0.167107 0.391063
v -0.051910 0.172511 0.304306
v -0.014664 0.138210 0.226045
v -0.057907 0.073191 0.463059
v -0.023137 0.124958 0.304307
v -0.037904 0.102552 0.391064
v -0.003103 0.316439 0.463059
v 0.012305 0.239893 0.226045
v 0.003518 0.281536 0.391064
v 0.008924 0.255253 0.304307
v -0.025376 0.218010 0.226045
v -0.090400 0.261245 0.463059
v -0.038629 0.226481 0.304307
v -0.061037 0.241245 0.391064
v 0.027455 0.127039 0.226045
v 0.042849 0.050490 0.463059
v 0.030833 0.111678 0.304307
v 0.036234 0.085394 0.391064
v 0.130147 0.105684 0.463060
v 0.065136 0.148922 0.226045
v 0.100789 0.125685 0.391064
v 0.078386 0.140450 0.304307
v 0.076307 0.191041 0.226045
v 0.152848 0.206441 0.463060
v 0.091667 0.194420 0.304307
v 0.117947 0.199823 0.391064
v 0.054423 0.228722 0.226045
v 0.097653 0.293738 0.463060
v 0.062894 0.241973 0.304307
v 0.077656 0.264378 0.391064
v 0.019861 0.183462 0.172668
v -0.095713 0.163083 0.488795
v -0.040519 0.172816 0.326182
v -0.015305 0.133238 0.326182
v -0.047450 0.087325 0.488795
v 0.135445 0.203843 0.488795
v 0.080245 0.194110 0.326181
v 0.055031 0.233687 0.326182
v 0.087182 0.279601 0.488795
v -0.076272 0.250779 0.488795
v -0.030362 0.218630 0.326182
v 0.009216 0.243844 0.326181
v -0.000514 0.299042 0.488795
v 0.030510 0.123081 0.326181
v 0.040246 0.067884 0.488795
v 0.070088 0.148295 0.326182
v 0.116003 0.116147 0.488795
v -0.135737 0.052025 0.618557
v -0.050423 -0.007712 0.618557
v -0.165017 0.097985 0.618557
v -0.183102 0.200552 0.618557
v -0.171307 0.253755 0.618557
v -0.111570 0.339069 0.618557
v 0.105347 -0.001421 0.618557
v 0.002780 -0.019507 0.618557
v 0.036957 0.386434 0.618557
v -0.065610 0.368349 0.618557
v 0.175474 0.314901 0.618557
v 0.090160 0.374639 0.618557
v 0.222839 0.166375 0.618557
v 0.204753 0.268942 0.618557
v 0.211044 0.113172 0.618557
v 0.151307 0.027858 0.618557
v -0.122790 0.070583 0.608308
v -0.037412 0.010801 0.608308
v -0.075520 0.047236 0.563291
v -0.160825 0.204520 0.608308
v -0.142726 0.101876 0.608308
v -0.143909 0.154585 0.563291
v -0.093011 0.326122 0.608308
v -0.152794 0.240744 0.608308
v -0.116360 0.278851 0.563291
v -0.001188 0.002770 0.608308
v 0.101456 0.020869 0.608308
v 0.048746 0.019687 0.563291
v 0.040925 0.364157 0.608308
v -0.061719 0.346058 0.608308
v -0.009011 0.347240 0.563291
v 0.162527 0.296344 0.608308
v 0.077149 0.356126 0.608308
v 0.115256 0.319692 0.563292
v 0.200562 0.162407 0.608308
v 0.182463 0.265051 0.608308
v 0.183645 0.212342 0.563292
v 0.132749 0.040805 0.608308
v 0.192531 0.126183 0.608308
v 0.156096 0.088075 0.563292
v 0.232119 0.098147 0.582238
v 0.172634 0.013193 0.582238
v 0.230280 0.273220 0.582238
v 0.248289 0.171086 0.582238
v 0.105185 0.395715 0.582238
v 0.190139 0.336229 0.582238
v -0.069888 0.393876 0.582238
v 0.032246 0.411885 0.582238
v 0.109624 -0.026949 0.582238
v 0.007490 -0.044958 0.582238
v -0.192383 0.268781 0.582238
v -0.132898 0.353734 0.582238
v -0.144640 0.298655 0.568313
v -0.190544 0.093707 0.582238
v -0.208553 0.195841 0.582238
v -0.177909 0.148592 0.568313
v -0.065449 -0.028788 0.582238
v -0.150403 0.030698 0.582238
v 0.172558 0.013144 0.610522
v 0.232139 0.098235 0.610522
v 0.230232 0.273296 0.610522
v 0.248270 0.170997 0.610522
v 0.105097 0.395734 0.610522
v 0.190187 0.336153 0.610522
v -0.069964 0.393827 0.610522
v 0.032334 0.411865 0.610522
v 0.007402 -0.044938 0.610522
v 0.109701 -0.026900 0.610522
v -0.132821 0.353783 0.610522
v -0.192403 0.268692 0.610522
v -0.208534 0.195930 0.610522
v -0.190496 0.093631 0.610522
v -0.065360 -0.028807 0.610522
v -0.150451 0.030774 0.610522
v 0.052577 0.160554 0.212031
v 0.059193 0.190398 0.212031
v 0.042769 0.216178 0.212031
v 0.012925 0.222794 0.212031
v 0.026796 0.144130 0.212031
v -0.012855 0.206370 0.212031
v -0.019471 0.176527 0.212031
v -0.003047 0.150746 0.212031
v -0.005433 0.281402 0.000005
v -0.011598 0.281402 0.023011
v -0.028439 0.281402 0.039852
v -0.051445 0.281402 0.046017
v -0.074451 0.281402 0.039852
v -0.091293 0.281402 0.023011
v -0.097457 0.281402 0.000005
v -0.091293 0.281402 -0.023001
v -0.074451 0.281402 -0.039843
v -0.051445 0.281402 -0.046007
v -0.028439 0.281402 -0.039843
v -0.011598 0.281402 -0.023001
v -0.051445 -0.299932 0.000005
v -0.005433 -0.276833 0.000005
v -0.012437 -0.293166 0.000005
v -0.051445 0.315238 0.000005
v -0.011598 -0.276833 0.023011
v -0.017663 -0.293166 0.019509
v -0.028439 -0.276833 0.039852
v -0.031941 -0.293166 0.033787
v -0.051445 -0.276833 0.046017
v -0.051445 -0.293166 0.039013
v -0.074451 -0.276833 0.039852
v -0.070949 -0.293166 0.033787
v -0.038277 0.345609 0.013172
v -0.091293 -0.276833 0.023011
v -0.085227 -0.293166 0.019509
v -0.038277 0.293845 0.013172
v -0.097457 -0.276833 0.000005
v -0.090453 -0.293166 0.000005
v -0.064614 0.345609 0.013172
v -0.091293 -0.276833 -0.023001
v -0.085227 -0.293166 -0.019499
v -0.064614 0.293845 0.013172
v -0.074451 -0.276833 -0.039843
v -0.070949 -0.293166 -0.033777
v -0.038277 0.345609 -0.013165
v -0.051445 -0.276833 -0.046007
v -0.051445 -0.293166 -0.039003
v -0.038277 0.293845 -0.013165
v -0.028439 -0.276833 -0.039843
v -0.031941 -0.293166 -0.033777
v -0.064614 0.345609 -0.013165
v -0.011598 -0.276833 -0.023001
v -0.017663 -0.293166 -0.019499
v -0.032307 -0.299932 0.011054
v -0.029346 -0.299932 0.000005
v -0.040396 -0.299932 0.019143
v -0.051445 -0.299932 0.022104
v -0.062495 -0.299932 0.019143
v -0.070583 -0.299932 0.011054
v -0.073544 -0.299932 0.000005
v -0.070583 -0.299932 -0.011045
v -0.062495 -0.299932 -0.019134
v -0.051445 -0.299932 -0.022094
v -0.040396 -0.299932 -0.019134
v -0.032307 -0.299932 -0.011045
v -0.064614 0.293845 -0.013165
v -0.104477 0.309143 -0.030613
v -0.104477 0.287497 -0.030613
v -0.082063 0.287497 -0.053027
v -0.082063 0.309143 -0.053027
v -0.104477 0.287497 0.030623
v -0.104477 0.309143 0.030623
v -0.020827 0.287497 0.053037
v -0.020827 0.309143 0.053037
v -0.051445 0.287497 -0.061231
v -0.051445 0.309143 -0.061231
v -0.112681 0.287497 0.000005
v -0.112681 0.309143 0.000005
v 0.001587 0.309143 0.030623
v 0.001587 0.287497 0.030623
v 0.009791 0.287497 0.000005
v 0.009791 0.309143 0.000005
v 0.001587 0.309143 -0.030613
v 0.001587 0.287497 -0.030613
v -0.020827 0.287497 -0.053027
v -0.020827 0.309143 -0.053027
v -0.082063 0.309143 0.053037
v -0.082063 0.287497 0.053037
v -0.051445 0.287497 0.061241
v -0.051445 0.309143 0.061241
v -0.028439 0.315238 0.039852
v -0.011598 0.315238 0.023011
v -0.074451 0.315238 0.039852
v -0.051445 0.315238 0.046017
v -0.011598 0.315238 -0.023001
v -0.028439 0.315238 -0.039843
v -0.051445 0.315238 -0.046007
v -0.074451 0.315238 -0.039843
v -0.091293 0.315238 -0.023001
v -0.097457 0.315238 0.000005
v -0.091293 0.315238 0.023011
v -0.005433 0.315238 0.000005
v -0.051445 0.335651 0.000005
v -0.092853 0.374330 -0.023901
v -0.092853 0.340980 -0.023901
v -0.075352 0.340980 -0.041402
v -0.075352 0.374330 -0.041402
v -0.092853 0.340980 0.023912
v -0.092853 0.374330 0.023912
v -0.027539 0.340980 0.041413
v -0.027539 0.374330 0.041413
v -0.051445 0.340980 -0.047808
v -0.051445 0.374330 -0.047808
v -0.099258 0.340980 0.000005
v -0.099258 0.374330 0.000005
v -0.010038 0.374330 0.023912
v -0.010038 0.340980 0.023912
v -0.003632 0.340980 0.000005
v -0.003632 0.374330 0.000005
v -0.010038 0.374330 -0.023901
v -0.010038 0.340980 -0.023901
v -0.027539 0.340980 -0.041402
v -0.027539 0.374330 -0.041402
v -0.075352 0.374330 0.041413
v -0.075352 0.340980 0.041413
v -0.051445 0.340980 0.047819
v -0.051445 0.374330 0.047819
v -0.051445 0.379659 0.000005
v -0.020332 0.335651 0.017968
v -0.015519 0.335651 0.000005
v -0.033482 0.335651 0.031118
v -0.051445 0.335651 0.035932
v -0.069408 0.335651 0.031118
v -0.082558 0.335651 0.017968
v -0.087371 0.335651 0.000005
v -0.082558 0.335651 -0.017958
v -0.069408 0.335651 -0.031108
v -0.051445 0.335651 -0.035921
v -0.033482 0.335651 -0.031108
v -0.020332 0.335651 -0.017958
v -0.033482 0.379659 0.031118
v -0.020332 0.379659 0.017968
v -0.069408 0.379659 0.031118
v -0.051445 0.379659 0.035932
v -0.020332 0.379659 -0.017958
v -0.033482 0.379659 -0.031108
v -0.051445 0.379659 -0.035921
v -0.069408 0.379659 -0.031108
v -0.082558 0.379659 -0.017958
v -0.087371 0.379659 0.000005
v -0.082558 0.379659 0.017968
v -0.015519 0.379659 0.000005
v -0.005433 0.281402 0.126506
v -0.011598 0.281402 0.149512
v -0.028439 0.281402 0.166354
v -0.051445 0.281402 0.172518
v -0.074451 0.281402 0.166354
v -0.091293 0.281402 0.149512
v -0.097457 0.281402 0.126506
v -0.091293 0.281402 0.103500
v -0.074451 0.281402 0.086659
v -0.051445 0.281402 0.080494
v -0.028439 0.281402 0.086659
v -0.011598 0.281402 0.103500
v -0.051445 -0.299932 0.126506
v -0.005433 -0.276833 0.126506
v -0.012437 -0.293166 0.126506
v -0.051445 0.315238 0.126506
v -0.011598 -0.276833 0.149512
v -0.017663 -0.293166 0.146010
v -0.028439 -0.276833 0.166354
v -0.031941 -0.293166 0.160288
v -0.051445 -0.276833 0.172518
v -0.051445 -0.293166 0.165514
v -0.074451 -0.276833 0.166354
v -0.070949 -0.293166 0.160288
v -0.038277 0.345609 0.139674
v -0.091293 -0.276833 0.149512
v -0.085227 -0.293166 0.146010
v -0.038277 0.293845 0.139674
v -0.097457 -0.276833 0.126506
v -0.090453 -0.293166 0.126506
v -0.064614 0.345609 0.139674
v -0.091293 -0.276833 0.103500
v -0.085227 -0.293166 0.107002
v -0.064614 0.293845 0.139674
v -0.074451 -0.276833 0.086659
v -0.070949 -0.293166 0.092724
v -0.038277 0.345609 0.113337
v -0.051445 -0.276833 0.080494
v -0.051445 -0.293166 0.087498
v -0.038277 0.293845 0.113337
v -0.028439 -0.276833 0.086659
v -0.031941 -0.293166 0.092724
v -0.064614 0.345609 0.113337
v -0.011598 -0.276833 0.103500
v -0.017663 -0.293166 0.107002
v -0.032307 -0.299932 0.137556
v -0.029346 -0.299932 0.126506
v -0.040396 -0.299932 0.145644
v -0.051445 -0.299932 0.148605
v -0.062495 -0.299932 0.145644
v -0.070583 -0.299932 0.137556
v -0.073544 -0.299932 0.126506
v -0.070583 -0.299932 0.115457
v -0.062495 -0.299932 0.107368
v -0.051445 -0.299932 0.104407
v -0.040396 -0.299932 0.107368
v -0.032307 -0.299932 0.115457
v -0.064614 0.293845 0.113337
v -0.104477 0.309143 0.095888
v -0.104477 0.287497 0.095888
v -0.082063 0.287497 0.073474
v -0.082063 0.309143 0.073474
v -0.104477 0.287497 0.157124
v -0.104477 0.309143 0.157124
v -0.020827 0.287497 0.179538
v -0.020827 0.309143 0.179538
v -0.051445 0.287497 0.065270
v -0.051445 0.309143 0.065270
v -0.112681 0.287497 0.126506
v -0.112681 0.309143 0.126506
v 0.001587 0.309143 0.157124
v 0.001587 0.287497 0.157124
v 0.009791 0.287497 0.126506
v 0.009791 0.309143 0.126506
v 0.001587 0.309143 0.095888
v 0.001587 0.287497 0.095888
v -0.020827 0.287497 0.073474
v -0.020827 0.309143 0.073474
v -0.082063 0.309143 0.179538
v -0.082063 0.287497 0.179538
v -0.051445 0.287497 0.187742
v -0.051445 0.309143 0.187742
v -0.028439 0.315238 0.166354
v -0.011598 0.315238 0.149512
v -0.074451 0.315238 0.166354
v -0.051445 0.315238 0.172518
v -0.011598 0.315238 0.103500
v -0.028439 0.315238 0.086659
v -0.051445 0.315238 0.080494
v -0.074451 0.315238 0.086659
v -0.091293 0.315238 0.103500
v -0.097457 0.315238 0.126506
v -0.091293 0.315238 0.149512
v -0.005433 0.315238 0.126506
v -0.051445 0.335651 0.126507
v -0.092853 0.374330 0.102600
v -0.092853 0.340980 0.102600
v -0.075352 0.340980 0.085099
v -0.075352 0.374330 0.085099
v -0.092853 0.340980 0.150413
v -0.092853 0.374330 0.150413
v -0.027539 0.340980 0.167914
v -0.027539 0.374330 0.167914
v -0.051445 0.340980 0.078694
v -0.051445 0.374330 0.078694
v -0.099258 0.340980 0.126507
v -0.099258 0.374330 0.126507
v -0.010038 0.374330 0.150413
v -0.010038 0.340980 0.150413
v -0.003632 0.340980 0.126507
v -0.003632 0.374330 0.126507
v -0.010038 0.374330 0.102600
v -0.010038 0.340980 0.102600
v -0.027539 0.340980 0.085099
v -0.027539 0.374330 0.085099
v -0.075352 0.374330 0.167914
v -0.075352 0.340980 0.167914
v -0.051445 0.340980 0.174320
v -0.051445 0.374330 0.174320
v -0.051445 0.379659 0.126507
v -0.020332 0.335651 0.144470
v -0.015519 0.335651 0.126507
v -0.033482 0.335651 0.157620
v -0.051445 0.335651 0.162433
v -0.069408 0.335651 0.157620
v -0.082558 0.335651 0.144470
v -0.087371 0.335651 0.126507
v -0.082558 0.335651 0.108544
v -0.069408 0.335651 0.095394
v -0.051445 0.335651 0.090581
v -0.033482 0.335651 0.095394
v -0.020332 0.335651 0.108544
v -0.033482 0.379659 0.157620
v -0.020332 0.379659 0.144470
v -0.069408 0.379659 0.157620
v -0.051445 0.379659 0.162433
v -0.020332 0.379659 0.108544
v -0.033482 0.379659 0.095394
v -0.051445 0.379659 0.090581
v -0.069408 0.379659 0.095394
v -0.082558 0.379659 0.108544
v -0.087371 0.379659 0.126507
v -0.082558 0.379659 0.144470
v -0.015519 0.379659 0.126507
v -0.005433 0.281402 -0.126497
v -0.011598 0.281402 -0.103491
v -0.028439 0.281402 -0.086649
v -0.051445 0.281402 -0.080485
v -0.074451 0.281402 -0.086649
v -0.091293 0.281402 -0.103491
v -0.097457 0.281402 -0.126497
v -0.091293 0.281402 -0.149503
v -0.074451 0.281402 -0.166344
v -0.051445 0.281402 -0.172509
v -0.028439 0.281402 -0.166344
v -0.011598 0.281402 -0.149503
v -0.051445 -0.299932 -0.126497
v -0.005433 -0.276833 -0.126497
v -0.012437 -0.293166 -0.126497
v -0.051445 0.315238 -0.126497
v -0.011598 -0.276833 -0.103491
v -0.017663 -0.293166 -0.106993
v -0.028439 -0.276833 -0.086649
v -0.031941 -0.293166 -0.092715
v -0.051445 -0.276833 -0.080485
v -0.051445 -0.293166 -0.087489
v -0.074451 -0.276833 -0.086649
v -0.070949 -0.293166 -0.092715
v -0.038277 0.345609 -0.113329
v -0.091293 -0.276833 -0.103491
v -0.085227 -0.293166 -0.106993
v -0.038277 0.293845 -0.113329
v -0.097457 -0.276833 -0.126497
v -0.090453 -0.293166 -0.126497
v -0.064614 0.345609 -0.113329
v -0.091293 -0.276833 -0.149503
v -0.085227 -0.293166 -0.146001
v -0.064614 0.293845 -0.113329
v -0.074451 -0.276833 -0.166344
v -0.070949 -0.293166 -0.160279
v -0.038277 0.345609 -0.139666
v -0.051445 -0.276833 -0.172509
v -0.051445 -0.293166 -0.165505
v -0.038277 0.293845 -0.139666
v -0.028439 -0.276833 -0.166344
v -0.031941 -0.293166 -0.160279
v -0.064614 0.345609 -0.139666
v -0.011598 -0.276833 -0.149503
v -0.017663 -0.293166 -0.146001
v -0.032307 -0.299932 -0.115447
v -0.029346 -0.299932 -0.126497
v -0.040396 -0.299932 -0.107358
v -0.051445 -0.299932 -0.104398
v -0.062495 -0.299932 -0.107358
v -0.070583 -0.299932 -0.115447
v -0.073544 -0.299932 -0.126497
v -0.070583 -0.299932 -0.137546
v -0.062495 -0.299932 -0.145635
v -0.051445 -0.299932 -0.148596
v -0.040396 -0.299932 -0.145635
v -0.032307 -0.299932 -0.137546
v -0.064614 0.293845 -0.139666
v -0.104477 0.309143 -0.157115
v -0.104477 0.287497 -0.157115
v -0.082063 0.287497 -0.179529
v -0.082063 0.309143 -0.179529
v -0.104477 0.287497 -0.095879
v -0.104477 0.309143 -0.095879
v -0.020827 0.287497 -0.073465
v -0.020827 0.309143 -0.073465
v -0.051445 0.287497 -0.187733
v -0.051445 0.309143 -0.187733
v -0.112681 0.287497 -0.126497
v -0.112681 0.309143 -0.126497
v 0.001587 0.309143 -0.095879
v 0.001587 0.287497 -0.095879
v 0.009791 0.287497 -0.126497
v 0.009791 0.309143 -0.126497
v 0.001587 0.309143 -0.157115
v 0.001587 0.287497 -0.157115
v -0.020827 0.287497 -0.179529
v -0.020827 0.309143 -0.179529
v -0.082063 0.309143 -0.073465
v -0.082063 0.287497 -0.073465
v -0.051445 0.287497 -0.065261
v -0.051445 0.309143 -0.065261
v -0.028439 0.315238 -0.086649
v -0.011598 0.315238 -0.103491
v -0.074451 0.315238 -0.086649
v -0.051445 0.315238 -0.080485
v -0.011598 0.315238 -0.149503
v -0.028439 0.315238 -0.166344
v -0.051445 0.315238 -0.172509
v -0.074451 0.315238 -0.166344
v -0.091293 0.315238 -0.149503
v -0.097457 0.315238 -0.126497
v -0.091293 0.315238 -0.103491
v -0.005433 0.315238 -0.126497
v -0.051445 0.335651 -0.126496
v -0.092853 0.374330 -0.150403
v -0.092853 0.340980 -0.150403
v -0.075352 0.340980 -0.167904
v -0.075352 0.374330 -0.167904
v -0.092853 0.340980 -0.102590
v -0.092853 0.374330 -0.102590
v -0.027539 0.340980 -0.085089
v -0.027539 0.374330 -0.085089
v -0.051445 0.340980 -0.174309
v -0.051445 0.374330 -0.174309
v -0.099258 0.340980 -0.126496
v -0.099258 0.374330 -0.126496
v -0.010038 0.374330 -0.102590
v -0.010038 0.340980 -0.102590
v -0.003632 0.340980 -0.126496
v -0.003632 0.374330 -0.126496
v -0.010038 0.374330 -0.150403
v -0.010038 0.340980 -0.150403
v -0.027539 0.340980 -0.167904
v -0.027539 0.374330 -0.167904
v -0.075352 0.374330 -0.085089
v -0.075352 0.340980 -0.085089
v -0.051445 0.340980 -0.078683
v -0.051445 0.374330 -0.078683
v -0.051445 0.379659 -0.126496
v -0.020332 0.335651 -0.108533
v -0.015519 0.335651 -0.126496
v -0.033482 0.335651 -0.095383
v -0.051445 0.335651 -0.090570
v -0.069408 0.335651 -0.095383
v -0.082558 0.335651 -0.108533
v -0.087371 0.335651 -0.126496
v -0.082558 0.335651 -0.144459
v -0.069408 0.335651 -0.157609
v -0.051445 0.335651 -0.162422
v -0.033482 0.335651 -0.157609
v -0.020332 0.335651 -0.144459
v -0.033482 0.379659 -0.095383
v -0.020332 0.379659 -0.108533
v -0.069408 0.379659 -0.095383
v -0.051445 0.379659 -0.090570
v -0.020332 0.379659 -0.144459
v -0.033482 0.379659 -0.157609
v -0.051445 0.379659 -0.162422
v -0.069408 0.379659 -0.157609
v -0.082558 0.379659 -0.144459
v -0.087371 0.379659 -0.126496
v -0.082558 0.379659 -0.108533
v -0.015519 0.379659 -0.126496
vt 0.311220 0.410606
vt 0.306353 0.407547
vt 0.306734 0.405347
vt 0.311605 0.408246
vt 0.306353 0.360672
vt 0.305057 0.355058
vt 0.305373 0.353263
vt 0.306734 0.358472
vt 0.308126 0.350157
vt 0.308372 0.348754
vt 0.308126 0.303282
vt 0.313778 0.301998
vt 0.314026 0.300765
vt 0.308372 0.301879
vt 0.318676 0.305099
vt 0.318957 0.303745
vt 0.318676 0.351974
vt 0.319928 0.357618
vt 0.320232 0.355883
vt 0.318957 0.350620
vt 0.316829 0.362476
vt 0.317173 0.360313
vt 0.316829 0.409351
vt 0.317173 0.407188
vt 0.307838 0.352212
vt 0.312790 0.354647
vt 0.306277 0.348134
vt 0.309074 0.344771
vt 0.314643 0.297263
vt 0.309074 0.297896
vt 0.319659 0.299763
vt 0.321137 0.350754
vt 0.319659 0.346638
vt 0.318276 0.354053
vt 0.309490 0.342843
vt 0.314564 0.344583
vt 0.307631 0.340458
vt 0.310125 0.338810
vt 0.315567 0.292021
vt 0.310125 0.291935
vt 0.320710 0.293802
vt 0.322490 0.343078
vt 0.320710 0.340677
vt 0.319928 0.344684
vt 0.311439 0.331792
vt 0.316657 0.332712
vt 0.309228 0.331402
vt 0.311366 0.331779
vt 0.316657 0.285837
vt 0.311366 0.284904
vt 0.321950 0.286771
vt 0.324087 0.334022
vt 0.321950 0.333646
vt 0.321877 0.333633
vt 0.313386 0.320741
vt 0.318750 0.320841
vt 0.310824 0.322347
vt 0.312605 0.324748
vt 0.317748 0.326529
vt 0.323189 0.326614
vt 0.325684 0.324967
vt 0.323825 0.322582
vt 0.315038 0.311372
vt 0.320525 0.310778
vt 0.312178 0.314671
vt 0.313656 0.318787
vt 0.318672 0.321287
vt 0.324241 0.320654
vt 0.327038 0.317291
vt 0.325478 0.313213
vt 0.316142 0.305112
vt 0.321711 0.304053
vt 0.313083 0.309541
vt 0.314358 0.314804
vt 0.319290 0.317785
vt 0.324944 0.316671
vt 0.327942 0.312161
vt 0.326582 0.306953
vt 0.316462 0.302966
vt 0.322066 0.301689
vt 0.313382 0.307835
vt 0.314657 0.313474
vt 0.319565 0.316556
vt 0.325213 0.315250
vt 0.328262 0.310338
vt 0.326945 0.304729
vt 0.325102 0.368992
vt 0.331322 0.375123
vt 0.312500 0.382918
vt 0.312438 0.374187
vt 0.307673 0.303655
vt 0.306972 0.303406
vt 0.312847 0.301261
vt 0.313167 0.301933
vt 0.325190 0.343698
vt 0.331321 0.337481
vt 0.339118 0.356302
vt 0.330385 0.356363
vt 0.311829 0.410670
vt 0.312150 0.411342
vt 0.306478 0.408704
vt 0.306726 0.408002
vt 0.306726 0.361127
vt 0.306478 0.361829
vt 0.304333 0.355953
vt 0.305005 0.355632
vt 0.299896 0.296736
vt 0.293679 0.337480
vt 0.312501 0.329685
vt 0.312561 0.291541
vt 0.318518 0.303899
vt 0.318270 0.304601
vt 0.307673 0.350530
vt 0.326088 0.303852
vt 0.328272 0.309123
vt 0.326088 0.314395
vt 0.320817 0.316578
vt 0.328252 0.307835
vt 0.326977 0.313474
vt 0.315546 0.314395
vt 0.322068 0.316556
vt 0.316422 0.315250
vt 0.313372 0.310338
vt 0.313361 0.309123
vt 0.322958 0.351974
vt 0.323751 0.351786
vt 0.322135 0.356916
vt 0.321706 0.357619
vt 0.325066 0.352685
vt 0.323701 0.356622
vt 0.320817 0.301668
vt 0.315546 0.303852
vt 0.334571 0.355981
vt 0.332679 0.309429
vt 0.331643 0.306923
vt 0.332752 0.352232
vt 0.329457 0.408611
vt 0.329133 0.312969
vt 0.331639 0.311933
vt 0.333205 0.406792
vt 0.325593 0.309424
vt 0.326629 0.311930
vt 0.325520 0.360371
vt 0.332752 0.305357
vt 0.331643 0.260048
vt 0.329138 0.259008
vt 0.328816 0.303992
vt 0.333205 0.359917
vt 0.326633 0.260044
vt 0.325066 0.305810
vt 0.324976 0.332712
vt 0.319757 0.333633
vt 0.321706 0.344684
vt 0.327070 0.344583
vt 0.317547 0.334022
vt 0.319144 0.343078
vt 0.319684 0.333646
vt 0.320924 0.340677
vt 0.319684 0.286771
vt 0.324976 0.285837
vt 0.326067 0.292021
vt 0.320924 0.293802
vt 0.330268 0.284904
vt 0.331508 0.291935
vt 0.330268 0.331779
vt 0.332406 0.331402
vt 0.334003 0.340458
vt 0.331508 0.338810
vt 0.330195 0.331792
vt 0.332144 0.342843
vt 0.323358 0.354053
vt 0.328844 0.354647
vt 0.320497 0.350754
vt 0.321975 0.346638
vt 0.326991 0.297263
vt 0.321975 0.299763
vt 0.332560 0.297896
vt 0.335357 0.348134
vt 0.332560 0.344771
vt 0.333796 0.352212
vt 0.324461 0.407188
vt 0.330029 0.408246
vt 0.321402 0.355883
vt 0.324461 0.360313
vt 0.322677 0.350620
vt 0.327608 0.300765
vt 0.322677 0.303745
vt 0.333262 0.301879
vt 0.336261 0.353263
vt 0.333262 0.348754
vt 0.334901 0.358472
vt 0.334901 0.405347
vt 0.324804 0.409351
vt 0.330415 0.410606
vt 0.324804 0.362476
vt 0.327856 0.301999
vt 0.322958 0.305099
vt 0.333509 0.303282
vt 0.336577 0.355057
vt 0.333509 0.350157
vt 0.335282 0.360672
vt 0.335282 0.407547
vt 0.319568 0.301689
vt 0.314689 0.304729
vt 0.315052 0.306953
vt 0.319923 0.304053
vt 0.313692 0.312161
vt 0.316691 0.316671
vt 0.322344 0.317785
vt 0.327276 0.314804
vt 0.328552 0.309541
vt 0.325172 0.302966
vt 0.325491 0.305112
vt 0.316157 0.313213
vt 0.321109 0.310778
vt 0.314596 0.317291
vt 0.317393 0.320654
vt 0.322962 0.321287
vt 0.327978 0.318787
vt 0.329456 0.314671
vt 0.326596 0.311372
vt 0.317809 0.322582
vt 0.322883 0.320841
vt 0.315950 0.324967
vt 0.318444 0.326614
vt 0.323886 0.326529
vt 0.329029 0.324748
vt 0.330810 0.322347
vt 0.328248 0.320741
vt 0.336135 0.355686
vt 0.333651 0.350917
vt 0.328521 0.302426
vt 0.323751 0.304911
vt 0.333651 0.304042
vt 0.329751 0.410176
vt 0.334520 0.407691
vt 0.317323 0.408948
vt 0.324621 0.408561
vt 0.334520 0.360816
vt 0.324621 0.361686
vt 0.325520 0.407246
vt 0.318270 0.351476
vt 0.319991 0.356971
vt 0.317323 0.362073
vt 0.306972 0.350281
vt 0.459653 0.850784
vt 0.461938 0.856301
vt 0.461989 0.856301
vt 0.459689 0.850747
vt 0.454135 0.864105
vt 0.448617 0.861819
vt 0.448581 0.861855
vt 0.454135 0.864156
vt 0.459653 0.861819
vt 0.459689 0.861855
vt 0.451633 0.806919
vt 0.449668 0.851834
vt 0.447818 0.856301
vt 0.450593 0.809424
vt 0.446332 0.856301
vt 0.446281 0.856301
vt 0.448617 0.850784
vt 0.454135 0.848498
vt 0.454135 0.848447
vt 0.448581 0.850747
vt 0.456643 0.806923
vt 0.458603 0.851834
vt 0.454136 0.849984
vt 0.454138 0.805883
vt 0.446281 0.918801
vt 0.448581 0.913247
vt 0.447013 0.911679
vt 0.444063 0.918801
vt 0.457679 0.809429
vt 0.460453 0.856301
vt 0.449668 0.860769
vt 0.451629 0.811930
vt 0.456639 0.811933
vt 0.458603 0.860769
vt 0.454136 0.862619
vt 0.454133 0.812969
vt 0.459689 0.913247
vt 0.461989 0.918801
vt 0.464207 0.918801
vt 0.461257 0.911679
vt 0.449971 0.922965
vt 0.454135 0.924690
vt 0.454135 0.928916
vt 0.446983 0.925953
vt 0.458299 0.914638
vt 0.454135 0.912913
vt 0.454135 0.908687
vt 0.461287 0.911649
vt 0.459689 0.924355
vt 0.454135 0.926656
vt 0.454135 0.928874
vt 0.461257 0.925924
vt 0.448247 0.918801
vt 0.444021 0.918801
vt 0.448581 0.924355
vt 0.447013 0.925924
vt 0.454135 0.910947
vt 0.454135 0.908729
vt 0.454135 0.939979
vt 0.461257 0.942929
vt 0.461287 0.942899
vt 0.454135 0.939937
vt 0.447013 0.942929
vt 0.446983 0.942899
vt 0.444063 0.950051
vt 0.444021 0.950051
vt 0.464207 0.950051
vt 0.464250 0.950051
vt 0.447013 0.957174
vt 0.446983 0.957203
vt 0.461257 0.957174
vt 0.461287 0.957203
vt 0.454135 0.960124
vt 0.454135 0.960166
vt 0.458299 0.922965
vt 0.461287 0.925953
vt 0.460023 0.918801
vt 0.464250 0.918801
vt 0.449971 0.914638
vt 0.446983 0.911649
vt 0.454135 0.809426
vt 0.454135 0.803538
vt 0.458299 0.805263
vt 0.460023 0.809426
vt 0.458299 0.813590
vt 0.454135 0.815315
vt 0.449971 0.813590
vt 0.448247 0.809426
vt 0.449971 0.805263
vt 0.299809 0.368905
vt 0.293679 0.375122
vt 0.285883 0.356301
vt 0.294614 0.356240
vt 0.325190 0.296823
vt 0.318518 0.350774
vt 0.320664 0.356650
vt 0.299896 0.343611
vt 0.318026 0.409197
vt 0.303267 0.346897
vt 0.299322 0.356179
vt 0.305851 0.349340
vt 0.302876 0.356079
vt 0.325677 0.356423
vt 0.321904 0.347070
vt 0.322121 0.356524
vt 0.319460 0.349654
vt 0.312377 0.416354
vt 0.321731 0.412580
vt 0.312276 0.412799
vt 0.319146 0.410138
vt 0.303095 0.365533
vt 0.305537 0.362948
vt 0.321904 0.300195
vt 0.312622 0.296249
vt 0.319460 0.302779
vt 0.312721 0.299804
vt 0.321731 0.365705
vt 0.319146 0.363263
vt 0.318026 0.362322
vt 0.303267 0.300022
vt 0.305851 0.302465
vt 0.303095 0.412408
vt 0.305537 0.409823
vt 0.286400 0.349399
vt 0.289164 0.342726
vt 0.286755 0.340291
vt 0.282974 0.349417
vt 0.285883 0.309426
vt 0.293679 0.328247
vt 0.286759 0.325448
vt 0.282969 0.316299
vt 0.335836 0.291751
vt 0.338600 0.285078
vt 0.335601 0.285084
vt 0.333719 0.289627
vt 0.312501 0.293732
vt 0.312500 0.300218
vt 0.328086 0.293762
vt 0.323500 0.289176
vt 0.326075 0.379637
vt 0.319402 0.382401
vt 0.319385 0.385827
vt 0.328510 0.382047
vt 0.319373 0.385832
vt 0.328522 0.382042
vt 0.305598 0.382401
vt 0.298925 0.379637
vt 0.296490 0.382047
vt 0.305616 0.385827
vt 0.282969 0.363174
vt 0.286759 0.372323
vt 0.286755 0.372311
vt 0.282974 0.363185
vt 0.338600 0.363203
vt 0.335836 0.369876
vt 0.338246 0.372312
vt 0.342026 0.363185
vt 0.286400 0.285078
vt 0.289164 0.291751
vt 0.291282 0.289627
vt 0.289399 0.285084
vt 0.305598 0.252076
vt 0.298925 0.254840
vt 0.301050 0.256957
vt 0.305593 0.255076
vt 0.335836 0.342726
vt 0.338600 0.349399
vt 0.342026 0.349417
vt 0.338246 0.340291
vt 0.298925 0.332965
vt 0.305598 0.330201
vt 0.305616 0.326776
vt 0.296490 0.330556
vt 0.328086 0.262590
vt 0.323951 0.256957
vt 0.319407 0.255076
vt 0.312500 0.256134
vt 0.319402 0.330201
vt 0.326075 0.332965
vt 0.328510 0.330556
vt 0.319385 0.326776
vt 0.289164 0.369876
vt 0.286400 0.363203
vt 0.318247 0.272430
vt 0.312501 0.270050
vt 0.312502 0.256806
vt 0.316244 0.256806
vt 0.306755 0.283923
vt 0.312501 0.286303
vt 0.312502 0.256806
vt 0.308758 0.256806
vt 0.319407 0.301277
vt 0.323951 0.299395
vt 0.290458 0.278176
vt 0.296914 0.293762
vt 0.306755 0.272430
vt 0.308758 0.256806
vt 0.334542 0.278176
vt 0.335601 0.271269
vt 0.333719 0.266726
vt 0.301050 0.299395
vt 0.305593 0.301277
vt 0.286759 0.340280
vt 0.282969 0.349428
vt 0.304374 0.278176
vt 0.307208 0.256806
vt 0.296914 0.262590
vt 0.291282 0.266726
vt 0.289399 0.271269
vt 0.318247 0.283923
vt 0.316244 0.256806
vt 0.320627 0.278176
vt 0.317794 0.256806
vt 0.301501 0.267177
vt 0.296945 0.278176
vt 0.312501 0.262621
vt 0.323500 0.267177
vt 0.301501 0.289176
vt 0.328056 0.278176
vt 0.331321 0.290606
vt 0.312501 0.282810
vt 0.319373 0.279896
vt 0.328522 0.283685
vt 0.331322 0.328248
vt 0.339118 0.309427
vt 0.342031 0.316299
vt 0.338241 0.325448
vt 0.293679 0.290605
vt 0.282969 0.302553
vt 0.286759 0.293405
vt 0.296478 0.283685
vt 0.305627 0.279896
vt 0.338241 0.293405
vt 0.342031 0.302553
vt 0.312500 0.336043
vt 0.305627 0.338957
vt 0.296478 0.335167
vt 0.342031 0.349428
vt 0.338241 0.340280
vt 0.328522 0.335167
vt 0.319373 0.338957
vt 0.296478 0.382042
vt 0.305627 0.385832
vt 0.319402 0.304276
vt 0.326075 0.301512
vt 0.305627 0.326771
vt 0.296478 0.330560
vt 0.338600 0.271274
vt 0.335836 0.264601
vt 0.338241 0.372323
vt 0.342031 0.363174
vt 0.289164 0.264601
vt 0.286400 0.271274
vt 0.328522 0.330560
vt 0.319373 0.326771
vt 0.298925 0.301512
vt 0.305598 0.304276
vt 0.326633 0.306919
vt 0.326075 0.254840
vt 0.319402 0.252076
vt 0.310978 0.256806
vt 0.312501 0.256806
vt 0.314024 0.256806
vt 0.310348 0.256806
vt 0.314654 0.256806
vt 0.312757 0.330703
vt 0.312757 0.377867
vt 0.313818 0.377867
vt 0.313818 0.330703
vt 0.312757 0.377867
vt 0.312757 0.330703
vt 0.309860 0.377867
vt 0.309860 0.330703
vt 0.305903 0.377867
vt 0.305903 0.330703
vt 0.301946 0.377867
vt 0.301946 0.330703
vt 0.299050 0.377867
vt 0.299050 0.330703
vt 0.297990 0.377867
vt 0.297990 0.330703
vt 0.299050 0.377867
vt 0.299050 0.330703
vt 0.301946 0.377867
vt 0.301946 0.330703
vt 0.309860 0.330703
vt 0.309860 0.377867
vt 0.315025 0.367014
vt 0.316436 0.367014
vt 0.313818 0.368062
vt 0.312757 0.368062
vt 0.305903 0.330703
vt 0.305903 0.377867
vt 0.309258 0.327893
vt 0.305903 0.327893
vt 0.307804 0.295480
vt 0.305903 0.295480
vt 0.311714 0.327893
vt 0.309195 0.295480
vt 0.312612 0.327893
vt 0.309704 0.295480
vt 0.311714 0.327893
vt 0.309195 0.295480
vt 0.309258 0.327893
vt 0.307804 0.295480
vt 0.305903 0.327893
vt 0.305903 0.295480
vt 0.302549 0.327893
vt 0.304003 0.295480
vt 0.300093 0.327893
vt 0.302612 0.295480
vt 0.299194 0.327893
vt 0.302103 0.295480
vt 0.300093 0.327893
vt 0.302612 0.295480
vt 0.302549 0.327893
vt 0.304003 0.295480
vt 0.305903 0.295480
vt 0.296783 0.367014
vt 0.295371 0.367014
vt 0.297990 0.368062
vt 0.299050 0.368062
vt 0.315025 0.367014
vt 0.312757 0.368062
vt 0.305903 0.367014
vt 0.311169 0.367014
vt 0.309860 0.368062
vt 0.305903 0.368062
vt 0.296783 0.367014
vt 0.299050 0.368062
vt 0.311169 0.367014
vt 0.309860 0.368062
vt 0.305903 0.367014
vt 0.300637 0.367014
vt 0.301946 0.368062
vt 0.305903 0.368062
vt 0.300637 0.367014
vt 0.301946 0.368062
vt 0.312757 0.299742
vt 0.309860 0.299742
vt 0.311169 0.300791
vt 0.315025 0.300791
vt 0.305903 0.332041
vt 0.300637 0.332041
vt 0.300637 0.335764
vt 0.305903 0.335764
vt 0.305903 0.299742
vt 0.301946 0.299742
vt 0.300637 0.300791
vt 0.305903 0.300791
vt 0.311169 0.332041
vt 0.315025 0.332041
vt 0.315025 0.335764
vt 0.311169 0.335764
vt 0.309860 0.299742
vt 0.312757 0.299742
vt 0.315025 0.300791
vt 0.311169 0.300791
vt 0.296783 0.332041
vt 0.300637 0.332041
vt 0.300637 0.335764
vt 0.296783 0.335764
vt 0.299050 0.299742
vt 0.301946 0.299742
vt 0.300637 0.300791
vt 0.296783 0.300791
vt 0.311169 0.332041
vt 0.311169 0.335764
vt 0.296783 0.332041
vt 0.296783 0.335764
vt 0.299050 0.299742
vt 0.296783 0.300791
vt 0.305903 0.332041
vt 0.305903 0.335764
vt 0.305903 0.299742
vt 0.305903 0.300791
vt 0.315025 0.332041
vt 0.315025 0.335764
vt 0.297990 0.299742
vt 0.295371 0.300791
vt 0.295371 0.332041
vt 0.295371 0.335764
vt 0.313818 0.299742
vt 0.316436 0.300791
vt 0.316436 0.332041
vt 0.316436 0.335764
vt 0.305903 0.336812
vt 0.312757 0.336812
vt 0.309860 0.336812
vt 0.312757 0.336812
vt 0.313818 0.336812
vt 0.301946 0.336812
vt 0.299050 0.336812
vt 0.297990 0.336812
vt 0.299050 0.336812
vt 0.301946 0.336812
vt 0.305903 0.336812
vt 0.309860 0.336812
vt 0.305903 0.336812
vt 0.308168 0.380008
vt 0.308168 0.388911
vt 0.303638 0.388911
vt 0.303638 0.380008
vt 0.308168 0.364383
vt 0.308168 0.373286
vt 0.308168 0.373286
vt 0.308168 0.364383
vt 0.303638 0.380008
vt 0.303638 0.388911
vt 0.308168 0.388911
vt 0.308168 0.380008
vt 0.303638 0.364383
vt 0.303638 0.373286
vt 0.303638 0.373286
vt 0.303638 0.364383
vt 0.313025 0.378225
vt 0.314127 0.378225
vt 0.312083 0.379142
vt 0.311255 0.379142
vt 0.298782 0.378225
vt 0.297680 0.378225
vt 0.299725 0.379142
vt 0.300552 0.379142
vt 0.313025 0.378225
vt 0.311255 0.379142
vt 0.305903 0.378225
vt 0.310015 0.378225
vt 0.308993 0.379142
vt 0.305903 0.379142
vt 0.298782 0.378225
vt 0.300552 0.379142
vt 0.310015 0.378225
vt 0.308993 0.379142
vt 0.305903 0.378225
vt 0.301792 0.378225
vt 0.302814 0.379142
vt 0.305903 0.379142
vt 0.301792 0.378225
vt 0.302814 0.379142
vt 0.311255 0.309073
vt 0.308993 0.309073
vt 0.310015 0.309989
vt 0.313025 0.309989
vt 0.305903 0.341239
vt 0.301792 0.341239
vt 0.301792 0.346975
vt 0.305903 0.346975
vt 0.305903 0.309073
vt 0.302814 0.309073
vt 0.301792 0.309989
vt 0.305903 0.309989
vt 0.310015 0.341239
vt 0.313025 0.341239
vt 0.313025 0.346975
vt 0.310015 0.346975
vt 0.308993 0.309073
vt 0.311255 0.309073
vt 0.313025 0.309989
vt 0.310015 0.309989
vt 0.298782 0.341239
vt 0.301792 0.341239
vt 0.301792 0.346975
vt 0.298782 0.346975
vt 0.300552 0.309073
vt 0.302814 0.309073
vt 0.301792 0.309989
vt 0.298782 0.309989
vt 0.310015 0.341239
vt 0.310015 0.346975
vt 0.298782 0.341239
vt 0.298782 0.346975
vt 0.300552 0.309073
vt 0.298782 0.309989
vt 0.305903 0.341239
vt 0.305903 0.346975
vt 0.305903 0.309073
vt 0.305903 0.309989
vt 0.313025 0.341239
vt 0.313025 0.346975
vt 0.299725 0.309073
vt 0.297680 0.309989
vt 0.297680 0.341239
vt 0.297680 0.346975
vt 0.312083 0.309073
vt 0.314127 0.309989
vt 0.314127 0.341239
vt 0.314127 0.346975
vt 0.305903 0.340323
vt 0.305903 0.340323
vt 0.308993 0.340323
vt 0.311255 0.340323
vt 0.312083 0.340323
vt 0.311255 0.340323
vt 0.308993 0.340323
vt 0.305903 0.340323
vt 0.302814 0.340323
vt 0.300552 0.340323
vt 0.299725 0.340323
vt 0.300552 0.340323
vt 0.302814 0.340323
vt 0.305903 0.363517
vt 0.311255 0.363517
vt 0.308993 0.363517
vt 0.311255 0.363517
vt 0.312083 0.363517
vt 0.302814 0.363517
vt 0.300552 0.363517
vt 0.299725 0.363517
vt 0.300552 0.363517
vt 0.302814 0.363517
vt 0.305903 0.363517
vt 0.308993 0.363517
vt 0.305903 0.363517
vt 0.312757 0.330703
vt 0.312757 0.377867
vt 0.313818 0.377867
vt 0.313818 0.330703
vt 0.312757 0.377867
vt 0.312757 0.330703
vt 0.309860 0.377867
vt 0.309860 0.330703
vt 0.305903 0.377867
vt 0.305903 0.330703
vt 0.301946 0.377867
vt 0.301946 0.330703
vt 0.299050 0.377867
vt 0.299050 0.330703
vt 0.297990 0.377867
vt 0.297990 0.330703
vt 0.299050 0.377867
vt 0.299050 0.330703
vt 0.301946 0.377867
vt 0.301946 0.330703
vt 0.309860 0.330703
vt 0.309860 0.377867
vt 0.315025 0.367014
vt 0.316436 0.367014
vt 0.313818 0.368062
vt 0.312757 0.368062
vt 0.305903 0.330703
vt 0.305903 0.377867
vt 0.309258 0.327893
vt 0.305903 0.327893
vt 0.307804 0.295480
vt 0.305903 0.295480
vt 0.311714 0.327893
vt 0.309195 0.295480
vt 0.312612 0.327893
vt 0.309704 0.295480
vt 0.311714 0.327893
vt 0.309195 0.295480
vt 0.309258 0.327893
vt 0.307804 0.295480
vt 0.305903 0.327893
vt 0.305903 0.295480
vt 0.302549 0.327893
vt 0.304003 0.295480
vt 0.300093 0.327893
vt 0.302612 0.295480
vt 0.299194 0.327893
vt 0.302103 0.295480
vt 0.300093 0.327893
vt 0.302612 0.295480
vt 0.302549 0.327893
vt 0.304003 0.295480
vt 0.305903 0.295480
vt 0.296783 0.367014
vt 0.295371 0.367014
vt 0.297990 0.368062
vt 0.299050 0.368062
vt 0.315025 0.367014
vt 0.312757 0.368062
vt 0.305903 0.367014
vt 0.311169 0.367014
vt 0.309860 0.368062
vt 0.305903 0.368062
vt 0.296783 0.367014
vt 0.299050 0.368062
vt 0.311169 0.367014
vt 0.309860 0.368062
vt 0.305903 0.367014
vt 0.300637 0.367014
vt 0.301946 0.368062
vt 0.305903 0.368062
vt 0.300637 0.367014
vt 0.301946 0.368062
vt 0.312757 0.299742
vt 0.309860 0.299742
vt 0.311169 0.300791
vt 0.315025 0.300791
vt 0.305903 0.332041
vt 0.300637 0.332041
vt 0.300637 0.335764
vt 0.305903 0.335764
vt 0.305903 0.299742
vt 0.301946 0.299742
vt 0.300637 0.300791
vt 0.305903 0.300791
vt 0.311169 0.332041
vt 0.315025 0.332041
vt 0.315025 0.335764
vt 0.311169 0.335764
vt 0.309860 0.299742
vt 0.312757 0.299742
vt 0.315025 0.300791
vt 0.311169 0.300791
vt 0.296783 0.332041
vt 0.300637 0.332041
vt 0.300637 0.335764
vt 0.296783 0.335764
vt 0.299050 0.299742
vt 0.301946 0.299742
vt 0.300637 0.300791
vt 0.296783 0.300791
vt 0.311169 0.332041
vt 0.311169 0.335764
vt 0.296783 0.332041
vt 0.296783 0.335764
vt 0.299050 0.299742
vt 0.296783 0.300791
vt 0.305903 0.332041
vt 0.305903 0.335764
vt 0.305903 0.299742
vt 0.305903 0.300791
vt 0.315025 0.332041
vt 0.315025 0.335764
vt 0.297990 0.299742
vt 0.295371 0.300791
vt 0.295371 0.332041
vt 0.295371 0.335764
vt 0.313818 0.299742
vt 0.316436 0.300791
vt 0.316436 0.332041
vt 0.316436 0.335764
vt 0.305903 0.336812
vt 0.312757 0.336812
vt 0.309860 0.336812
vt 0.312757 0.336812
vt 0.313818 0.336812
vt 0.301946 0.336812
vt 0.299050 0.336812
vt 0.297990 0.336812
vt 0.299050 0.336812
vt 0.301946 0.336812
vt 0.305903 0.336812
vt 0.309860 0.336812
vt 0.305903 0.336812
vt 0.308168 0.380008
vt 0.308168 0.388911
vt 0.303638 0.388911
vt 0.303638 0.380008
vt 0.308168 0.364383
vt 0.308168 0.373286
vt 0.308168 0.373286
vt 0.308168 0.364383
vt 0.303638 0.380008
vt 0.303638 0.388911
vt 0.308168 0.388911
vt 0.308168 0.380008
vt 0.303638 0.364383
vt 0.303638 0.373286
vt 0.303638 0.373286
vt 0.303638 0.364383
vt 0.313025 0.378225
vt 0.314127 0.378225
vt 0.312083 0.379142
vt 0.311255 0.379142
vt 0.298782 0.378225
vt 0.297680 0.378225
vt 0.299725 0.379142
vt 0.300552 0.379142
vt 0.313025 0.378225
vt 0.311255 0.379142
vt 0.305903 0.378225
vt 0.310015 0.378225
vt 0.308993 0.379142
vt 0.305903 0.379142
vt 0.298782 0.378225
vt 0.300552 0.379142
vt 0.310015 0.378225
vt 0.308993 0.379142
vt 0.305903 0.378225
vt 0.301792 0.378225
vt 0.302814 0.379142
vt 0.305903 0.379142
vt 0.301792 0.378225
vt 0.302814 0.379142
vt 0.311255 0.309073
vt 0.308993 0.309073
vt 0.310015 0.309989
vt 0.313025 0.309989
vt 0.305903 0.341239
vt 0.301792 0.341239
vt 0.301792 0.346975
vt 0.305903 0.346975
vt 0.305903 0.309073
vt 0.302814 0.309073
vt 0.301792 0.309989
vt 0.305903 0.309989
vt 0.310015 0.341239
vt 0.313025 0.341239
vt 0.313025 0.346975
vt 0.310015 0.346975
vt 0.308993 0.309073
vt 0.311255 0.309073
vt 0.313025 0.309989
vt 0.310015 0.309989
vt 0.298782 0.341239
vt 0.301792 0.341239
vt 0.301792 0.346975
vt 0.298782 0.346975
vt 0.300552 0.309073
vt 0.302814 0.309073
vt 0.301792 0.309989
vt 0.298782 0.309989
vt 0.310015 0.341239
vt 0.310015 0.346975
vt 0.298782 0.341239
vt 0.298782 0.346975
vt 0.300552 0.309073
vt 0.298782 0.309989
vt 0.305903 0.341239
vt 0.305903 0.346975
vt 0.305903 0.309073
vt 0.305903 0.309989
vt 0.313025 0.341239
vt 0.313025 0.346975
vt 0.299725 0.309073
vt 0.297680 0.309989
vt 0.297680 0.341239
vt 0.297680 0.346975
vt 0.312083 0.309073
vt 0.314127 0.309989
vt 0.314127 0.341239
vt 0.314127 0.346975
vt 0.305903 0.340323
vt 0.305903 0.340323
vt 0.308993 0.340323
vt 0.311255 0.340323
vt 0.312083 0.340323
vt 0.311255 0.340323
vt 0.308993 0.340323
vt 0.305903 0.340323
vt 0.302814 0.340323
vt 0.300552 0.340323
vt 0.299725 0.340323
vt 0.300552 0.340323
vt 0.302814 0.340323
vt 0.305903 0.363517
vt 0.311255 0.363517
vt 0.308993 0.363517
vt 0.311255 0.363517
vt 0.312083 0.363517
vt 0.302814 0.363517
vt 0.300552 0.363517
vt 0.299725 0.363517
vt 0.300552 0.363517
vt 0.302814 0.363517
vt 0.305903 0.363517
vt 0.308993 0.363517
vt 0.305903 0.363517
vt 0.312757 0.330703
vt 0.312757 0.377867
vt 0.313818 0.377867
vt 0.313818 0.330703
vt 0.312757 0.377867
vt 0.312757 0.330703
vt 0.309860 0.377867
vt 0.309860 0.330703
vt 0.305903 0.377867
vt 0.305903 0.330703
vt 0.301946 0.377867
vt 0.301946 0.330703
vt 0.299050 0.377867
vt 0.299050 0.330703
vt 0.297990 0.377867
vt 0.297990 0.330703
vt 0.299050 0.377867
vt 0.299050 0.330703
vt 0.301946 0.377867
vt 0.301946 0.330703
vt 0.309860 0.330703
vt 0.309860 0.377867
vt 0.315025 0.367014
vt 0.316436 0.367014
vt 0.313818 0.368062
vt 0.312757 0.368062
vt 0.305903 0.330703
vt 0.305903 0.377867
vt 0.309258 0.327893
vt 0.305903 0.327893
vt 0.307804 0.295480
vt 0.305903 0.295480
vt 0.311714 0.327893
vt 0.309195 0.295480
vt 0.312612 0.327893
vt 0.309704 0.295480
vt 0.311714 0.327893
vt 0.309195 0.295480
vt 0.309258 0.327893
vt 0.307804 0.295480
vt 0.305903 0.327893
vt 0.305903 0.295480
vt 0.302549 0.327893
vt 0.304003 0.295480
vt 0.300093 0.327893
vt 0.302612 0.295480
vt 0.299194 0.327893
vt 0.302103 0.295480
vt 0.300093 0.327893
vt 0.302612 0.295480
vt 0.302549 0.327893
vt 0.304003 0.295480
vt 0.305903 0.295480
vt 0.296783 0.367014
vt 0.295371 0.367014
vt 0.297990 0.368062
vt 0.299050 0.368062
vt 0.315025 0.367014
vt 0.312757 0.368062
vt 0.305903 0.367014
vt 0.311169 0.367014
vt 0.309860 0.368062
vt 0.305903 0.368062
vt 0.296783 0.367014
vt 0.299050 0.368062
vt 0.311169 0.367014
vt 0.309860 0.368062
vt 0.305903 0.367014
vt 0.300637 0.367014
vt 0.301946 0.368062
vt 0.305903 0.368062
vt 0.300637 0.367014
vt 0.301946 0.368062
vt 0.312757 0.299742
vt 0.309860 0.299742
vt 0.311169 0.300791
vt 0.315025 0.300791
vt 0.305903 0.332041
vt 0.300637 0.332041
vt 0.300637 0.335764
vt 0.305903 0.335764
vt 0.305903 0.299742
vt 0.301946 0.299742
vt 0.300637 0.300791
vt 0.305903 0.300791
vt 0.311169 0.332041
vt 0.315025 0.332041
vt 0.315025 0.335764
vt 0.311169 0.335764
vt 0.309860 0.299742
vt 0.312757 0.299742
vt 0.315025 0.300791
vt 0.311169 0.300791
vt 0.296783 0.332041
vt 0.300637 0.332041
vt 0.300637 0.335764
vt 0.296783 0.335764
vt 0.299050 0.299742
vt 0.301946 0.299742
vt 0.300637 0.300791
vt 0.296783 0.300791
vt 0.311169 0.332041
vt 0.311169 0.335764
vt 0.296783 0.332041
vt 0.296783 0.335764
vt 0.299050 0.299742
vt 0.296783 0.300791
vt 0.305903 0.332041
vt 0.305903 0.335764
vt 0.305903 0.299742
vt 0.305903 0.300791
vt 0.315025 0.332041
vt 0.315025 0.335764
vt 0.297990 0.299742
vt 0.295371 0.300791
vt 0.295371 0.332041
vt 0.295371 0.335764
vt 0.313818 0.299742
vt 0.316436 0.300791
vt 0.316436 0.332041
vt 0.316436 0.335764
vt 0.305903 0.336812
vt 0.312757 0.336812
vt 0.309860 0.336812
vt 0.312757 0.336812
vt 0.313818 0.336812
vt 0.301946 0.336812
vt 0.299050 0.336812
vt 0.297990 0.336812
vt 0.299050 0.336812
vt 0.301946 0.336812
vt 0.305903 0.336812
vt 0.309860 0.336812
vt 0.305903 0.336812
vt 0.308168 0.380008
vt 0.308168 0.388911
vt 0.303638 0.388911
vt 0.303638 0.380008
vt 0.308168 0.364383
vt 0.308168 0.373286
vt 0.308168 0.373286
vt 0.308168 0.364383
vt 0.303638 0.380008
vt 0.303638 0.388911
vt 0.308168 0.388911
vt 0.308168 0.380008
vt 0.303638 0.364383
vt 0.303638 0.373286
vt 0.303638 0.373286
vt 0.303638 0.364383
vt 0.313025 0.378225
vt 0.314127 0.378225
vt 0.312083 0.379142
vt 0.311255 0.379142
vt 0.298782 0.378225
vt 0.297680 0.378225
vt 0.299725 0.379142
vt 0.300552 0.379142
vt 0.313025 0.378225
vt 0.311255 0.379142
vt 0.305903 0.378225
vt 0.310015 0.378225
vt 0.308993 0.379142
vt 0.305903 0.379142
vt 0.298782 0.378225
vt 0.300552 0.379142
vt 0.310015 0.378225
vt 0.308993 0.379142
vt 0.305903 0.378225
vt 0.301792 0.378225
vt 0.302814 0.379142
vt 0.305903 0.379142
vt 0.301792 0.378225
vt 0.302814 0.379142
vt 0.311255 0.309073
vt 0.308993 0.309073
vt 0.310015 0.309989
vt 0.313025 0.309989
vt 0.305903 0.341239
vt 0.301792 0.341239
vt 0.301792 0.346975
vt 0.305903 0.346975
vt 0.305903 0.309073
vt 0.302814 0.309073
vt 0.301792 0.309989
vt 0.305903 0.309989
vt 0.310015 0.341239
vt 0.313025 0.341239
vt 0.313025 0.346975
vt 0.310015 0.346975
vt 0.308993 0.309073
vt 0.311255 0.309073
vt 0.313025 0.309989
vt 0.310015 0.309989
vt 0.298782 0.341239
vt 0.301792 0.341239
vt 0.301792 0.346975
vt 0.298782 0.346975
vt 0.300552 0.309073
vt 0.302814 0.309073
vt 0.301792 0.309989
vt 0.298782 0.309989
vt 0.310015 0.341239
vt 0.310015 0.346975
vt 0.298782 0.341239
vt 0.298782 0.346975
vt 0.300552 0.309073
vt 0.298782 0.309989
vt 0.305903 0.341239
vt 0.305903 0.346975
vt 0.305903 0.309073
vt 0.305903 0.309989
vt 0.313025 0.341239
vt 0.313025 0.346975
vt 0.299725 0.309073
vt 0.297680 0.309989
vt 0.297680 0.341239
vt 0.297680 0.346975
vt 0.312083 0.309073
vt 0.314127 0.309989
vt 0.314127 0.341239
vt 0.314127 0.346975
vt 0.305903 0.340323
vt 0.305903 0.340323
vt 0.308993 0.340323
vt 0.311255 0.340323
vt 0.312083 0.340323
vt 0.311255 0.340323
vt 0.308993 0.340323
vt 0.305903 0.340323
vt 0.302814 0.340323
vt 0.300552 0.340323
vt 0.299725 0.340323
vt 0.300552 0.340323
vt 0.302814 0.340323
vt 0.305903 0.363517
vt 0.311255 0.363517
vt 0.308993 0.363517
vt 0.311255 0.363517
vt 0.312083 0.363517
vt 0.302814 0.363517
vt 0.300552 0.363517
vt 0.299725 0.363517
vt 0.300552 0.363517
vt 0.302814 0.363517
vt 0.305903 0.363517
vt 0.308993 0.363517
vt 0.305903 0.363517
vn -0.0197 0.9973 -0.0711
vn 0.6762 0.7354 -0.0438
vn 0.6828 0.6846 -0.2550
vn -0.0001 0.9329 -0.3601
vn 0.9117 0.4107 -0.0114
vn 0.9226 0.3658 -0.1226
vn 0.9341 -0.3506 0.0679
vn 0.9332 -0.3515 0.0748
vn 0.9243 -0.3383 0.1767
vn 0.9243 -0.3382 0.1768
vn 0.4047 -0.9055 0.1274
vn 0.0190 -0.9895 0.1435
vn 0.0001 -0.9065 0.4222
vn 0.3834 -0.8371 0.3902
vn -0.3638 -0.9225 0.1291
vn -0.3831 -0.8372 0.3903
vn -0.9177 -0.3904 0.0739
vn -0.9171 -0.3926 0.0689
vn -0.9242 -0.3386 0.1768
vn -0.9242 -0.3386 0.1767
vn -0.9281 0.3722 -0.0112
vn -0.7045 0.7084 -0.0437
vn -0.6830 0.6845 -0.2550
vn -0.9227 0.3655 -0.1225
vn 0.6802 0.5183 -0.5183
vn -0.0000 0.7071 -0.7071
vn 0.9207 0.2759 -0.2759
vn 0.9272 -0.2649 0.2649
vn 0.0000 -0.7071 0.7071
vn 0.3862 -0.6523 0.6523
vn -0.3862 -0.6523 0.6523
vn -0.9272 -0.2649 0.2649
vn -0.6802 0.5183 -0.5183
vn -0.9207 0.2759 -0.2759
vn 0.6802 0.2805 -0.6772
vn -0.0000 0.3827 -0.9239
vn 0.9207 0.1493 -0.3605
vn 0.9272 -0.1434 0.3461
vn 0.0000 -0.3827 0.9239
vn 0.3862 -0.3530 0.8522
vn -0.3862 -0.3530 0.8522
vn -0.9272 -0.1434 0.3461
vn -0.6802 0.2805 -0.6772
vn -0.9207 0.1493 -0.3605
vn 0.6802 -0.0000 -0.7330
vn -0.0000 0.0000 -1.0000
vn 0.9207 -0.0000 -0.3902
vn 0.9272 0.0000 0.3746
vn -0.0000 -0.0000 1.0000
vn 0.3862 -0.0000 0.9224
vn -0.3862 0.0000 0.9224
vn -0.9272 -0.0000 0.3746
vn -0.6802 0.0000 -0.7330
vn -0.9207 0.0000 -0.3902
vn 0.6802 -0.2805 -0.6772
vn 0.0000 -0.3827 -0.9239
vn 0.9207 -0.1493 -0.3605
vn 0.9272 0.1434 0.3461
vn -0.0000 0.3827 0.9239
vn 0.3862 0.3530 0.8522
vn -0.3862 0.3530 0.8522
vn -0.9272 0.1434 0.3461
vn -0.6802 -0.2805 -0.6772
vn -0.9207 -0.1493 -0.3605
vn 0.6802 -0.5183 -0.5183
vn 0.0000 -0.7071 -0.7071
vn 0.9207 -0.2759 -0.2759
vn 0.9272 0.2649 0.2649
vn -0.0000 0.7071 0.7071
vn 0.3862 0.6523 0.6523
vn -0.3862 0.6523 0.6523
vn -0.9272 0.2649 0.2649
vn -0.6802 -0.5183 -0.5183
vn -0.9207 -0.2759 -0.2759
vn 0.6817 -0.6757 -0.2806
vn 0.0014 -0.9237 -0.3832
vn 0.9220 -0.3576 -0.1486
vn 0.9261 0.3489 0.1433
vn 0.9261 0.3487 0.1438
vn -0.0009 0.9246 0.3809
vn 0.3842 0.8534 0.3523
vn -0.3879 0.8522 0.3512
vn -0.9276 0.3452 0.1429
vn -0.9276 0.3451 0.1430
vn -0.6797 -0.6775 -0.2809
vn -0.9205 -0.3612 -0.1495
vn 0.7221 -0.6883 -0.0693
vn 0.0424 -0.9946 -0.0950
vn 0.9385 -0.3431 -0.0375
vn 0.9063 0.4207 0.0400
vn 0.9054 0.4229 0.0381
vn -0.0416 0.9941 0.0997
vn 0.3387 0.9365 0.0909
vn -0.4275 0.8998 0.0875
vn -0.9427 0.3318 0.0363
vn -0.9408 0.3364 0.0406
vn -0.6613 -0.7468 -0.0698
vn -0.9033 -0.4271 -0.0396
vn -0.7113 0.5015 -0.4925
vn -0.6942 0.4864 -0.5306
vn -0.1469 0.8348 -0.5305
vn -0.1484 0.8576 -0.4924
vn 0.7604 -0.6494 -0.0121
vn 0.7859 -0.6079 -0.1134
vn 0.1259 -0.9855 -0.1134
vn 0.0781 -0.9969 -0.0122
vn -0.5015 -0.7113 -0.4925
vn -0.4864 -0.6942 -0.5306
vn -0.8348 -0.1469 -0.5306
vn -0.8576 -0.1484 -0.4925
vn -0.0781 0.9969 -0.0120
vn -0.1259 0.9855 -0.1134
vn 0.6079 0.7859 -0.1134
vn 0.6491 0.7606 -0.0120
vn 0.9855 0.1259 -0.1134
vn 0.9968 0.0789 -0.0120
vn 0.7114 -0.5015 -0.4924
vn 0.6942 -0.4864 -0.5305
vn 0.1469 -0.8348 -0.5305
vn 0.1484 -0.8576 -0.4924
vn -0.6079 -0.7859 -0.1134
vn -0.6500 -0.7598 -0.0121
vn -0.5724 -0.8200 -0.0001
vn -0.8435 -0.5371 0.0000
vn -0.5400 0.8417 -0.0001
vn -0.5356 0.8445 0.0001
vn -0.9773 0.2121 -0.0001
vn -0.9954 0.0877 -0.0381
vn -0.9956 0.0853 -0.0400
vn -0.9761 0.2171 0.0001
vn 0.2196 0.9756 0.0001
vn 0.2145 0.9767 -0.0001
vn -0.3010 0.9484 -0.0997
vn 0.0939 0.9917 -0.0875
vn 0.8430 0.5379 -0.0001
vn 0.7690 0.6379 -0.0406
vn 0.7723 0.6342 -0.0363
vn 0.8458 0.5335 0.0001
vn 0.9950 -0.0520 -0.0857
vn 0.8725 -0.4868 -0.0422
vn 0.9611 0.2731 -0.0422
vn 0.9952 -0.0542 -0.0815
vn 0.8473 -0.5282 -0.0560
vn 0.9726 0.2256 -0.0560
vn 0.1736 -0.9848 0.0000
vn 0.8183 -0.5748 0.0001
vn -0.9726 -0.2257 -0.0560
vn -0.9778 -0.2026 -0.0541
vn -0.5482 -0.8346 -0.0541
vn -0.5282 -0.8473 -0.0560
vn -0.2256 0.9726 -0.0560
vn -0.2026 0.9778 -0.0541
vn -0.8346 0.5482 -0.0541
vn -0.8473 0.5282 -0.0560
vn 0.9778 0.2026 -0.0541
vn 0.5482 0.8346 -0.0541
vn 0.5282 0.8473 -0.0560
vn 0.2026 -0.9778 -0.0541
vn 0.2256 -0.9726 -0.0560
vn 0.8346 -0.5482 -0.0541
vn 0.6392 0.2326 0.7330
vn 0.5432 0.4962 0.6772
vn -0.1309 0.3596 0.9239
vn 0.8652 0.3149 0.3902
vn 0.8141 0.4552 0.3605
vn 0.8713 0.3171 -0.3746
vn 0.9203 0.1824 -0.3461
vn 0.3629 0.1321 -0.9224
vn 0.1309 -0.3596 -0.9239
vn 0.4836 -0.1996 -0.8522
vn -0.3629 -0.1321 -0.9224
vn -0.2422 -0.4638 -0.8522
vn -0.8713 -0.3171 -0.3746
vn -0.8222 -0.4518 -0.3461
vn -0.8652 -0.3149 0.3902
vn -0.6392 -0.2326 0.7330
vn -0.7351 0.0310 0.6772
vn -0.9163 -0.1746 0.3605
vn 0.4619 0.7197 0.5183
vn -0.2418 0.6645 0.7071
vn 0.7709 0.5742 0.2759
vn 0.9619 0.0682 -0.2649
vn 0.2418 -0.6645 -0.7071
vn 0.5860 -0.4808 -0.6523
vn -0.1398 -0.7450 -0.6523
vn -0.7806 -0.5660 -0.2649
vn -0.8164 0.2544 0.5183
vn -0.9596 -0.0557 0.2759
vn 0.4077 0.8768 0.2550
vn -0.3189 0.8767 0.3601
vn 0.7421 0.6590 0.1226
vn 0.9843 -0.0021 -0.1767
vn 0.9842 -0.0021 -0.1768
vn 0.3099 -0.8518 -0.4223
vn 0.6463 -0.6556 -0.3904
vn -0.0740 -0.9177 -0.3903
vn -0.7529 -0.6339 -0.1768
vn -0.7529 -0.6340 -0.1767
vn -0.8758 0.4098 0.2551
vn -0.9921 0.0282 0.1226
vn 0.4192 0.9073 0.0309
vn -0.3234 0.9445 0.0584
vn 0.7442 0.6679 -0.0002
vn 0.3204 -0.9342 -0.1566
vn 0.6569 -0.7406 -0.1415
vn -0.0698 -0.9877 -0.1401
vn -0.7567 -0.6487 -0.0807
vn -0.7556 -0.6493 -0.0863
vn -0.8876 0.4597 0.0310
vn -0.9973 0.0736 0.0001
vn 0.3003 -0.9491 0.0950
vn 0.8769 -0.4756 0.0698
vn 0.8705 -0.4042 0.2809
vn 0.3146 -0.8684 0.3832
vn 0.9949 -0.0924 0.0396
vn 0.9885 -0.0246 0.1495
vn 0.7536 0.6416 -0.1430
vn 0.7536 0.6416 -0.1429
vn -0.3154 0.8692 -0.3809
vn 0.0730 0.9335 -0.3512
vn -0.6386 0.7642 -0.0909
vn -0.6530 0.6705 -0.3523
vn -0.9895 0.0109 -0.1438
vn -0.9896 0.0111 -0.1433
vn -0.7646 -0.6434 0.0375
vn -0.4431 -0.8938 0.0693
vn -0.4094 -0.8681 0.2806
vn -0.7441 -0.6514 0.1486
vn 0.8164 -0.2544 0.5183
vn 0.2418 -0.6645 0.7071
vn 0.9596 0.0557 0.2759
vn 0.7806 0.5660 -0.2649
vn -0.2418 0.6645 -0.7071
vn 0.1398 0.7450 -0.6523
vn -0.5860 0.4808 -0.6523
vn -0.9619 -0.0682 -0.2649
vn -0.4619 -0.7197 0.5183
vn -0.7709 -0.5742 0.2759
vn 0.7351 -0.0310 0.6772
vn 0.1309 -0.3596 0.9239
vn 0.9163 0.1746 0.3605
vn 0.8222 0.4518 -0.3461
vn -0.1309 0.3596 -0.9239
vn 0.2422 0.4638 -0.8522
vn -0.4836 0.1996 -0.8522
vn -0.9203 -0.1824 -0.3461
vn -0.5432 -0.4962 0.6772
vn -0.8141 -0.4552 0.3605
vn 0.9763 -0.2162 -0.0000
vn -0.9616 -0.2712 -0.0422
vn -0.4878 -0.8719 -0.0421
vn 0.2722 -0.9613 -0.0421
vn -0.2721 0.9613 -0.0422
vn -0.8718 0.4881 -0.0422
vn -0.7597 0.6502 -0.0120
vn 0.4866 0.8726 -0.0422
vn -0.9969 -0.0773 -0.0120
vn -0.5630 -0.8041 0.1909
vn -0.9667 -0.1705 0.1909
vn -0.9847 -0.1736 0.0129
vn -0.5735 -0.8191 0.0129
vn -0.1704 0.9667 0.1909
vn 0.5630 0.8041 0.1909
vn 0.5735 0.8191 0.0129
vn -0.1736 0.9847 0.0129
vn -0.8041 0.5630 0.1909
vn -0.8191 0.5735 0.0129
vn 0.6053 -0.4243 0.6735
vn 0.7017 -0.4914 0.5158
vn 0.8437 0.1487 0.5158
vn 0.7280 0.1280 0.6736
vn 0.9667 0.1705 0.1909
vn 0.9847 0.1736 0.0129
vn 0.8041 -0.5630 0.1909
vn 0.1705 -0.9667 0.1909
vn 0.1736 -0.9847 0.0129
vn 0.8191 -0.5735 0.0129
vn -0.4243 -0.6053 0.6735
vn -0.4914 -0.7018 0.5158
vn 0.1487 -0.8437 0.5158
vn 0.1280 -0.7280 0.6735
vn 0.3348 0.0590 0.9404
vn 0.2785 -0.1950 0.9404
vn -0.7281 -0.1280 0.6734
vn -0.8437 -0.1487 0.5157
vn 0.4914 0.7017 0.5158
vn 0.4242 0.6053 0.6735
vn -0.6053 0.4243 0.6735
vn -0.7018 0.4914 0.5158
vn -0.1487 0.8437 0.5158
vn -0.1280 0.7280 0.6735
vn -0.1950 -0.2785 0.9404
vn -0.3348 -0.0590 0.9404
vn 0.0618 0.0883 -0.9942
vn -0.0187 0.1061 -0.9942
vn -0.0618 -0.0883 -0.9942
vn 0.0187 -0.1061 -0.9942
vn -0.2785 0.1950 0.9404
vn -0.0590 0.3348 0.9404
vn 0.1061 0.0187 -0.9942
vn 0.1950 0.2785 0.9404
vn 0.0590 -0.3348 0.9404
vn 0.1736 -0.9848 0.0090
vn -0.5736 -0.8191 0.0090
vn 0.8191 -0.5736 0.0090
vn 0.9848 0.1736 0.0090
vn -0.9848 -0.1736 0.0090
vn 0.5736 0.8191 0.0090
vn -0.8191 0.5736 0.0090
vn -0.1736 0.9848 0.0090
vn -0.0883 0.0618 -0.9942
vn -0.1061 -0.0187 -0.9942
vn 0.0883 -0.0618 -0.9942
vn -0.1352 0.7668 -0.6275
vn 0.4466 0.6378 -0.6275
vn 0.7668 0.1352 -0.6275
vn 0.6378 -0.4466 -0.6275
vn 0.1352 -0.7668 -0.6275
vn -0.4466 -0.6378 -0.6275
vn -0.7668 -0.1352 -0.6275
vn -0.6378 0.4466 -0.6275
vn 0.5015 0.7114 -0.4924
vn 0.4864 0.6942 -0.5305
vn 0.8348 0.1469 -0.5305
vn 0.8576 0.1484 -0.4924
vn -0.9855 -0.1259 -0.1134
vn -0.7859 0.6079 -0.1134
vn 0.7534 -0.5389 -0.3768
vn 0.9138 0.1517 -0.3768
vn 0.7804 -0.5735 -0.2492
vn 0.9573 0.1463 -0.2492
vn -0.9138 -0.1517 -0.3769
vn -0.5389 -0.7534 -0.3768
vn -0.9573 -0.1463 -0.2492
vn -0.5735 -0.7804 -0.2492
vn -0.1517 0.9138 -0.3768
vn -0.7534 0.5389 -0.3768
vn -0.1463 0.9573 -0.2492
vn -0.7804 0.5735 -0.2492
vn 0.5389 0.7534 -0.3768
vn 0.5735 0.7804 -0.2492
vn 0.1517 -0.9138 -0.3768
vn 0.1463 -0.9573 -0.2492
vn -0.0161 -0.0087 0.9998
vn -0.0109 0.0147 0.9998
vn 0.2733 -0.1270 0.9535
vn 0.3013 -0.0004 0.9535
vn 0.4343 0.0766 -0.8975
vn 0.2530 0.3613 -0.8975
vn 0.2831 0.2211 -0.9333
vn 0.3200 0.1631 -0.9333
vn 0.0109 -0.0147 0.9998
vn 0.0161 0.0087 0.9998
vn 0.4209 -0.0205 0.9069
vn 0.3901 -0.1593 0.9069
vn 0.1548 -0.8778 0.4534
vn 0.1552 -0.8801 0.4487
vn 0.7321 -0.5126 0.4487
vn 0.7301 -0.5112 0.4534
vn 0.0176 -0.0052 0.9998
vn -0.0027 -0.0181 0.9998
vn -0.1035 0.2830 0.9535
vn -0.2128 0.2134 0.9535
vn -0.3621 0.9321 0.0006
vn -0.6918 0.7221 0.0006
vn -0.6912 0.7226 0.0006
vn -0.3628 0.9319 0.0006
vn 0.0087 -0.0161 0.9998
vn -0.0147 -0.0109 0.9998
vn 0.1270 0.2733 0.9535
vn 0.0004 0.3013 0.9535
vn 0.9321 0.3621 0.0006
vn 0.7221 0.6918 0.0006
vn 0.7226 0.6912 0.0006
vn 0.9319 0.3628 0.0006
vn -0.2733 0.1270 0.9535
vn -0.3013 0.0004 0.9535
vn -0.0181 0.0027 0.9998
vn -0.0052 -0.0176 0.9998
vn -0.3121 -0.2831 0.9069
vn -0.3885 -0.1632 0.9069
vn 0.0027 0.0181 0.9998
vn -0.0176 0.0052 0.9998
vn -0.2831 0.3121 0.9069
vn -0.1632 0.3885 0.9069
vn 0.0052 0.0176 0.9998
vn 0.0181 -0.0027 0.9998
vn -0.2830 -0.1035 0.9535
vn -0.2134 -0.2128 0.9535
vn 0.1035 -0.2830 0.9535
vn 0.2128 -0.2134 0.9535
vn 0.5126 0.7321 0.4487
vn 0.2831 0.8485 0.4471
vn 0.1020 0.8886 0.4471
vn -0.1552 0.8801 0.4487
vn -0.0087 0.0161 0.9998
vn 0.0147 0.0109 0.9998
vn -0.1270 -0.2733 0.9535
vn -0.0004 -0.3013 0.9535
vn 0.2830 0.1035 0.9535
vn 0.2134 0.2128 0.9535
vn 0.5538 0.7909 0.2602
vn -0.1677 0.9509 0.2602
vn -0.1707 0.9680 0.1840
vn 0.5638 0.8052 0.1840
vn -0.5538 -0.7909 0.2602
vn 0.1677 -0.9509 0.2602
vn 0.1707 -0.9680 0.1840
vn -0.5638 -0.8052 0.1841
vn 0.3998 -0.8002 0.4471
vn 0.5562 -0.7005 0.4471
vn -0.8801 -0.1552 0.4487
vn -0.8002 -0.3998 0.4471
vn -0.7005 -0.5562 0.4471
vn -0.5126 -0.7321 0.4487
vn -0.7909 0.5538 0.2602
vn -0.8052 0.5638 0.1841
vn 0.8801 0.1552 0.4487
vn 0.8002 0.3998 0.4471
vn 0.7005 0.5562 0.4471
vn -0.2831 -0.8485 0.4471
vn -0.1020 -0.8886 0.4471
vn 0.9152 -0.4031 0.0006
vn 0.9998 -0.0214 0.0006
vn 0.9998 -0.0222 0.0006
vn 0.9155 -0.4024 0.0006
vn -0.9509 -0.1677 0.2602
vn -0.9680 -0.1707 0.1841
vn -0.7321 0.5126 0.4487
vn -0.8485 0.2831 0.4471
vn -0.8886 0.1020 0.4471
vn 0.7909 -0.5538 0.2602
vn 0.8052 -0.5638 0.1840
vn -0.3998 0.8002 0.4471
vn -0.5562 0.7005 0.4471
vn 0.9509 0.1677 0.2602
vn 0.9680 0.1707 0.1840
vn -0.7301 0.5112 0.4534
vn -0.8778 -0.1548 0.4534
vn -0.1548 0.8778 0.4534
vn 0.5112 0.7301 0.4534
vn -0.5112 -0.7301 0.4534
vn 0.8778 0.1548 0.4534
vn 0.8485 -0.2831 0.4471
vn 0.8887 -0.1020 0.4471
vn -0.2530 -0.3613 -0.8975
vn 0.0766 -0.4343 -0.8975
vn -0.0438 -0.3565 -0.9333
vn -0.1110 -0.3416 -0.9333
vn -0.3613 0.2530 -0.8975
vn -0.4344 -0.0766 -0.8975
vn -0.3565 0.0438 -0.9333
vn -0.3416 0.1110 -0.9333
vn 0.3613 -0.2530 -0.8975
vn 0.3565 -0.0438 -0.9333
vn 0.3416 -0.1110 -0.9333
vn 0.2211 -0.2831 -0.9333
vn 0.1631 -0.3200 -0.9333
vn -0.2831 -0.2211 -0.9333
vn -0.3200 -0.1631 -0.9333
vn -0.0766 0.4344 -0.8975
vn 0.0438 0.3565 -0.9333
vn 0.1110 0.3416 -0.9333
vn -0.9321 -0.3621 0.0006
vn -0.7221 -0.6918 0.0006
vn -0.7226 -0.6912 0.0006
vn -0.9319 -0.3628 0.0006
vn -0.2211 0.2831 -0.9333
vn -0.1631 0.3200 -0.9333
vn 0.4031 0.9152 0.0006
vn 0.0214 0.9998 0.0006
vn 0.0222 0.9998 0.0006
vn 0.4024 0.9155 0.0006
vn 0.2831 -0.3121 0.9069
vn 0.1632 -0.3885 0.9069
vn 0.3621 -0.9321 0.0006
vn 0.6918 -0.7221 0.0006
vn 0.6912 -0.7226 0.0006
vn 0.3628 -0.9319 0.0006
vn 0.3121 0.2831 0.9069
vn 0.3885 0.1632 0.9069
vn -0.9152 0.4031 0.0006
vn -0.9998 0.0214 0.0006
vn -0.9998 0.0222 0.0006
vn -0.9155 0.4024 0.0006
vn -0.4209 0.0205 0.9069
vn -0.3901 0.1593 0.9069
vn -0.4031 -0.9152 0.0006
vn -0.0214 -0.9998 0.0006
vn -0.0222 -0.9998 0.0006
vn -0.4024 -0.9155 0.0006
vn -0.0205 -0.4209 0.9069
vn -0.1593 -0.3901 0.9069
vn 0.1593 0.3901 0.9069
vn 0.0205 0.4209 0.9069
vn -0.5750 0.4026 0.7122
vn -0.6913 -0.1219 0.7122
vn -0.4026 -0.5750 0.7122
vn 0.1219 -0.6913 0.7122
vn -0.1219 0.6913 0.7122
vn 0.5750 -0.4026 0.7122
vn 0.6913 0.1219 0.7122
vn 0.4026 0.5750 0.7122
vn 0.4904 -0.1949 0.8494
vn 0.5000 0.0000 0.8660
vn -0.0000 -0.1949 0.9808
vn -0.5000 -0.0000 0.8660
vn -0.4904 -0.1949 0.8494
vn -0.8660 -0.0000 0.5000
vn -0.8494 -0.1949 0.4904
vn -1.0000 0.0000 -0.0000
vn -0.9808 -0.1949 -0.0000
vn -0.8660 -0.0000 -0.5000
vn -0.8494 -0.1949 -0.4904
vn -0.5000 -0.0000 -0.8660
vn -0.4904 -0.1949 -0.8494
vn -0.0000 -0.1949 -0.9808
vn 0.5000 0.0000 -0.8660
vn 0.4904 -0.1949 -0.8494
vn 0.8660 0.0000 -0.5000
vn 0.8494 -0.1949 -0.4904
vn 0.8494 -0.1949 0.4904
vn 0.8660 0.0000 0.5000
vn -0.1858 0.9284 0.3219
vn -0.0000 0.9284 0.3717
vn -0.0000 0.9757 0.2193
vn -0.1096 0.9757 0.1899
vn 0.9808 -0.1949 0.0000
vn 1.0000 0.0000 0.0000
vn 0.6306 -0.6854 0.3641
vn 0.7282 -0.6854 0.0000
vn 0.1898 -0.9757 0.1096
vn 0.2192 -0.9757 0.0000
vn 0.3641 -0.6854 0.6306
vn 0.1096 -0.9757 0.1898
vn -0.0000 -0.6854 0.7282
vn -0.0000 -0.9757 0.2192
vn -0.3641 -0.6854 0.6306
vn -0.1096 -0.9757 0.1898
vn -0.6306 -0.6854 0.3641
vn -0.1898 -0.9757 0.1096
vn -0.7282 -0.6854 0.0000
vn -0.2192 -0.9757 0.0000
vn -0.6306 -0.6854 -0.3641
vn -0.1898 -0.9757 -0.1096
vn -0.3641 -0.6854 -0.6306
vn -0.1096 -0.9757 -0.1898
vn 0.0000 -0.6854 -0.7282
vn 0.0000 -0.9757 -0.2192
vn 0.3641 -0.6854 -0.6306
vn 0.1096 -0.9757 -0.1898
vn 0.6306 -0.6854 -0.3641
vn 0.1898 -0.9757 -0.1096
vn 0.0000 -1.0000 -0.0000
vn 0.1858 0.9284 -0.3219
vn -0.0000 0.9284 -0.3717
vn -0.0000 0.9757 -0.2193
vn 0.1096 0.9757 -0.1899
vn 0.1858 0.9284 0.3219
vn 0.1096 0.9757 0.1899
vn -0.3717 0.9284 -0.0000
vn -0.3219 0.9284 0.1858
vn -0.1899 0.9757 0.1096
vn -0.2193 0.9757 -0.0000
vn -0.1858 0.9284 -0.3219
vn -0.1096 0.9757 -0.1899
vn 0.3219 0.9284 0.1858
vn 0.1899 0.9757 0.1096
vn 0.3717 0.9284 0.0000
vn 0.3219 0.9284 -0.1858
vn 0.1899 0.9757 -0.1096
vn 0.2193 0.9757 0.0000
vn -0.3219 0.9284 -0.1858
vn -0.1899 0.9757 -0.1096
vn 0.1858 -0.9284 0.3219
vn 0.3219 -0.9284 0.1858
vn 0.3717 -0.9284 -0.0000
vn 0.3219 -0.9284 -0.1858
vn -0.3219 -0.9284 0.1858
vn -0.1858 -0.9284 0.3219
vn -0.1858 -0.9284 -0.3219
vn -0.3219 -0.9284 -0.1858
vn 0.1858 -0.9284 -0.3219
vn -0.3717 -0.9284 0.0000
vn -0.0000 -0.9284 -0.3717
vn -0.0000 -0.9284 0.3717
vn 0.0000 1.0000 0.0000
vn -0.2045 0.9125 0.3543
vn -0.0000 0.9125 0.4091
vn -0.0000 0.9703 0.2420
vn -0.1210 0.9703 0.2096
vn 0.2045 0.9125 -0.3543
vn 0.0000 0.9125 -0.4091
vn -0.0000 0.9703 -0.2420
vn 0.1210 0.9703 -0.2096
vn 0.2045 0.9125 0.3543
vn 0.1210 0.9703 0.2096
vn -0.4091 0.9125 0.0000
vn -0.3543 0.9125 0.2045
vn -0.2096 0.9703 0.1210
vn -0.2420 0.9703 0.0000
vn -0.2045 0.9125 -0.3543
vn -0.1210 0.9703 -0.2096
vn 0.3543 0.9125 0.2045
vn 0.2096 0.9703 0.1210
vn 0.4091 0.9125 0.0000
vn 0.3543 0.9125 -0.2045
vn 0.2096 0.9703 -0.1210
vn 0.2420 0.9703 0.0000
vn -0.3543 0.9125 -0.2045
vn -0.2096 0.9703 -0.1210
vn 0.1210 -0.9703 0.2096
vn 0.2096 -0.9703 0.1210
vn 0.3543 -0.9125 0.2045
vn 0.2045 -0.9125 0.3543
vn 0.2420 -0.9703 0.0000
vn 0.2096 -0.9703 -0.1210
vn 0.3543 -0.9125 -0.2045
vn 0.4091 -0.9125 0.0000
vn -0.2096 -0.9703 0.1210
vn -0.1210 -0.9703 0.2096
vn -0.2045 -0.9125 0.3543
vn -0.3543 -0.9125 0.2045
vn -0.1210 -0.9703 -0.2096
vn -0.2096 -0.9703 -0.1210
vn -0.3543 -0.9125 -0.2045
vn -0.2045 -0.9125 -0.3543
vn 0.1210 -0.9703 -0.2096
vn 0.2045 -0.9125 -0.3543
vn -0.2420 -0.9703 -0.0000
vn -0.4091 -0.9125 -0.0000
vn 0.0000 -0.9703 -0.2420
vn 0.0000 -0.9125 -0.4091
vn 0.0000 -0.9703 0.2420
vn 0.0000 -0.9125 0.4091
usemtl toy_soldier
s 1
f 1/1/1 2/2/2 10/3/3 9/4/4
f 2/5/2 3/6/5 11/7/6 10/8/3
f 3/6/7 4/9/8 12/10/9 11/7/10
f 4/11/11 5/12/12 13/13/13 12/14/14
f 5/12/12 6/15/15 14/16/16 13/13/13
f 6/17/17 7/18/18 15/19/19 14/20/20
f 7/18/21 8/21/22 16/22/23 15/19/24
f 8/23/22 1/1/1 9/4/4 16/24/23
f 9/4/4 10/3/3 18/25/25 17/26/26
f 10/8/3 11/7/6 19/27/27 18/25/25
f 11/7/10 12/10/9 20/28/28 19/27/28
f 12/14/14 13/13/13 21/29/29 20/30/30
f 13/13/13 14/16/16 22/31/31 21/29/29
f 14/20/20 15/19/19 23/32/32 22/33/32
f 15/19/24 16/22/23 24/34/33 23/32/34
f 16/24/23 9/4/4 17/26/26 24/34/33
f 17/26/26 18/25/25 26/35/35 25/36/36
f 18/25/25 19/27/27 27/37/37 26/35/35
f 19/27/28 20/28/28 28/38/38 27/37/38
f 20/30/30 21/29/29 29/39/39 28/40/40
f 21/29/29 22/31/31 30/41/41 29/39/39
f 22/33/32 23/32/32 31/42/42 30/43/42
f 23/32/34 24/34/33 32/44/43 31/42/44
f 24/34/33 17/26/26 25/36/36 32/44/43
f 25/36/36 26/35/35 34/45/45 33/46/46
f 26/35/35 27/37/37 35/47/47 34/45/45
f 27/37/38 28/38/38 36/48/48 35/47/48
f 28/40/40 29/39/39 37/49/49 36/50/50
f 29/39/39 30/41/41 38/51/51 37/49/49
f 30/43/42 31/42/42 39/52/52 38/53/52
f 31/42/44 32/44/43 40/54/53 39/52/54
f 32/44/43 25/36/36 33/46/46 40/54/53
f 33/46/46 34/45/45 42/55/55 41/56/56
f 34/45/45 35/47/47 43/57/57 42/55/55
f 35/47/48 36/48/48 44/58/58 43/57/58
f 36/50/50 37/49/49 45/59/59 44/58/60
f 37/49/49 38/51/51 46/60/61 45/59/59
f 38/53/52 39/52/52 47/61/62 46/60/62
f 39/52/54 40/54/53 48/62/63 47/61/64
f 40/54/53 33/46/46 41/56/56 48/62/63
f 41/56/56 42/55/55 50/63/65 49/64/66
f 42/55/55 43/57/57 51/65/67 50/63/65
f 43/57/58 44/58/58 52/66/68 51/65/68
f 44/58/60 45/59/59 53/67/69 52/66/70
f 45/59/59 46/60/61 54/68/71 53/67/69
f 46/60/62 47/61/62 55/69/72 54/68/72
f 47/61/64 48/62/63 56/70/73 55/69/74
f 48/62/63 41/56/56 49/64/66 56/70/73
f 49/64/66 50/63/65 58/71/75 57/72/76
f 50/63/65 51/65/67 59/73/77 58/71/75
f 51/65/68 52/66/68 60/74/78 59/73/79
f 52/66/70 53/67/69 61/75/80 60/74/81
f 53/67/69 54/68/71 62/76/82 61/75/80
f 54/68/72 55/69/72 63/77/83 62/76/84
f 55/69/74 56/70/73 64/78/85 63/77/86
f 56/70/73 49/64/66 57/72/76 64/78/85
f 57/72/76 58/71/75 66/79/87 65/80/88
f 58/71/75 59/73/77 67/81/89 66/79/87
f 59/73/79 60/74/78 68/82/90 67/81/91
f 60/74/81 61/75/80 69/83/92 68/82/93
f 61/75/80 62/76/82 70/84/94 69/83/92
f 62/76/84 63/77/83 71/85/95 70/84/96
f 63/77/86 64/78/85 72/86/97 71/85/98
f 64/78/85 57/72/76 65/80/88 72/86/97
f 253/87/99 341/88/100 179/89/101 248/90/102
f 76/91/103 261/92/104 256/93/105 77/94/106
f 245/95/107 177/96/108 344/97/109 240/98/110
f 80/99/111 249/100/112 268/101/113 73/102/114
f 73/103/114 268/104/113 264/105/115 75/106/116
f 260/107/117 182/108/118 178/109/119 257/110/120
f 77/94/106 256/93/105 244/111/121 78/112/122
f 3/6/7 75/106/116 76/113/103 4/9/8
f 71/85/98 72/86/97 161/114/123 164/115/124
f 162/116/125 165/117/126 69/83/92 70/84/94
f 164/115/127 139/118/128 109/119/129 162/116/130
f 166/120/131 165/117/132 108/121/133 150/122/134
f 166/120/135 150/122/136 138/123/137 167/124/138
f 149/125/139 155/126/140 154/127/141 136/128/142
f 155/126/140 176/129/143 174/130/144 154/127/141
f 168/131/145 65/80/88 66/79/87 163/132/146
f 172/133/147 184/134/148 183/135/149 173/136/150
f 169/137/151 187/138/152 185/139/153 170/140/154
f 174/130/144 189/141/155 188/142/156 171/143/157
f 173/144/150 183/145/149 186/146/158 175/147/159
f 170/148/154 185/139/153 184/134/148 172/133/147
f 175/147/159 186/146/158 190/149/160 176/150/143
f 81/151/49 82/152/161 87/153/162 86/154/163
f 82/152/161 120/155/164 130/156/165 87/153/162
f 120/155/166 144/157/166 146/158/167 130/156/167
f 144/159/168 83/160/46 88/161/169 146/162/170
f 83/160/46 84/163/171 89/164/172 88/161/169
f 84/165/173 128/166/173 131/167/174 89/168/174
f 128/166/175 85/169/176 90/170/177 131/167/178
f 85/169/176 81/151/49 86/154/163 90/170/177
f 86/154/163 87/153/162 92/171/179 91/172/180
f 87/153/162 130/156/165 132/173/181 92/171/179
f 130/156/167 146/158/167 147/174/182 132/173/182
f 146/162/170 88/161/169 93/175/183 147/176/184
f 88/161/169 89/164/172 94/177/185 93/175/183
f 89/168/174 131/167/174 133/178/186 94/179/186
f 131/167/178 90/170/177 95/180/187 133/178/188
f 90/170/177 86/154/163 91/172/180 95/180/187
f 91/172/180 92/171/179 97/181/189 96/182/190
f 92/171/179 132/173/181 134/183/191 97/184/189
f 132/173/182 147/174/182 148/185/192 134/183/193
f 147/176/184 93/175/183 98/186/194 148/187/195
f 93/175/183 94/177/185 99/188/196 98/186/194
f 94/179/186 133/178/186 135/189/197 99/190/198
f 133/178/188 95/180/187 100/191/199 135/189/200
f 95/180/187 91/172/180 96/182/190 100/192/199
f 96/182/190 97/181/189 102/193/201 101/194/202
f 97/184/189 134/183/191 136/128/203 102/195/201
f 134/183/193 148/185/192 149/125/139 136/128/142
f 148/187/195 98/186/194 103/196/204 149/197/205
f 98/186/194 99/188/196 104/198/206 103/196/204
f 99/190/198 135/189/197 137/199/207 104/200/208
f 135/189/200 100/191/199 105/201/209 137/199/210
f 100/192/199 96/182/190 101/194/202 105/202/209
f 106/203/211 107/204/212 112/205/213 111/206/214
f 107/204/212 138/123/215 140/207/216 112/205/213
f 138/123/137 150/122/136 151/208/217 140/207/218
f 150/122/134 108/121/133 113/209/219 151/208/220
f 108/121/133 109/119/221 114/210/222 113/209/219
f 109/119/129 139/118/128 141/211/223 114/210/224
f 139/118/225 110/212/226 115/213/227 141/211/228
f 110/212/226 106/203/211 111/206/214 115/213/227
f 111/206/214 112/205/213 117/214/229 116/215/230
f 112/205/213 140/207/216 142/216/231 117/214/229
f 140/207/218 151/208/217 152/217/232 142/216/232
f 151/208/220 113/209/219 118/218/233 152/217/234
f 113/209/219 114/210/222 119/219/235 118/218/233
f 114/210/224 141/211/223 143/220/236 119/219/236
f 141/211/228 115/213/227 122/221/237 143/220/238
f 115/213/227 111/206/214 116/215/230 122/221/237
f 116/215/230 117/214/229 124/222/239 123/223/240
f 117/214/229 142/216/231 121/224/241 124/222/239
f 142/216/232 152/217/232 145/225/242 121/224/242
f 152/217/234 118/218/233 125/226/243 145/225/244
f 118/218/233 119/219/235 126/227/245 125/226/243
f 119/219/236 143/220/236 129/228/246 126/227/246
f 143/220/238 122/221/237 127/229/247 129/228/248
f 122/221/237 116/215/230 123/223/240 127/229/247
f 123/223/240 124/222/239 82/152/161 81/151/49
f 124/222/239 121/224/241 120/155/164 82/152/161
f 121/224/242 145/225/242 144/157/166 120/155/166
f 145/225/244 125/226/243 83/160/46 144/159/168
f 125/226/243 126/227/245 84/163/171 83/160/46
f 126/227/246 129/228/246 128/166/173 84/165/173
f 129/228/248 127/229/247 85/169/176 128/166/175
f 127/229/247 123/223/240 81/151/49 85/169/176
f 167/124/249 138/123/215 107/204/212 163/132/146
f 168/131/145 161/114/123 72/86/97 65/80/88
f 109/119/221 108/121/133 165/117/126 162/116/125
f 71/85/95 164/115/127 162/116/130 70/84/96
f 68/82/93 69/83/92 165/117/132 166/120/131
f 68/82/90 166/120/135 167/124/138 67/81/91
f 106/203/211 168/131/145 163/132/146 107/204/212
f 67/81/89 167/124/249 163/132/146 66/79/87
f 106/203/211 110/212/226 161/114/123 168/131/145
f 164/115/124 161/114/123 110/212/226 139/118/225
f 137/199/207 153/230/250 156/231/251 104/200/208
f 103/196/204 157/232/252 155/233/140 149/197/205
f 104/198/206 156/234/251 157/232/252 103/196/204
f 101/194/202 160/235/253 158/236/254 105/202/209
f 8/23/22 79/237/255 80/99/111 1/1/1
f 102/193/201 159/238/256 160/235/253 101/194/202
f 105/201/209 158/239/254 153/230/250 137/199/210
f 136/128/203 154/127/141 159/240/256 102/195/201
f 171/241/157 188/142/156 187/138/152 169/137/151
f 5/12/12 77/94/106 78/112/122 6/15/15
f 4/11/11 76/91/103 77/94/106 5/12/12
f 160/235/253 169/137/151 170/140/154 158/236/254
f 6/17/17 78/242/122 74/243/257 7/18/18
f 2/5/2 73/103/114 75/106/116 3/6/5
f 7/18/21 74/243/257 79/244/255 8/21/22
f 1/1/1 80/99/111 73/102/114 2/2/2
f 75/106/116 264/105/115 261/245/104 76/113/103
f 159/238/256 171/241/157 169/137/151 160/235/253
f 158/239/254 170/148/154 172/133/147 153/230/250
f 154/127/141 174/130/144 171/143/157 159/240/256
f 153/230/250 172/133/147 173/136/150 156/231/251
f 157/232/252 175/147/159 176/150/143 155/233/140
f 156/234/251 173/144/150 175/147/159 157/232/252
f 201/246/258 202/247/259 193/248/260 192/249/261
f 208/250/262 211/251/263 197/252/264 196/253/265
f 202/247/259 205/254/266 194/255/267 193/248/260
f 190/256/268 214/257/269 213/258/270 189/259/271
f 205/254/266 208/250/262 196/253/265 194/255/267
f 211/251/263 212/260/272 198/261/273 197/252/264
f 215/262/274 207/263/275 195/264/276 199/265/277
f 183/266/278 200/267/279 206/268/280 186/269/281
f 186/269/281 206/268/280 214/257/269 190/256/268
f 198/270/282 199/271/283 219/272/283 228/273/282
f 184/274/284 203/275/285 200/267/279 183/266/278
f 189/259/271 213/258/270 210/276/286 188/277/287
f 185/278/288 204/279/289 203/275/285 184/274/284
f 188/277/287 210/276/286 209/280/290 187/281/291
f 187/281/291 209/280/290 204/279/289 185/278/288
f 212/260/272 215/262/274 199/265/277 198/261/273
f 215/262/274 212/260/272 213/258/270 214/257/269
f 211/251/263 208/250/262 209/280/290 210/276/286
f 207/263/275 215/262/274 214/257/269 206/268/280
f 205/254/266 202/247/259 203/275/285 204/279/289
f 201/246/258 207/263/275 206/268/280 200/267/279
f 212/260/272 211/251/263 210/276/286 213/258/270
f 208/250/262 205/254/266 204/279/289 209/280/290
f 202/247/259 201/246/258 200/267/279 203/275/285
f 207/263/275 201/246/258 192/249/261 195/264/276
f 192/282/292 193/283/293 227/284/293 226/285/292
f 237/286/294 235/287/295 223/288/295 220/289/294
f 232/290/296 233/291/297 217/292/297 216/293/296
f 194/294/298 196/295/299 225/296/299 230/297/298
f 239/298/300 237/286/294 220/289/294 231/299/300
f 197/300/301 198/270/282 228/273/282 221/301/301
f 195/302/302 192/282/292 226/285/292 229/303/302
f 229/304/303 226/305/304 216/306/304 217/307/303
f 219/308/305 229/304/303 217/307/303 218/309/305
f 228/310/306 219/308/305 218/309/305 231/311/306
f 226/305/304 227/312/307 222/313/307 216/306/304
f 221/314/308 228/310/306 231/311/306 220/315/308
f 227/312/307 230/316/309 224/317/309 222/313/307
f 225/318/310 221/314/308 220/315/308 223/319/310
f 230/316/309 225/318/310 223/319/310 224/317/309
f 196/295/299 197/300/301 221/301/301 225/296/299
f 235/287/295 236/320/311 224/321/311 223/288/295
f 199/271/283 195/302/302 229/303/302 219/272/283
f 236/320/311 234/322/312 222/323/312 224/321/311
f 238/324/313 239/298/300 231/299/300 218/325/313
f 193/283/293 194/294/298 230/297/298 227/284/293
f 233/291/297 238/324/313 218/325/313 217/292/297
f 234/322/312 232/290/296 216/293/296 222/323/312
f 191/326/46 233/327/314 232/328/315
f 191/326/46 232/328/315 234/329/316
f 191/326/46 236/330/317 235/331/318
f 191/326/46 234/329/316 236/330/317
f 191/326/46 235/331/318 237/332/319
f 191/326/46 239/333/320 238/334/321
f 191/326/46 238/334/321 233/327/314
f 191/326/46 237/332/319 239/333/320
f 269/335/322 180/336/323 181/337/324 265/338/325
f 240/98/110 344/97/109 341/88/100 253/87/99
f 248/90/102 179/89/101 180/336/323 269/335/322
f 257/110/120 178/109/119 177/96/108 245/339/107
f 78/242/122 244/340/121 241/341/326 74/243/257
f 265/338/325 181/337/324 182/108/118 260/342/117
f 79/237/255 252/343/327 249/100/112 80/99/111
f 265/338/325 260/342/117 262/344/328 267/345/329
f 267/345/329 262/344/328 263/346/330 266/347/331
f 266/347/331 263/346/330 261/245/104 264/105/115
f 245/95/107 240/98/110 242/348/332 247/349/333
f 247/349/333 242/348/332 243/350/334 246/351/335
f 246/351/335 243/350/334 241/341/326 244/340/121
f 253/87/99 248/90/102 250/352/336 255/353/337
f 255/353/337 250/352/336 251/354/338 254/355/339
f 254/355/339 251/354/338 249/100/112 252/343/327
f 269/335/322 265/338/325 267/345/329 271/356/340
f 271/356/340 267/345/329 266/347/331 270/357/341
f 270/357/341 266/347/331 264/105/115 268/104/113
f 257/110/120 245/339/107 247/358/333 259/359/342
f 259/359/342 247/358/333 246/360/335 258/361/343
f 258/361/343 246/360/335 244/111/121 256/93/105
f 240/98/110 253/87/99 255/362/337 242/348/332
f 242/348/332 255/362/337 254/363/339 243/350/334
f 243/350/334 254/363/339 252/364/327 241/341/326
f 260/107/117 257/110/120 259/359/342 262/365/328
f 262/365/328 259/359/342 258/361/343 263/366/330
f 263/366/330 258/361/343 256/93/105 261/92/104
f 248/90/102 269/335/322 271/367/340 250/352/336
f 250/352/336 271/367/340 270/368/341 251/354/338
f 251/354/338 270/368/341 268/101/113 249/100/112
f 74/243/257 241/341/326 252/364/327 79/244/255
f 301/369/344 303/370/345 348/371/346 350/372/347
f 181/373/348 180/374/349 334/375/350 331/376/351
f 293/377/352 292/378/353 308/379/354 312/380/355
f 284/381/356 319/382/357 313/383/358 281/384/359
f 294/385/360 298/386/361 353/387/362 357/388/363
f 335/389/364 340/390/365 357/388/366 353/387/367
f 297/391/368 300/392/369 351/393/370 354/394/371
f 331/395/372 334/396/373 352/397/374 349/398/375
f 292/399/353 293/400/352 358/401/376 359/402/377
f 302/403/378 299/404/379 320/405/380 324/406/381
f 295/407/382 304/408/383 326/409/384 315/410/385
f 289/411/386 291/412/387 360/413/388 362/414/389
f 304/415/383 295/416/382 356/417/390 347/418/391
f 307/419/392 306/420/393 314/421/394 316/422/395
f 296/423/396 290/424/397 361/425/398 355/426/399
f 299/427/379 302/428/378 349/398/400 352/397/401
f 275/429/402 285/430/403 367/431/404 370/432/405
f 279/433/406 283/434/407 366/435/408 365/436/409
f 319/382/357 318/437/410 311/438/411 313/383/358
f 325/439/412 324/406/413 320/405/414 322/440/415
f 285/430/403 287/441/416 363/442/417 367/431/404
f 310/443/418 309/444/419 305/445/420 307/419/392
f 322/440/415 321/446/421 317/447/422 319/382/357
f 329/448/423 332/449/424 350/372/425 348/371/426
f 278/450/427 279/433/406 365/436/409 364/451/428
f 328/452/429 327/453/430 323/454/431 325/439/412
f 283/434/407 282/455/432 368/456/433 366/435/408
f 316/422/395 315/410/434 326/409/435 328/452/429
f 274/457/436 275/429/402 370/432/405 369/458/437
f 287/441/416 278/450/427 364/451/428 363/442/417
f 282/455/432 274/457/436 369/458/437 368/456/433
f 278/450/427 287/441/416 288/459/438 277/460/439
f 287/441/416 285/430/403 286/461/440 288/459/438
f 285/430/403 275/429/402 276/462/441 286/461/440
f 282/455/432 283/434/407 284/381/356 281/384/359
f 283/434/407 279/433/406 280/463/442 284/381/356
f 274/457/436 282/455/432 281/384/359 273/464/443
f 279/433/406 278/450/427 277/460/439 280/463/442
f 275/429/402 274/457/436 273/464/443 276/462/441
f 313/383/358 312/380/444 308/379/445 310/443/418
f 177/465/446 178/466/447 338/467/448 345/468/449
f 341/469/450 344/470/451 343/471/452 339/472/453
f 182/473/454 181/373/348 332/474/455 329/475/456
f 178/466/447 182/473/454 330/476/457 337/477/458
f 344/470/451 177/465/446 346/478/459 342/479/460
f 180/374/349 179/480/461 336/481/462 333/482/463
f 342/483/464 346/484/465 362/414/466 360/413/467
f 179/480/461 341/469/450 340/485/468 335/486/469
f 333/487/470 336/488/471 354/394/472 351/393/473
f 298/489/361 294/490/360 311/438/474 318/437/475
f 337/491/476 330/492/477 347/418/478 356/417/479
f 291/493/387 289/494/386 305/445/480 309/444/481
f 339/495/482 343/496/483 359/402/484 358/401/485
f 303/497/345 301/498/344 323/454/486 327/453/487
f 345/499/488 338/500/489 355/426/490 361/425/491
f 300/501/369 297/502/368 317/447/492 321/446/493
f 176/129/143 190/503/160 189/141/155 174/130/144
f 305/445/420 306/420/393 307/419/392
f 308/379/445 309/444/419 310/443/418
f 311/438/411 312/380/444 313/383/358
f 314/421/394 315/410/434 316/422/395
f 317/447/422 318/437/410 319/382/357
f 320/405/414 321/446/421 322/440/415
f 323/454/431 324/406/413 325/439/412
f 326/409/435 327/453/430 328/452/429
f 329/475/456 330/476/457 182/473/454
f 331/376/351 332/474/455 181/373/348
f 333/482/463 334/375/350 180/374/349
f 335/486/469 336/481/462 179/480/461
f 337/477/458 338/467/448 178/466/447
f 339/472/453 340/485/468 341/469/450
f 342/479/460 343/471/452 344/470/451
f 345/468/449 346/478/459 177/465/446
f 360/413/388 291/412/387 292/399/353 359/402/377
f 294/385/360 357/388/363 358/401/376 293/400/352
f 348/371/346 303/370/345 304/415/383 347/418/391
f 296/423/396 355/426/399 356/417/390 295/416/382
f 311/438/474 294/490/360 293/377/352 312/380/355
f 291/493/387 309/444/481 308/379/354 292/378/353
f 320/405/380 299/404/379 300/501/369 321/446/493
f 298/489/361 318/437/475 317/447/492 297/502/368
f 305/445/480 289/494/386 290/504/397 306/420/494
f 295/407/382 315/410/385 314/421/495 296/505/396
f 303/497/345 327/453/487 326/409/384 304/408/383
f 302/403/378 324/406/381 323/454/486 301/498/344
f 354/394/472 336/488/471 335/389/364 353/387/367
f 339/495/482 358/401/485 357/388/366 340/390/365
f 362/414/466 346/484/465 345/499/488 361/425/491
f 337/491/476 356/417/479 355/426/490 338/500/489
f 329/448/423 348/371/426 347/418/478 330/492/477
f 331/395/372 349/398/375 350/372/425 332/449/424
f 359/402/484 343/496/483 342/483/464 360/413/467
f 333/487/470 351/393/473 352/397/374 334/396/373
f 289/411/386 362/414/389 361/425/398 290/424/397
f 301/369/344 350/372/347 349/398/400 302/428/378
f 351/393/370 300/392/369 299/427/379 352/397/401
f 297/391/368 354/394/371 353/387/362 298/386/361
f 290/504/397 296/505/396 314/421/495 306/420/494
f 281/384/359 313/383/358 310/443/418 273/464/443
f 273/464/443 310/443/418 307/419/392 276/462/441
f 276/462/441 307/419/392 316/422/395 286/461/440
f 286/461/440 316/422/395 328/452/429 288/459/438
f 288/459/438 328/452/429 325/439/412 277/460/439
f 277/460/439 325/439/412 322/440/415 280/463/442
f 280/463/442 322/440/415 319/382/357 284/381/356
f 272/506/49 363/442/496 364/451/497
f 272/506/49 365/436/498 366/435/499
f 272/507/49 367/431/500 363/442/496
f 272/508/49 368/456/501 369/458/502
f 272/508/49 370/432/503 367/431/500
f 272/509/49 364/451/497 365/436/498
f 272/507/49 366/435/499 368/456/501
f 272/510/49 369/458/502 370/432/503
f 389/511/504 373/512/505 374/513/49 391/514/506
f 391/514/506 374/513/49 375/515/507 393/516/508
f 393/516/508 375/515/507 376/517/509 396/518/510
f 396/518/510 376/517/509 377/519/511 399/520/512
f 399/520/512 377/519/511 378/521/513 402/522/514
f 402/522/514 378/521/513 379/523/515 405/524/516
f 405/524/516 379/523/515 380/525/46 408/526/517
f 408/526/517 380/525/46 381/527/518 411/528/519
f 411/528/519 381/527/518 382/529/520 414/530/521
f 387/531/522 372/532/523 373/512/505 389/511/504
f 449/533/524 452/534/525 456/535/526 455/536/527
f 384/537/528 371/538/529 372/532/523 387/531/522
f 384/537/528 387/531/522 388/539/530 385/540/531
f 385/540/531 388/539/530 416/541/532 417/542/533
f 387/531/522 389/511/504 390/543/534 388/539/530
f 388/539/530 390/543/534 418/544/535 416/541/532
f 389/511/504 391/514/506 392/545/536 390/543/534
f 390/543/534 392/545/536 419/546/537 418/544/535
f 391/514/506 393/516/508 394/547/538 392/545/536
f 392/545/536 394/547/538 420/548/539 419/546/537
f 393/516/508 396/518/510 397/549/540 394/547/538
f 394/547/538 397/549/540 421/550/541 420/548/539
f 396/518/510 399/520/512 400/551/542 397/549/540
f 397/549/540 400/551/542 422/552/543 421/550/541
f 399/520/512 402/522/514 403/553/544 400/551/542
f 400/551/542 403/553/544 423/554/545 422/552/543
f 402/522/514 405/524/516 406/555/546 403/553/544
f 403/553/544 406/555/546 424/556/547 423/554/545
f 405/524/516 408/526/517 409/557/548 406/555/546
f 406/555/546 409/557/548 425/558/549 424/556/547
f 408/526/517 411/528/519 412/559/550 409/557/548
f 409/557/548 412/559/550 426/560/551 425/558/549
f 411/528/519 414/530/521 415/561/552 412/559/550
f 412/559/550 415/561/552 427/562/553 426/560/551
f 414/530/521 384/537/528 385/540/531 415/561/552
f 415/561/552 385/540/531 417/542/533 427/562/553
f 414/530/521 382/529/520 371/538/529 384/537/528
f 383/563/554 417/542/533 416/541/532
f 383/563/554 416/541/532 418/544/535
f 383/563/554 418/544/535 419/546/537
f 383/563/554 419/546/537 420/548/539
f 383/563/554 420/548/539 421/550/541
f 383/563/554 421/550/541 422/552/543
f 383/563/554 422/552/543 423/554/545
f 383/563/554 423/554/545 424/556/547
f 383/563/554 424/556/547 425/558/549
f 383/563/554 425/558/549 426/560/551
f 383/563/554 426/560/551 427/562/553
f 383/563/554 427/562/553 417/542/533
f 448/564/555 438/565/556 459/566/557 458/567/558
f 452/534/525 436/568/559 453/569/560 456/535/526
f 440/570/561 434/571/562 463/572/563 462/573/564
f 438/565/556 432/574/565 460/575/566 459/566/557
f 436/568/559 441/576/567 454/577/568 453/569/560
f 444/578/569 445/579/570 457/580/571 464/581/572
f 434/571/562 449/533/524 455/536/527 463/572/563
f 432/574/565 429/582/573 461/583/574 460/575/566
f 441/576/567 444/578/569 464/581/572 454/577/568
f 445/579/570 448/564/555 458/567/558 457/580/571
f 429/582/573 440/570/561 462/573/564 461/583/574
f 373/584/575 372/585/576 442/586/576 435/587/575
f 443/588/529 446/589/520 445/590/520 444/591/529
f 371/592/577 382/593/578 446/594/578 443/595/577
f 433/596/509 450/597/507 449/598/507 434/599/509
f 376/600/579 375/601/580 450/602/580 433/603/579
f 431/604/515 430/605/513 429/606/513 432/607/515
f 379/608/581 378/609/582 430/610/582 431/611/581
f 442/612/523 443/588/529 444/591/529 441/613/523
f 372/585/576 371/592/577 443/595/577 442/586/576
f 446/589/520 447/614/518 448/615/518 445/590/520
f 382/593/578 381/616/583 447/617/583 446/594/578
f 430/605/513 439/618/511 440/619/511 429/606/513
f 378/609/582 377/620/584 439/621/584 430/610/582
f 435/622/505 442/612/523 441/613/523 436/623/505
f 380/624/585 379/608/581 431/611/581 437/625/585
f 437/626/46 431/604/515 432/607/515 438/627/46
f 377/620/584 376/600/579 433/603/579 439/621/584
f 439/618/511 433/596/509 434/599/509 440/619/511
f 374/628/586 373/584/575 435/587/575 451/629/586
f 451/630/49 435/622/505 436/623/505 452/631/49
f 381/616/583 380/624/585 437/625/585 447/617/583
f 447/614/518 437/626/46 438/627/46 448/615/518
f 375/601/580 374/628/586 451/629/586 450/602/580
f 450/597/507 451/630/49 452/631/49 449/598/507
f 386/632/587 453/633/560 454/634/568
f 386/632/587 455/635/527 456/636/526
f 386/632/587 457/637/571 458/638/558
f 386/632/587 458/638/558 459/639/557
f 386/632/587 459/639/557 460/640/566
f 386/632/587 460/640/566 461/641/574
f 386/632/587 461/641/574 462/642/564
f 386/632/587 462/642/564 463/643/563
f 386/632/587 463/643/563 455/635/527
f 386/632/587 456/636/526 453/633/560
f 386/632/587 454/634/568 464/644/572
f 386/632/587 464/644/572 457/637/571
f 404/645/511 401/646/511 413/647/511 428/648/511
f 398/649/49 395/650/49 401/651/49 404/652/49
f 410/653/529 407/654/529 395/655/529 398/656/529
f 428/657/46 413/658/46 407/659/46 410/660/46
f 486/661/588 489/662/589 506/663/590 505/664/591
f 485/665/592 475/666/593 509/667/594 508/668/595
f 489/662/589 473/669/596 503/670/597 506/663/590
f 477/671/598 471/672/599 513/673/600 512/674/601
f 475/666/593 469/675/602 510/676/603 509/667/594
f 473/669/596 478/677/604 504/678/605 503/670/597
f 481/679/606 482/680/607 507/681/608 514/682/609
f 471/672/599 486/661/588 505/664/591 513/673/600
f 469/675/602 466/683/610 511/684/611 510/676/603
f 478/677/604 481/679/606 514/682/609 504/678/605
f 482/680/607 485/665/592 508/668/595 507/681/608
f 466/683/610 477/671/598 512/674/601 511/684/611
f 493/685/612 491/686/613 479/687/614 472/688/615
f 480/689/529 483/690/520 482/691/520 481/692/529
f 492/693/616 502/694/617 483/695/618 480/696/619
f 470/697/509 487/698/507 486/699/507 471/700/509
f 496/701/620 495/702/621 487/703/622 470/704/623
f 468/705/515 467/706/513 466/707/513 469/708/515
f 499/709/624 498/710/625 467/711/626 468/712/627
f 479/713/523 480/689/529 481/692/529 478/714/523
f 491/686/613 492/693/616 480/696/619 479/687/614
f 483/690/520 484/715/518 485/716/518 482/691/520
f 502/694/617 501/717/628 484/718/629 483/695/618
f 467/706/513 476/719/511 477/720/511 466/707/513
f 498/710/625 497/721/630 476/722/631 467/711/626
f 472/723/505 479/713/523 478/714/523 473/724/505
f 500/725/632 499/709/624 468/712/627 474/726/633
f 474/727/46 468/705/515 469/708/515 475/728/46
f 497/721/630 496/701/620 470/704/623 476/722/631
f 476/719/511 470/697/509 471/700/509 477/720/511
f 494/729/634 493/685/612 472/688/615 488/730/635
f 488/731/49 472/723/505 473/724/505 489/732/49
f 501/717/628 500/725/632 474/726/633 484/718/629
f 484/715/518 474/727/46 475/728/46 485/716/518
f 495/702/621 494/729/634 488/730/635 487/703/622
f 487/698/507 488/731/49 489/732/49 486/699/507
f 465/733/554 492/734/616 491/735/613
f 465/733/554 491/735/613 493/736/612
f 465/733/554 493/736/612 494/737/634
f 465/733/554 494/737/634 495/738/621
f 465/733/554 495/738/621 496/739/620
f 465/733/554 496/739/620 497/740/630
f 465/733/554 497/740/630 498/741/625
f 465/733/554 498/741/625 499/742/624
f 465/733/554 499/742/624 500/743/632
f 465/733/554 500/743/632 501/744/628
f 465/733/554 501/744/628 502/745/617
f 465/733/554 502/745/617 492/734/616
f 490/746/587 503/747/597 504/748/605
f 490/746/587 505/749/591 506/750/590
f 490/746/587 507/751/608 508/752/595
f 490/746/587 508/752/595 509/753/594
f 490/746/587 509/753/594 510/754/603
f 490/746/587 510/754/603 511/755/611
f 490/746/587 511/755/611 512/756/601
f 490/746/587 512/756/601 513/757/600
f 490/746/587 513/757/600 505/749/591
f 490/746/587 506/750/590 503/747/597
f 490/746/587 504/748/605 514/758/609
f 490/746/587 514/758/609 507/751/608
f 533/759/504 517/760/505 518/761/49 535/762/506
f 535/762/506 518/761/49 519/763/507 537/764/508
f 537/764/508 519/763/507 520/765/509 540/766/510
f 540/766/510 520/765/509 521/767/511 543/768/512
f 543/768/512 521/767/511 522/769/513 546/770/514
f 546/770/514 522/769/513 523/771/515 549/772/516
f 549/772/516 523/771/515 524/773/46 552/774/517
f 552/774/517 524/773/46 525/775/518 555/776/519
f 555/776/519 525/775/518 526/777/520 558/778/521
f 531/779/522 516/780/523 517/760/505 533/759/504
f 593/781/524 596/782/525 600/783/526 599/784/527
f 528/785/528 515/786/529 516/780/523 531/779/522
f 528/785/528 531/779/522 532/787/530 529/788/531
f 529/788/531 532/787/530 560/789/532 561/790/533
f 531/779/522 533/759/504 534/791/534 532/787/530
f 532/787/530 534/791/534 562/792/535 560/789/532
f 533/759/504 535/762/506 536/793/536 534/791/534
f 534/791/534 536/793/536 563/794/537 562/792/535
f 535/762/506 537/764/508 538/795/538 536/793/536
f 536/793/536 538/795/538 564/796/539 563/794/537
f 537/764/508 540/766/510 541/797/540 538/795/538
f 538/795/538 541/797/540 565/798/541 564/796/539
f 540/766/510 543/768/512 544/799/542 541/797/540
f 541/797/540 544/799/542 566/800/543 565/798/541
f 543/768/512 546/770/514 547/801/544 544/799/542
f 544/799/542 547/801/544 567/802/545 566/800/543
f 546/770/514 549/772/516 550/803/546 547/801/544
f 547/801/544 550/803/546 568/804/547 567/802/545
f 549/772/516 552/774/517 553/805/548 550/803/546
f 550/803/546 553/805/548 569/806/549 568/804/547
f 552/774/517 555/776/519 556/807/550 553/805/548
f 553/805/548 556/807/550 570/808/551 569/806/549
f 555/776/519 558/778/521 559/809/552 556/807/550
f 556/807/550 559/809/552 571/810/553 570/808/551
f 558/778/521 528/785/528 529/788/531 559/809/552
f 559/809/552 529/788/531 561/790/533 571/810/553
f 558/778/521 526/777/520 515/786/529 528/785/528
f 527/811/554 561/790/533 560/789/532
f 527/811/554 560/789/532 562/792/535
f 527/811/554 562/792/535 563/794/537
f 527/811/554 563/794/537 564/796/539
f 527/811/554 564/796/539 565/798/541
f 527/811/554 565/798/541 566/800/543
f 527/811/554 566/800/543 567/802/545
f 527/811/554 567/802/545 568/804/547
f 527/811/554 568/804/547 569/806/549
f 527/811/554 569/806/549 570/808/551
f 527/811/554 570/808/551 571/810/553
f 527/811/554 571/810/553 561/790/533
f 592/812/555 582/813/556 603/814/557 602/815/558
f 596/782/525 580/816/559 597/817/560 600/783/526
f 584/818/561 578/819/562 607/820/563 606/821/564
f 582/813/556 576/822/565 604/823/566 603/814/557
f 580/816/559 585/824/567 598/825/568 597/817/560
f 588/826/569 589/827/570 601/828/571 608/829/572
f 578/819/562 593/781/524 599/784/527 607/820/563
f 576/822/565 573/830/573 605/831/574 604/823/566
f 585/824/567 588/826/569 608/829/572 598/825/568
f 589/827/570 592/812/555 602/815/558 601/828/571
f 573/830/573 584/818/561 606/821/564 605/831/574
f 517/832/575 516/833/576 586/834/576 579/835/575
f 587/836/529 590/837/520 589/838/520 588/839/529
f 515/840/577 526/841/578 590/842/578 587/843/577
f 577/844/509 594/845/507 593/846/507 578/847/509
f 520/848/579 519/849/580 594/850/580 577/851/579
f 575/852/515 574/853/513 573/854/513 576/855/515
f 523/856/581 522/857/582 574/858/582 575/859/581
f 586/860/523 587/836/529 588/839/529 585/861/523
f 516/833/576 515/840/577 587/843/577 586/834/576
f 590/837/520 591/862/518 592/863/518 589/838/520
f 526/841/578 525/864/583 591/865/583 590/842/578
f 574/853/513 583/866/511 584/867/511 573/854/513
f 522/857/582 521/868/584 583/869/584 574/858/582
f 579/870/505 586/860/523 585/861/523 580/871/505
f 524/872/585 523/856/581 575/859/581 581/873/585
f 581/874/46 575/852/515 576/855/515 582/875/46
f 521/868/584 520/848/579 577/851/579 583/869/584
f 583/866/511 577/844/509 578/847/509 584/867/511
f 518/876/586 517/832/575 579/835/575 595/877/586
f 595/878/49 579/870/505 580/871/505 596/879/49
f 525/864/583 524/872/585 581/873/585 591/865/583
f 591/862/518 581/874/46 582/875/46 592/863/518
f 519/849/580 518/876/586 595/877/586 594/850/580
f 594/845/507 595/878/49 596/879/49 593/846/507
f 530/880/587 597/881/560 598/882/568
f 530/880/587 599/883/527 600/884/526
f 530/880/587 601/885/571 602/886/558
f 530/880/587 602/886/558 603/887/557
f 530/880/587 603/887/557 604/888/566
f 530/880/587 604/888/566 605/889/574
f 530/880/587 605/889/574 606/890/564
f 530/880/587 606/890/564 607/891/563
f 530/880/587 607/891/563 599/883/527
f 530/880/587 600/884/526 597/881/560
f 530/880/587 598/882/568 608/892/572
f 530/880/587 608/892/572 601/885/571
f 548/893/511 545/894/511 557/895/511 572/896/511
f 542/897/49 539/898/49 545/899/49 548/900/49
f 554/901/529 551/902/529 539/903/529 542/904/529
f 572/905/46 557/906/46 551/907/46 554/908/46
f 630/909/588 633/910/589 650/911/590 649/912/591
f 629/913/592 619/914/593 653/915/594 652/916/595
f 633/910/589 617/917/596 647/918/597 650/911/590
f 621/919/598 615/920/599 657/921/600 656/922/601
f 619/914/593 613/923/602 654/924/603 653/915/594
f 617/917/596 622/925/604 648/926/605 647/918/597
f 625/927/606 626/928/607 651/929/608 658/930/609
f 615/920/599 630/909/588 649/912/591 657/921/600
f 613/923/602 610/931/610 655/932/611 654/924/603
f 622/925/604 625/927/606 658/930/609 648/926/605
f 626/928/607 629/913/592 652/916/595 651/929/608
f 610/931/610 621/919/598 656/922/601 655/932/611
f 637/933/612 635/934/613 623/935/614 616/936/615
f 624/937/529 627/938/520 626/939/520 625/940/529
f 636/941/616 646/942/617 627/943/618 624/944/619
f 614/945/509 631/946/507 630/947/507 615/948/509
f 640/949/620 639/950/621 631/951/622 614/952/623
f 612/953/515 611/954/513 610/955/513 613/956/515
f 643/957/624 642/958/625 611/959/626 612/960/627
f 623/961/523 624/937/529 625/940/529 622/962/523
f 635/934/613 636/941/616 624/944/619 623/935/614
f 627/938/520 628/963/518 629/964/518 626/939/520
f 646/942/617 645/965/628 628/966/629 627/943/618
f 611/954/513 620/967/511 621/968/511 610/955/513
f 642/958/625 641/969/630 620/970/631 611/959/626
f 616/971/505 623/961/523 622/962/523 617/972/505
f 644/973/632 643/957/624 612/960/627 618/974/633
f 618/975/46 612/953/515 613/956/515 619/976/46
f 641/969/630 640/949/620 614/952/623 620/970/631
f 620/967/511 614/945/509 615/948/509 621/968/511
f 638/977/634 637/933/612 616/936/615 632/978/635
f 632/979/49 616/971/505 617/972/505 633/980/49
f 645/965/628 644/973/632 618/974/633 628/966/629
f 628/963/518 618/975/46 619/976/46 629/964/518
f 639/950/621 638/977/634 632/978/635 631/951/622
f 631/946/507 632/979/49 633/980/49 630/947/507
f 609/981/554 636/982/616 635/983/613
f 609/981/554 635/983/613 637/984/612
f 609/981/554 637/984/612 638/985/634
f 609/981/554 638/985/634 639/986/621
f 609/981/554 639/986/621 640/987/620
f 609/981/554 640/987/620 641/988/630
f 609/981/554 641/988/630 642/989/625
f 609/981/554 642/989/625 643/990/624
f 609/981/554 643/990/624 644/991/632
f 609/981/554 644/991/632 645/992/628
f 609/981/554 645/992/628 646/993/617
f 609/981/554 646/993/617 636/982/616
f 634/994/587 647/995/597 648/996/605
f 634/994/587 649/997/591 650/998/590
f 634/994/587 651/999/608 652/1000/595
f 634/994/587 652/1000/595 653/1001/594
f 634/994/587 653/1001/594 654/1002/603
f 634/994/587 654/1002/603 655/1003/611
f 634/994/587 655/1003/611 656/1004/601
f 634/994/587 656/1004/601 657/1005/600
f 634/994/587 657/1005/600 649/997/591
f 634/994/587 650/998/590 647/995/597
f 634/994/587 648/996/605 658/1006/609
f 634/994/587 658/1006/609 651/999/608
f 677/1007/504 661/1008/505 662/1009/49 679/1010/506
f 679/1010/506 662/1009/49 663/1011/507 681/1012/508
f 681/1012/508 663/1011/507 664/1013/509 684/1014/510
f 684/1014/510 664/1013/509 665/1015/511 687/1016/512
f 687/1016/512 665/1015/511 666/1017/513 690/1018/514
f 690/1018/514 666/1017/513 667/1019/515 693/1020/516
f 693/1020/516 667/1019/515 668/1021/46 696/1022/517
f 696/1022/517 668/1021/46 669/1023/518 699/1024/519
f 699/1024/519 669/1023/518 670/1025/520 702/1026/521
f 675/1027/522 660/1028/523 661/1008/505 677/1007/504
f 737/1029/524 740/1030/525 744/1031/526 743/1032/527
f 672/1033/528 659/1034/529 660/1028/523 675/1027/522
f 672/1033/528 675/1027/522 676/1035/530 673/1036/531
f 673/1036/531 676/1035/530 704/1037/532 705/1038/533
f 675/1027/522 677/1007/504 678/1039/534 676/1035/530
f 676/1035/530 678/1039/534 706/1040/535 704/1037/532
f 677/1007/504 679/1010/506 680/1041/536 678/1039/534
f 678/1039/534 680/1041/536 707/1042/537 706/1040/535
f 679/1010/506 681/1012/508 682/1043/538 680/1041/536
f 680/1041/536 682/1043/538 708/1044/539 707/1042/537
f 681/1012/508 684/1014/510 685/1045/540 682/1043/538
f 682/1043/538 685/1045/540 709/1046/541 708/1044/539
f 684/1014/510 687/1016/512 688/1047/542 685/1045/540
f 685/1045/540 688/1047/542 710/1048/543 709/1046/541
f 687/1016/512 690/1018/514 691/1049/544 688/1047/542
f 688/1047/542 691/1049/544 711/1050/545 710/1048/543
f 690/1018/514 693/1020/516 694/1051/546 691/1049/544
f 691/1049/544 694/1051/546 712/1052/547 711/1050/545
f 693/1020/516 696/1022/517 697/1053/548 694/1051/546
f 694/1051/546 697/1053/548 713/1054/549 712/1052/547
f 696/1022/517 699/1024/519 700/1055/550 697/1053/548
f 697/1053/548 700/1055/550 714/1056/551 713/1054/549
f 699/1024/519 702/1026/521 703/1057/552 700/1055/550
f 700/1055/550 703/1057/552 715/1058/553 714/1056/551
f 702/1026/521 672/1033/528 673/1036/531 703/1057/552
f 703/1057/552 673/1036/531 705/1038/533 715/1058/553
f 702/1026/521 670/1025/520 659/1034/529 672/1033/528
f 671/1059/554 705/1038/533 704/1037/532
f 671/1059/554 704/1037/532 706/1040/535
f 671/1059/554 706/1040/535 707/1042/537
f 671/1059/554 707/1042/537 708/1044/539
f 671/1059/554 708/1044/539 709/1046/541
f 671/1059/554 709/1046/541 710/1048/543
f 671/1059/554 710/1048/543 711/1050/545
f 671/1059/554 711/1050/545 712/1052/547
f 671/1059/554 712/1052/547 713/1054/549
f 671/1059/554 713/1054/549 714/1056/551
f 671/1059/554 714/1056/551 715/1058/553
f 671/1059/554 715/1058/553 705/1038/533
f 736/1060/555 726/1061/556 747/1062/557 746/1063/558
f 740/1030/525 724/1064/559 741/1065/560 744/1031/526
f 728/1066/561 722/1067/562 751/1068/563 750/1069/564
f 726/1061/556 720/1070/565 748/1071/566 747/1062/557
f 724/1064/559 729/1072/567 742/1073/568 741/1065/560
f 732/1074/569 733/1075/570 745/1076/571 752/1077/572
f 722/1067/562 737/1029/524 743/1032/527 751/1068/563
f 720/1070/565 717/1078/573 749/1079/574 748/1071/566
f 729/1072/567 732/1074/569 752/1077/572 742/1073/568
f 733/1075/570 736/1060/555 746/1063/558 745/1076/571
f 717/1078/573 728/1066/561 750/1069/564 749/1079/574
f 661/1080/575 660/1081/576 730/1082/576 723/1083/575
f 731/1084/529 734/1085/520 733/1086/520 732/1087/529
f 659/1088/577 670/1089/578 734/1090/578 731/1091/577
f 721/1092/509 738/1093/507 737/1094/507 722/1095/509
f 664/1096/579 663/1097/580 738/1098/580 721/1099/579
f 719/1100/515 718/1101/513 717/1102/513 720/1103/515
f 667/1104/581 666/1105/582 718/1106/582 719/1107/581
f 730/1108/523 731/1084/529 732/1087/529 729/1109/523
f 660/1081/576 659/1088/577 731/1091/577 730/1082/576
f 734/1085/520 735/1110/518 736/1111/518 733/1086/520
f 670/1089/578 669/1112/583 735/1113/583 734/1090/578
f 718/1101/513 727/1114/511 728/1115/511 717/1102/513
f 666/1105/582 665/1116/584 727/1117/584 718/1106/582
f 723/1118/505 730/1108/523 729/1109/523 724/1119/505
f 668/1120/585 667/1104/581 719/1107/581 725/1121/585
f 725/1122/46 719/1100/515 720/1103/515 726/1123/46
f 665/1116/584 664/1096/579 721/1099/579 727/1117/584
f 727/1114/511 721/1092/509 722/1095/509 728/1115/511
f 662/1124/586 661/1080/575 723/1083/575 739/1125/586
f 739/1126/49 723/1118/505 724/1119/505 740/1127/49
f 669/1112/583 668/1120/585 725/1121/585 735/1113/583
f 735/1110/518 725/1122/46 726/1123/46 736/1111/518
f 663/1097/580 662/1124/586 739/1125/586 738/1098/580
f 738/1093/507 739/1126/49 740/1127/49 737/1094/507
f 674/1128/587 741/1129/560 742/1130/568
f 674/1128/587 743/1131/527 744/1132/526
f 674/1128/587 745/1133/571 746/1134/558
f 674/1128/587 746/1134/558 747/1135/557
f 674/1128/587 747/1135/557 748/1136/566
f 674/1128/587 748/1136/566 749/1137/574
f 674/1128/587 749/1137/574 750/1138/564
f 674/1128/587 750/1138/564 751/1139/563
f 674/1128/587 751/1139/563 743/1131/527
f 674/1128/587 744/1132/526 741/1129/560
f 674/1128/587 742/1130/568 752/1140/572
f 674/1128/587 752/1140/572 745/1133/571
f 692/1141/511 689/1142/511 701/1143/511 716/1144/511
f 686/1145/49 683/1146/49 689/1147/49 692/1148/49
f 698/1149/529 695/1150/529 683/1151/529 686/1152/529
f 716/1153/46 701/1154/46 695/1155/46 698/1156/46
f 774/1157/588 777/1158/589 794/1159/590 793/1160/591
f 773/1161/592 763/1162/593 797/1163/594 796/1164/595
f 777/1158/589 761/1165/596 791/1166/597 794/1159/590
f 765/1167/598 759/1168/599 801/1169/600 800/1170/601
f 763/1162/593 757/1171/602 798/1172/603 797/1163/594
f 761/1165/596 766/1173/604 792/1174/605 791/1166/597
f 769/1175/606 770/1176/607 795/1177/608 802/1178/609
f 759/1168/599 774/1157/588 793/1160/591 801/1169/600
f 757/1171/602 754/1179/610 799/1180/611 798/1172/603
f 766/1173/604 769/1175/606 802/1178/609 792/1174/605
f 770/1176/607 773/1161/592 796/1164/595 795/1177/608
f 754/1179/610 765/1167/598 800/1170/601 799/1180/611
f 781/1181/612 779/1182/613 767/1183/614 760/1184/615
f 768/1185/529 771/1186/520 770/1187/520 769/1188/529
f 780/1189/616 790/1190/617 771/1191/618 768/1192/619
f 758/1193/509 775/1194/507 774/1195/507 759/1196/509
f 784/1197/620 783/1198/621 775/1199/622 758/1200/623
f 756/1201/515 755/1202/513 754/1203/513 757/1204/515
f 787/1205/624 786/1206/625 755/1207/626 756/1208/627
f 767/1209/523 768/1185/529 769/1188/529 766/1210/523
f 779/1182/613 780/1189/616 768/1192/619 767/1183/614
f 771/1186/520 772/1211/518 773/1212/518 770/1187/520
f 790/1190/617 789/1213/628 772/1214/629 771/1191/618
f 755/1202/513 764/1215/511 765/1216/511 754/1203/513
f 786/1206/625 785/1217/630 764/1218/631 755/1207/626
f 760/1219/505 767/1209/523 766/1210/523 761/1220/505
f 788/1221/632 787/1205/624 756/1208/627 762/1222/633
f 762/1223/46 756/1201/515 757/1204/515 763/1224/46
f 785/1217/630 784/1197/620 758/1200/623 764/1218/631
f 764/1215/511 758/1193/509 759/1196/509 765/1216/511
f 782/1225/634 781/1181/612 760/1184/615 776/1226/635
f 776/1227/49 760/1219/505 761/1220/505 777/1228/49
f 789/1213/628 788/1221/632 762/1222/633 772/1214/629
f 772/1211/518 762/1223/46 763/1224/46 773/1212/518
f 783/1198/621 782/1225/634 776/1226/635 775/1199/622
f 775/1194/507 776/1227/49 777/1228/49 774/1195/507
f 753/1229/554 780/1230/616 779/1231/613
f 753/1229/554 779/1231/613 781/1232/612
f 753/1229/554 781/1232/612 782/1233/634
f 753/1229/554 782/1233/634 783/1234/621
f 753/1229/554 783/1234/621 784/1235/620
f 753/1229/554 784/1235/620 785/1236/630
f 753/1229/554 785/1236/630 786/1237/625
f 753/1229/554 786/1237/625 787/1238/624
f 753/1229/554 787/1238/624 788/1239/632
f 753/1229/554 788/1239/632 789/1240/628
f 753/1229/554 789/1240/628 790/1241/617
f 753/1229/554 790/1241/617 780/1230/616
f 778/1242/587 791/1243/597 792/1244/605
f 778/1242/587 793/1245/591 794/1246/590
f 778/1242/587 795/1247/608 796/1248/595
f 778/1242/587 796/1248/595 797/1249/594
f 778/1242/587 797/1249/594 798/1250/603
f 778/1242/587 798/1250/603 799/1251/611
f 778/1242/587 799/1251/611 800/1252/601
f 778/1242/587 800/1252/601 801/1253/600
f 778/1242/587 801/1253/600 793/1245/591
f 778/1242/587 794/1246/590 791/1243/597
f 778/1242/587 792/1244/605 802/1254/609
f 778/1242/587 802/1254/609 795/1247/608
